scrape_timestamp,competitor,platform,review_date,star_rating,review_text,author,response_date,response_text
2026-02-24T08:25:52.743722,DAZN,Trustpilot,2026-02-23T23:21:04.000Z,1.0,"Ordered a pay per view fight in November and cancelled subscription immediately (or at least I thought I had). Didn’t check my account and discovered in Feb that I had paid 3 subscriptions of £24.95. Wrote to DAZN and they wouldn’t issue a refund even though they could see I hadn’t used their service. The cancellation process takes you through multiple pages before it completes and this is where things went wrong. DAZN state that their cancellation only takes minutes and admit there are multiple screens. The cancellation process should take seconds not minutes and be simple and uncomplicated. Also when I cancelled they wanted to charge me till the end of next month. Also during the cancellation process I finally completed ,I was offered the service at around half the price I had just paid. Who would have thought that Eddie Hearn would run an operation like this. I had a similar problem with another subscription and the vendor refunded immediately when they realised I hadn’t used their service service. BEWARE OF THIS SUPPLIER THEY WILL NOT BUDGE IF YOU MAKE AN ERROR WITH THEIR CANCELLATION SERVICE. One fight cost me £100.",Neil Halmshaw,2026-02-24T04:08:08.000Z,"Hi Neil! To assist you further and verify the details of your case, please reach out to us at daznsocialreviews@dazn.com with your DAZN-registered email ID and any relevant information. Our dedicated team will review your case and get back to you promptly."
2026-02-24T08:25:52.772566,DAZN,Trustpilot,2026-02-23T22:50:31.000Z,1.0,"Dazn somehow managed to allocate my debit card to someone else's account causing me to lose funds as I was charged! Fortunately, I noticed within a couple of months!!! They were not forthcoming with any help to solve this issue. I will never use them again.",Katie Burns,,
2026-02-24T08:25:52.775097,DAZN,Trustpilot,2026-02-23T19:46:46.000Z,1.0,Be very careful. They sign you up for a free 7 day trial just so you can watch 1 fight. Then they automatically renew your subscription without warning you.  They are thieves. DO NOT SUBSCRIBE YOU WILL BE DISSATISFIED AND ROBBED,Tony Selinger,2026-02-23T20:30:55.000Z,"Hello Tony, we'd like to check your case. Please reach out to us at daznsocialreviews@dazn.com and share your DAZN registered email and further details of the issue. It will help us verify your situation more effectively. Thanks"
2026-02-24T08:25:52.777337,DAZN,Trustpilot,2026-02-23T09:23:51.000Z,1.0,This company do not stop taking monthly payments even when subscriptions are cancelled. Absolute pain and very clear this is how they make money … hmmmmmm,ed humphrey,,
2026-02-24T08:25:52.780546,DAZN,Trustpilot,2026-02-23T06:23:40.000Z,1.0,Worst app ever! Paid to watch the fight and couldn’t. Lagging slow bs took my money for poor performance and won’t give back refunds bs! App is trash!,Tyniesha Roberson,2026-02-23T07:05:04.000Z,"Hello Tyniesha, thanks for reaching out. We’ve reviewed your case and can confirm our team is actively working on it through our support channels. We will come back to you as soon as possible. Please check your mailbox for updates. We truly appreciate your patience."
2026-02-24T08:25:52.782494,DAZN,Trustpilot,2026-02-23T06:16:55.000Z,1.0,Lagging worst app I ever downloaded and won’t give refund back never again this app is trash. Couldn’t watch the fight bs,Tyniesha Roberson,2026-02-23T07:07:19.000Z,"Hello Tyniesha, thanks for reaching out. We’ve reviewed your case and can confirm our team is actively working on it through our support channels. We will come back to you as soon as possible. Please check your mailbox for updates. We truly appreciate your patience."
2026-02-24T08:25:52.794406,DAZN,Trustpilot,2026-02-22T23:20:05.000Z,1.0,Complete rip offI paid £24.99 to watch one fight on the 15th November Eubanks vs Ben and they carried on taking my money each month which has now added up to £124.95 Which I have just noticed. This is disgusting and would not trust this company.,Steven Gibbons,2026-02-23T06:13:52.000Z,"Hi Steven, we're here to help. Please email us at daznsocialreviews@dazn.com from your DAZN registered email address, with screenshots / details of the charges you've mentioned and this reviewer ID only privately via email. This will allow us to review your case and assist you further."
2026-02-24T08:25:52.800788,DAZN,Trustpilot,2026-02-22T19:16:37.000Z,1.0,Paid for a PPV fight then continued to be charged on monthly subscription - no confirmation email/information about the ‘subscription’ I had signed up to!,Alistair Irwin,2026-02-22T21:17:47.000Z,"Hello, thanks for reaching out. We’ve reviewed your case and can confirm our team is actively working on it through our support channels. We will come back to you as soon as possible. Please check your mailbox for updates. We truly appreciate your patience."
2026-02-24T08:25:52.804282,DAZN,Trustpilot,2026-02-22T18:14:34.000Z,1.0,"It´s a scam, they advertise with 5 matches a week in LaLiga giving the impression that you can watch 5 matches of your choice. But that´s not the deal, they broadcast 5 games nobody cares about and wit some luck they broadcast one of the top teams. It´s a bad deal, an even worse company. Don´t let them fool you!!",Familia Tourni,,
2026-02-24T08:25:52.807856,DAZN,Trustpilot,2026-02-22T17:20:34.000Z,1.0,Absolutely disgusting con company! I can’t believe it. I have been watching DAZN for years. On fight night you used to pay to watch the fight and subscribe for a month. They have now made it look like you are paying for a month and then have the annual price which you assume is what the total would be to compare to the annual. But they then lock you in for a year with no way out of the contract! I am currently going through citizens advice. They give no cooling off period and not even a way to pay to get out. An outright scam! And there customer service doesn’t help at all! Please Avoid.,Perry Laming,2026-02-22T19:40:04.000Z,"Hello, Thank you for reaching out. We greatly appreciate you as a long-standing customer. We have reviewed your case and can confirm that our team is actively working on it through our support channels. We will get back to you as soon as possible. Please check your mailbox for updates. We truly appreciate your patience."
2026-02-24T08:25:52.811209,DAZN,Trustpilot,2026-02-22T15:35:53.000Z,1.0,The same issue as many people are reportingI signed up to DAZN to watch one match the subscription terms were not made clear at sign‑up. I though that I was signing up a monthly option they put me in a yearly contract in a different subscription and I never got a confirmation e-mail. I have contacted the Customer Center but they do not want to solve the issue. I have the impression of have been scammed.,Roberto Gutiérrez,2026-02-22T16:59:59.000Z,"hello Roberto, Thank you for reaching out. We have reviewed your case and can confirm that our team is actively working on it through our support channels. We will get back to you as soon as possible. Please check your mailbox for updates. We appreciate your patience."
2026-02-24T08:25:52.815629,DAZN,Trustpilot,2026-02-21T21:28:17.000Z,1.0,"One star is too generous for DAZN in 2026. This service has become an absolute scam.The fees are outrageously overpriced for the quality provided. Despite the premium price tag, you are forced to sit through constant, unblockable ads that interrupt the experience. It is a total bait-and-switch; their false and misleading advertising promises a premium viewing experience, but the reality is slow, laggy streams that constantly buffer during the most critical moments of a match. They promise 12+ PPVs with an Ultimate subscription, this is a complete lie and not the case.To make matters worse, their customer service is horrible. If you experience technical issues or accidental billing, expect to be met with automated loops or unhelpful agents who specialize in refusing refunds. They will keep your money regardless of whether their service actually works. Save your money and stay far away from this platform.",Mitch,2026-02-21T22:24:07.000Z,"Hi, Thanks for reaching out and sharing your detailed feedback. We're here to help and would like to review your case. Please email us at daznsocialreviews@dazn.com from your DAZN registered email address, including details about your concern and this reviewer ID – only privately via email. This will allow us to investigate and assist you further."
2026-02-24T08:25:52.840386,DAZN,Trustpilot,2026-02-21T20:34:52.000Z,1.0,"Too many App related ads I do not care about - Mostly Wresting and things I have no interest in- I even get these during live games. Not only that, they have taken 50+ dollars when the subscription is 32, Of course there is a fee that would be involved, but 2/3rds of the subscription price is idiotic and daylight robbery.Only had It for UCL, But Won't resubscribe.",Reg Greenwood-A'court,,
2026-02-24T08:25:52.845511,DAZN,Trustpilot,2026-02-18T17:02:37.000Z,1.0,"I tried to cancel my subscription after many years of being a happy customer. The website asked me 5 times why I want to cancel and tried to have me not cancel. Then, in the end, it won't even let me cancel without 1) calling their call center during office hours, or 2) chatting online. So I chatted online and the agent refused to cancel my subscription. I have screenshots of this and will sue the company if I still see a charge from them.",Thor,2026-02-18T22:22:18.000Z,"Hello, Thankyou for reaching out. We greatly appreciate you as a long-standing customer. We are here to help you and would like to review your case. Please contact us at daznsocialreviews@dazn.com from your email address registered with DAZN, with more details about your concern and this review ID privately via email. This will help us verify your situation and assist you better."
2026-02-24T08:25:52.849644,DAZN,Trustpilot,2026-02-18T08:01:23.000Z,1.0,"Honestly a joke, what do you mean once I sign up I’m stuck for 6 months paying this terrible subscription that cuts in and out constantly 💀",Maddi,2026-02-18T08:16:42.000Z,"Hello, we're here to help. To help us review and investigate please email us at daznsocialreviews@dazn.com from your DAZN-registered email address along with your subscription details and this reviewer ID privately. Our dedicated team will review your case and assist you further"
2026-02-24T08:25:52.886850,DAZN,Trustpilot,2026-02-17T18:20:03.000Z,1.0,"Misleading 12‑Month Contract. No Confirmation Email and Refusal to RefundI signed up to DAZN in November 2025 to watch one match and had no idea I was being locked into a 12‑month contract. The subscription terms were not made clear at sign‑up, and I never received any confirmation email or documentation outlining the contract length, total cost, or cancellation terms.When I contacted customer service, they repeatedly ignored the legal issue and kept sending scripted responses saying I had “accessed content” so I must pay for the full year. They have refused to cancel the contract early or issue a refund, even though I only used the service once and did not give informed consent to a year‑long agreement.I have since found many similar complaints from other customers who were caught out in the same way. This feels like a misleading subscription practice, and I am now escalating the matter to my bank and Citizens Advice.Very disappointed and would not recommend DAZN based on this experience.",Lucy Palmer,2026-02-17T20:30:58.000Z,"Hello Lucy, we'd like to check your case. Please email us at daznsocialreviews@dazn.com from your DAZN-registered email address, details of your concern, and this reviewer ID – only privately via email. This will allow us to review your case and assist you further."
2026-02-24T08:25:52.963999,DAZN,Trustpilot,2026-02-17T03:17:13.000Z,2.0,"Took Rugby away, some cancelled. I will get no use of it and it will continue to charge me in til November.",Stu,2026-02-17T03:54:32.000Z,"Hi, we're here to help. Please email us at daznsocialreviews@dazn.com from your DAZN registered email address, with screenshots / details of the charges you've mentioned, subscription details and this reviewer ID only privately via email. This will allow us to review your case and assist you further."
2026-02-24T08:25:52.989198,DAZN,Trustpilot,2026-02-16T18:21:56.000Z,5.0,Git git jest ok,Adrian Stepien,2026-02-16T20:07:21.000Z,"Cześć! Dziękujemy za miłe słowa i ocenę 5 gwiazdek! Doceniamy, że jesteśmy w Waszym gronie."
2026-02-24T08:25:52.992513,DAZN,Trustpilot,2026-02-16T15:43:31.000Z,1.0,Signed to watch a fight now find im in 12 month contract cancelled but still being charged till November cant speak totanyone and cant affird payments feel like ive been scammed,peter barcham,2026-02-16T16:40:57.000Z,"Hello Peter, thanks for reaching out. We’ve reviewed your case and can confirm our team is actively working on it through our support channels. We will come back to you as soon as possible. Please check your mailbox for updates. We truly appreciate your patience."
2026-02-24T08:25:53.034253,DAZN,Trustpilot,2026-02-16T06:58:29.000Z,1.0,"I WISH I CAN PUT A NEGATIVE 5 🌟'S FOR THEM. THEY OFFER A 7 DAY FREE TRIAL, BUT YOU MUST SUBMIT CREDIT CARD INFO FOR ACCESS. YOUR CARD IS CHARGED IMMEDIATELY $69.99. WHEN THE TRIAL PERIOD IS OVER, THEY WILL NOT REFUND YOU. CUSTOMER SERVICE IS TRASH!!!",Robert Hammond,2026-02-16T09:52:18.000Z,"Hi Robert, thank you for reaching out and sharing your experience. We understand that you’ve already been in contact with our support team, and we’re sorry to hear that your experience hasn’t been positive. Please reach out to our dedicated team at daznsocialreviews@dazn.com with your DAZN-registered email ID and your reviewer ID, privately via email, and we’ll look into this further to explore possible options. Thank you for your patience."
2026-02-24T08:25:53.084569,DAZN,Trustpilot,2026-02-12T18:14:22.000Z,1.0,Stay well clear you sign up to watch 1 fight pay per view then they repeatedly take money out of your account . Its nion impossible to cancel ive had to take all my money out of account moved to my second account to stop them thieving from me . Ive now had to deal with my bank trying to claim 8 months worth of money back . Not happy at all .,Steve Bowtell,2026-02-12T21:09:14.000Z,"Hello Steve, we'd like to check your case.  Please email us at daznsocialreviews@dazn.com from your DAZN-registered email address, details of your concern, and this reviewer ID – only privately via email. This will allow us to review your case and assist you further."
2026-02-24T08:25:53.095377,DAZN,Trustpilot,2026-02-12T05:46:51.000Z,1.0,"Extremely terrible streaming service. This money hungry platform is the worst of all. It's quality isn't bad at all, although, their cancelling feature is terrible. I bought this for the NFL season the recently ended and wanted to cancel, now I find out that it's uncancelable for 1 YEAR. This is extremely embarrassing since other platforms offer cancelation and cost less per month. DAZN is a scam and spend your money elsewhere.",Davin Behboudi,,
2026-02-24T08:25:53.103662,DAZN,Trustpilot,2026-02-11T22:10:31.000Z,1.0,"after paying for an event, unable to watch it on tv, only phone, contacted dazn but unable to fix issue, after 2 hours of trying event started so I ASKED FOR REFUND, they disconnect watched the event on phone and contacted dazn 3 days later but they don't care did not credit back and charge me again for an extra month of service when I canceled there 7 day free trial",cesar mendez,2026-02-12T05:19:34.000Z,"Hi Cesar, thank you for reaching out and sharing your experience. We understand that you’ve already been in contact with our support team, and we’re sorry to hear that your experience hasn’t been positive. Please reach out to our dedicated team at daznsocialreviews@dazn.com with your DAZN-registered email ID and this reviewer ID, shared privately via email, and we’ll look into this further to explore possible options. Thank you for your patience."
2026-02-24T08:25:53.164180,DAZN,Trustpilot,2026-02-10T13:59:03.000Z,5.0,"I wanted to watch the Super Bowl this year and after realising it was on Channel 5 this year (can’t get the app on my PS5) I saw that DAZN was selling it for just 99p. The app was easy to download and I was very impressed with the coverage and quality of the broadcast, it didn’t lag or cut out once. Very impressed with DAZN, good value for money and would definitely use again.",Cai Slade,2026-02-10T15:15:40.000Z,"Hello, Thank you so much for the 5-star rating and your wonderful feedback. We’re always working to elevate the experience, and it’s great to hear that it’s meeting your expectations. Stay tuned—there’s more to come!"
2026-02-24T08:25:53.177164,DAZN,Trustpilot,2026-02-09T18:23:06.000Z,1.0,"DANZ is an extortionate and fraudulent platform. Beware of fault advertising, they will not provide email confirmation of cancellation and still over charge your account. The worst online streaming platform to ever exist. I regret my attempt to use this corrupt platform.",tunji ishau,2026-02-09T22:17:19.000Z,"Hi, we’d never want any of our customers to have such a perception about us. Please elaborate on your concern at daznsocialreviews@dazn.com from your DAZN‑registered email ID, and your reviewer ID - only privately via email - it will help us investigate more effectively. We look forward to assisting you."
2026-02-24T08:25:53.394030,DAZN,Trustpilot,2026-02-09T17:40:05.000Z,1.0,"Misleading advertising! The website says ""You can change your plan or cancel anytime.""  However what they do not tell you is that they will charge you extra fees to change or cancel your subscription.  I signed up for what I thought was a monthly subscription (I wanted to watch a single sporting event.) After the sporting event, I had no further use for the subscription and tried to cancel it - to my surprise, I was informed that it would be cancelled ONE YEAR FROM NOW and that I would still be on the hook for monthly payments until then. When I contacted their customer service to try to cancel immediately, I was told I could only do so by paying a fee.  Very sneaky!  STAY AWAY!",Jaye,2026-02-09T22:13:24.000Z,"Hello, we'd like to check your case. Please email us at daznsocialreviews@dazn.com from your DAZN-registered email address, details of your concern, and this reviewer ID – only privately via email. This will allow us to review your case and assist you further."
2026-02-24T08:25:53.400655,DAZN,Trustpilot,2026-02-12T11:13:03.000Z,3.0,"Disgusting customer service! Disgusting service also. Took out a subscription but due to a significant change in my finances I requested they cancel it with immediate effect. They blatantly refused until the end of the minimum term. Spoke to 2 'people' who have zero empathy & just read from computer screens. Refused to even try understand & just shut the conversation down with total arrogance & disrespect. I wouldn't mind but the picture & sound quality of the National league football is appalling. Do not use this service, they are money grabbers & offer an appalling service. Complaining to OFTEL about them.Update: Contacted the below email address & they resolved the issue. Still only 3 stars though due to my first posing of contact",NRG,2026-02-09T22:08:18.000Z,"Hello, we'd like to check your case. Please email us at daznsocialreviews@dazn.com from your DAZN registered email address, details of your concern, and this reviewer ID – only privately via email. This will allow us to review your case and assist you further."
2026-02-24T08:25:53.562138,DAZN,Trustpilot,2026-02-09T16:24:51.000Z,1.0,Utterly disgraceful service. Offering per month payments that were then forced into continuing even after the NFL season ended. A ridiculous amount that customers have to over pay. Plus they do not offer all games. Plus they are constantly trying to charge you for other sports you have no interest in. Customer service is atrocious.,Paul Stenning,2026-02-09T16:48:03.000Z,"Hi Paul, Thanks for reaching out and sharing your thoughts. We are sorry that your experience was not positive and want to make things right for you. Please contact our dedicated team at daznsocialreviews@dazn.com with this reviewer ID privately via email, and we will explore further options. Thanks"
2026-02-24T08:25:53.677705,DAZN,Trustpilot,2026-02-09T11:27:38.000Z,1.0,Awful service.Superbowl impossible to watch in the original (American) stream (low resolution first then lack of image) while the supposed local language was working fine and with the proper screen resolution showing that it was a band width issue from DANZ itself.Monopolies like this are a total disgrace and either get into the way of the fans passion for the sport or invite using VPN workarounds.,Nuno Prazeres,2026-02-09T12:44:05.000Z,"Hello Nuno, thank you for being our valued customer, and we are here to help. We have reviewed your case and can confirm that it is being handled through our support channels. Please check your inbox for updates, and thank you for your patience."
2026-02-24T08:25:53.680834,DAZN,Trustpilot,2026-02-09T06:11:54.000Z,1.0,"Holy scam this is the worst company ever, twice they've done the same bullshit to me forcing me into a locked yearly contract and then i have to ""pay a fee to switch to the flexible plan"", I really don't understand how the average rating is so high this shit needs to be reported to the fraud department",Laurent Dube,2026-02-09T06:44:12.000Z,"Hi Laurent, thank you for reaching out and sharing your experience. We understand that you’ve already been in contact with our support team, and that your experience hasn’t been as positive as expected. Please reach out to our dedicated team at daznsocialreviews@dazn.com, and we’ll look into this further. Thank you for your patience."
2026-02-24T08:25:53.684857,DAZN,Trustpilot,2026-02-09T03:56:13.000Z,1.0,Stream quality is worse than other services and they wont allow you to cancel anytime,Nikita Andreev,2026-02-09T04:50:42.000Z,"Hi Nikita! That’s not the kind of experience we aim to deliver. Please email us at daznsocialreviews@dazn.com from your DAZN‑registered email ID and we will look into your case. If you could share device details, relevant screenshots/screen recordings, and this reviewer ID - only privately via email - it will help us investigate and assist you further."
2026-02-24T08:25:53.760942,DAZN,Trustpilot,2026-02-09T02:44:45.000Z,1.0,I am a subscriber and the super bowl wont stream what a joke,Rocjscrambler,2026-02-09T02:53:28.000Z,"Hi, for immediate support, you can reach out to us via chat at https://bit.ly/3Ms9OEe - our team will be happy to assist you."
2026-02-24T08:25:53.779730,DAZN,Trustpilot,2026-02-09T02:22:57.000Z,1.0,They tell you you can watch the playoffs for $9.99 but they leave out the fact it's part of a 1 year subscription.,Eric Hanson,2026-02-09T02:43:04.000Z,"Hello Eric, thanks for reaching out. We’ve reviewed your case and can confirm our team is actively working on it through our support channels. We will come back to you as soon as possible. Please check your mailbox for updates. We truly appreciate your patience."
2026-02-24T08:25:53.833797,DAZN,Trustpilot,2026-02-08T17:27:54.000Z,5.0,"On Super Bowl day, I wanted to get some predictions for the game and was super impressed with D2B, Downs to Business. I'm an aged business psychologist and used to assessing top performance. I have to give those brothers full marks for their gracefulness, ease and lack of ego while delivering good analysis. The guest format was cool and well handled. I was truly struck by their quotes from the bible at the end. Ace.",THOMAS KELLY,2026-02-09T00:53:41.000Z,"Hi Thomas! Thanks so much for the kind words! We're glad you're enjoying the content, and the quality meets your expectations. We’re always working to bring even more great moments to your screen. If you ever have suggestions or feedback, feel free to reach out to daznsocialreviews@dazn.com."
2026-02-24T08:25:53.945642,DAZN,Trustpilot,2026-02-07T17:31:23.000Z,1.0,"I only registered to DAZN to watch UK rugby, in particular the Six Nations Championship - I could get a single match! Useless",Sue Aggad,,
2026-02-24T08:25:54.079500,DAZN,Trustpilot,2026-02-07T17:15:43.000Z,1.0,"Absolutely the worst company I’ve ever had the misfortune to obtain a service from. Subscription terms are not clear, you’ll find yourself locked in a long term subscription without even knowing it. Requests to cancel subscription are completely ignored by DAZN so payments keep being taken. Even when you spend hours chatting to them online and they reassure you that you won’t pay any more, further payments get taken. Save yourself a massive headache and considerable financial loss and give this unprofessional, greedy and pathetic company a wide berth.",Chris Grey-Mika,2026-02-07T20:32:53.000Z,"Hello Chris, we'd like to check your case. Please email us at daznsocialreviews@dazn.com from your DAZN-registered email address, details of your concern, and this reviewer ID – only privately via email. This will allow us to review your case and assist you further."
2026-02-24T08:25:54.507045,DAZN,Trustpilot,2026-02-06T22:35:43.000Z,1.0,"DAZN does not allow me to pause my subscription, despite advertising flexibility. When I contacted customer support for help, they were not helpful and simply repeated terms and conditions instead of offering a solution.I clearly requested for my account to be paused, and this request was not accommodated. This lack of flexibility and poor support experience is frustrating, especially for a paid subscription service.I am again formally requesting that my account be paused immediately and that no further charges be applied. This experience has seriously damaged my trust in DAZN.",Eden Brown,2026-02-07T05:31:15.000Z,"Hi Eden, thank you for reaching out and sharing your experience. We understand that you’ve already been in contact with our support team, and we’re sorry to hear that your experience hasn’t been positive. Please reach out to our dedicated team at daznsocialreviews@dazn.com with your DAZN-registered email ID and this reviewer ID, share it privately via email, and we’ll look into this further to explore possible options. Thank you for your patience."
2026-02-24T08:25:54.696809,DAZN,Trustpilot,2026-02-06T14:44:09.000Z,1.0,Read the fine print they say you can cancel at any time and what they are saying you can can cancel your subscription but they will still charge you for the full year. I'm absolutely not impressed or happy with this company. Buyer beware they would have got no stars if I could pick that.,Jon Crane,,
2026-02-24T08:25:55.379330,DAZN,Trustpilot,2026-02-06T12:37:49.000Z,1.0,They make you jump through hoops to cancel. They also have a hidden clause that requires a 30 day notice to cancel. I've never heard of that for a digital service. That's basically robbery. I will never use them again.,Marcos,,
2026-02-24T08:25:56.083988,DAZN,Trustpilot,2026-02-05T07:23:48.000Z,1.0,"Like many other reviewers on here, I purchased the Ben vs Eubank 2 fight as a one off PPV but then discovered by chance that DAZN were taking monthly payments of £24.99 because I had been ""auto enrolled"" into a free trial. I had no knowledge that this had happened as I was not informed by DAZN at any time. I received an email confirming the purchase of the PPV event, there was nothing mentioned about the free trial. Based on my experience and other reviews I would say it's most likely that this company is knowingly misleading people and has a deliberate strategy to ""sign' people up without them knowingly doing so. I used the DAZN chat service to raise issue and they agreed to refund some payments as a ""goodwill"" gesture but not all. I have now contacted my bank to try and get the rest refunded. will not be using them again that's for sure.",Happy Customer,2026-02-05T05:09:08.000Z,"Hi, thank you for bringing this to our attention. To help us review and assist you further, please contact us at daznsocialreviews@dazn.com with your DAZN-registered email ID, screenshots/details of the charges you've mentioned, and this reviewer ID – only privately via email. Our team will look into this and support you accordingly."
2026-02-24T08:25:56.180695,DAZN,Trustpilot,2026-02-05T01:11:39.000Z,1.0,DO not subscribe.  For no reason they good money from my account FOR TWO YEARS.  they said they would refund me.   HAH.  They did bot have my account. I had to set one up.  Final y back returned what they could.  DAZN Repeatedly said they would refund me.  HAH. LIES.  DONT    I thank my subscription was attaced to PRIME or AMAZON.  TOTAL RIP OFF. They dont respond to emails,S W,2026-02-05T04:41:36.000Z,"Hi, thank you for bringing this to our attention. We're here to help. Please email us at daznsocialreviews@dazn.com from your DAZN registered email address, with screenshots/details of the charges you've mentioned and this reviewer ID – only privately via email. This will allow us to review your case and assist you further."
2026-02-24T08:25:56.189547,DAZN,Trustpilot,2026-02-04T22:54:33.000Z,1.0,No longer after signing up they decided to make all the good fights PPV. So they expect me to pay £10 a month and then even more for any of the big fights. I cancelled as soon as I could.,Stephen Goodwin,,
2026-02-24T08:25:56.272946,DAZN,Trustpilot,2026-02-04T20:14:57.000Z,1.0,One star for total failure in their customer handling forget what you sell when you cant treat the customer right. It's like a petty cash trap monthly payments for poor service go elsewhere save yourself the headache,Ana PGomez,2026-02-04T21:08:49.000Z,"Hello Ana, We're here to help and would like to check your case. Please reach out to us at daznsocialreviews@dazn.com from your DAZN-registered email, details of your concern and this reviewer id privately via email only. It will help us verify your situation and assist you further."
2026-02-24T08:25:56.278182,DAZN,Trustpilot,2026-02-04T09:42:21.000Z,1.0,"I signed up to DAZN purely to buy a single pay-per-view event (the boxing match between Shakur Stevenson and Teofimo Lopez on the 31st of January). In order to be able to purchase the pay per view I had to sign up for the “7-day free trial.” The moment after signing up for their free trial I receive an email claiming that I have signed up for a 12 month minimum subscription that cannot be cancelled. At no point was it made clear that by doing this I was being locked into a 12-MONTH CONTRACT with no way to cancel. What was advertised as a simple, one-off purchase has turned into an expensive, long-term commitment I never agreed to.The process is deliberately misleading. Because the price of the Pay-per-view is the same as the price of the monthly subscription, they can claim that you have agreed to the 12 month minimum subscription. Customer service has been completely unhelpful—generic responses, no willingness to resolve the issue, and zero accountability for their deceptive sign-up flow. This feels like a classic bait-and-switch designed to trap customers rather than provide a transparent service.I would strongly warn anyone: do NOT trust the services DAZN offers.Who knows what other schemes they practice.  If you only want a single event, you could end up tied into a year of payments with no fair exit. I will never use DAZN again and will be escalating this through consumer protection channels.",Daniel-Luca Gonta,2026-02-04T12:02:04.000Z,"Hello Daniel, thank you for sharing your detailed feedback. We understand that your experience did not meet expectations. We are here to help. Please email us at daznsocialreviews@dazn.com from your DAZN registered email address and this reviewer ID – only privately via email. This will allow us to review your case and assist you further."
2026-02-24T08:25:56.317934,DAZN,Trustpilot,2026-02-03T02:40:44.000Z,5.0,"Superb for NFL in the UK. I originally signed up to this in February 2024 to watch the Superbowl for 99p. The quality was dreadful. The app was atrocious, and the picture quality for the games was a stuttery, blocky mess. This year I signed up for the Superbowl on Youtube Gamepass for 99p and the playoff games were all in 720p. I saw on the DAZN website an offer to get the games in HDR and 5.1 sound  for £4.99, so I double dipped. And oh my God the service quality has improved dramatically since 2024. The picture quality of the playoff games is stunning and everything is smooth and nice. I am feeling like trying out their NHL subscription after how good this is. Really happy customer of DAZN. Please keep this high quality up, as if a service works well, people will pay for it.",AnthonyG,2026-02-03T03:54:41.000Z,"Hello Anthony, thank you for sharing your experience and feedback. We're always working to elevate the experience, and it’s great to hear that it's hitting the mark. Stay tuned, there’s more to come!"
2026-02-24T08:25:56.378987,DAZN,Trustpilot,2026-02-02T16:21:44.000Z,1.0,"Can’t speak to anyone about an overpayment taken from account. Only have chat , message service which could not help and just copy and paste articles. To read. Absolutely useless customer service. Will be cancelling asap.",Rosky,2026-02-02T17:35:02.000Z,"Hi! We're here to help you. Please email us at daznsocialreviews@dazn.com from your DAZN registered email address, details of your concern and your reviewer ID – privately via email and our team will investigate and get back to you."
2026-02-24T08:25:56.527727,DAZN,Trustpilot,2026-02-03T12:49:24.000Z,2.0,"I purchased the app as a Christmas gift for my husband for the football season, we decided to cancel once the football season was over, it basically wouldn't let me. After a while of searching I learnt I had to change my subscription to a flex, and still after waiting 30 days after switching it's still giving me a hard time to cancel. I'm going to try and cancel from web browser but if that doesn't work I'll have to call my bank and put a stop payment. Really shady to make it this difficult to cancel a subscription, and my initial idea was to bring my subscription back every football season for my husband but seeing how difficult this app is to cancel I dont think I'll be going back to dazn. The service worked great despite all this. I just think it's shady that I have to just through so many hoops just to cancel, and this app isn't cheap either so. That's why I'm giving a 2 star rating.   Edit: I managed to cancel. So I had to change from a yearly subscription to flex, I just paid for both subscriptions over $60 and now it'll let me cancel. What a rip. Like yea the service is good, he was able to watch his games but the method in which they use to cancel is just shady. I'll never be re-subscribing.",customer,,
2026-02-24T08:25:56.570590,DAZN,Trustpilot,2026-02-02T02:08:52.000Z,3.0,DAZN is okay.  The fights were so boring last night!  The pre fights were a snooze with the best part was when the fighter lost his toupee. But we paid for fights not a joke of a fighter holding on to his vanity.  I’ve watched boxing for decades and this was not worth a dime much less alone $69. Bummer man.  Just new boxing apparently.,Tracy Jones,,
2026-02-24T08:25:56.622001,DAZN,Trustpilot,2026-02-01T18:19:12.000Z,1.0,"You can’t just pay for a single fight, you have to subscribe. It is then difficult to unsubscribe, and you have to give a 30 day notice. I wanted to pay to watch one fight and it’s ended up costing me over £100 because it kept charging me every month despite my efforts to unsubscribe. I can’t prove it, but I am certain that I unsubscribed the following day as I set a reminder. I didn’t get any emails or notifications about the payments that were being taken. When I unsubscribed for the second time I still got another charge a couple of weeks later. At the end of the day it is the customer’s responsibility to ensure they have unsubscribed correctly, but I do think it’s a bit underhand making people subscribe rather than letting them just pay for a fight, and then making it complicated to unsubscribe, as presumably the reason is to profit from all the people who are not internet/app savvy and have problems unsubscribing, and the people who just forget. I wish they would let you just pay one price for one fight - like they used to.",Thomas C,2026-02-01T19:20:59.000Z,"Hello Thomas, We're here to help and would like to review your case. Please contact us at daznsocialreviews@dazn.com and provide your DAZN-registered email, with screenshots/details of the charges you've mentioned, and your reviewer ID privately via email. This will help us verify your situation more effectively and assist you further."
2026-02-24T08:25:56.676445,DAZN,Trustpilot,2026-01-31T23:41:48.000Z,1.0,I ve used DAZN before but this time I saw on their website NFL league pass for 191.00. It shows all games for the 2026-27 can be seen. After I purchased it they it only works out of the country. I went to their web site to cancel and asked for a refund. There is nowhere on my account that I can cancel my subscription. I went to a chat site and talked to Mr Sagar twice. He said he can help but I needed to verify who I am. He asked for a snap shot of a utility bill and a snapshot of the internet domain with the address of it. I have never been asked to send snap shots to verify. Usually they send a link to cell phone or email. He sent me a link to go to. I will never use DAZN again. I paid 190.0 for a subscription I cannot use…..they do not give an option to cancel…,Consumer,2026-02-01T09:13:00.000Z,"Hi, thank you for sharing your feedback. To help us review your case and assist you further, please contact us at daznsocialreviews@dazn.com with your DAZN-registered email ID, subscription details, any relevant screenshots, and your reviewer ID, shared privately via email. Our team will investigate and assist you accordingly."
2026-02-24T08:25:56.926245,DAZN,Trustpilot,2026-01-31T19:08:56.000Z,1.0,"I subscribed to watch a bundesliga game, as they advertised on their website, they do show Bundelsliga games in Luxembourg. Turns out the game I want to watch is the only one not available live. Who wants to watch football after the whistle?I tried to get my money back and cancel the contract, however they refused and as a result I am never ever using this service again. 35eur for one month is nothing for a company like DAZN and honestly nothing for me either. But the scamming behavior is not acceptable to me. If they could steal money from homeless they would not hesitate. Hate companies like this.",Mikael Gunnarsson,2026-01-31T20:34:37.000Z,"Hi Mikael, Thanks for reaching out and sharing your thoughts. We are sorry that your experience was not positive and want to make things right for you. Please contact our dedicated team at daznsocialreviews@dazn.com, and we will explore further options. Thanks"
2026-02-24T08:25:56.939678,DAZN,Trustpilot,2026-02-07T15:03:30.000Z,1.0,"DAZN is a Thievery Corporation pure and simple. If you are watching the sports and are happy with the service then this review is not for you. If you buy the service for one sport only and cancel after the season ends then this review is for you.I have been a customer for at least 10 years, I buy the service for NFL games, and pause the service when the season is over. Every year they activate the service before I want the service, so this year I cancelled my subscription. To my surprise I was charged again for the next month's subscription. Of course when you contact their Customer Trolling department they give a song and dance about needing to cancel the subscription  90 days before. I am filing a complaint with the Canadian government because the extra month I have paid for nothing over the years have added up to about $400 for no using their service. I will buy a Sports service from a TV broadcaster rather than give these thieves any more of my money.   One more thing; I went back to the website to delete my profile, and a window popped up for me to enter the code they sent a code in an email. Of course I never received the email. So I contact the chat again saying I want to change my profile, they tell me subscription is cancelled and my account has been deleted. I click my profile, and of course my information is still there. So DAZN finally reached out. They asked for a transaction number and screen shots of the PayPal transaction. I sent them the full screenshots but they replied asking for a number that I believe was in the screen shot. This has gone back and forth so i must question the veracity of their efforts. I have told them to respond to the dispute I submitted to PayPal, but I guess that is too difficult. Unbelievable!",Gene Muszak,2026-01-31T05:50:00.000Z,"Hi Gene, thank you for reaching out and sharing your experience. We truly value you as a long-term customer. We understand that you’ve already been in contact with our support team, and we’re sorry to hear that your experience hasn’t been positive. Please reach out to our dedicated team at daznsocialreviews@dazn.com with your DAZN-registered email ID and your reviewer ID, shared privately via email, and we’ll look into this further to explore possible options. Thank you for your patience."
2026-02-24T08:25:57.006836,DAZN,Trustpilot,2026-01-29T22:58:18.000Z,1.0,"They make their business out of making you subscribe/upgrade with just one click without any confirmation and making it impossible to unsubscribe. They have no customer support, won’t answear your mails and the online support is just automated responses.This is a Scam company",Filipe Martins,2026-01-30T06:52:53.000Z,"Hi Filipe! Thanks for bringing this to our attention.  Please email us at daznsocialreviews@dazn.com from your DAZN-registered email address, details of your concern, and your reviewer ID – only privately via email, and we’ll get back to you."
2026-02-24T08:25:57.174476,DAZN,Trustpilot,2026-01-29T18:08:31.000Z,1.0,"Is really NOT worth the money , you can get ESPN with the disney package en have the same . Expensive and they don’t even have premier league , champions league , and the big fights are pay per view",Paola Rivera-Sanchez,,
2026-02-24T08:25:57.224638,DAZN,Trustpilot,2026-01-29T10:22:48.000Z,5.0,COMON CHELSEAAAAAAAAAAAAAAAAAAAAAAAAAAAAAAAAAAAAAAAAAAAAAAAAAAAAA3-0 HAHAHAHAHAHA,Jackson Belongia,,
2026-02-24T08:25:57.237113,DAZN,Trustpilot,2026-01-28T14:28:00.000Z,1.0,"BEWARE OF BOOKING ONE OFF FIGHTS AT DAZN THEY THEN SIGN YOU UP FOR SUBSCRIPTIONS i booked the Benn Fight on November 15th and paid the one off payment they asked for, little did i know they automatically sign you up for a subscription and have taken 3 payments off me for £24.99 and are now trying to take one final payment even though this is all unauthorized. customer servcies wont help me BEWARE ORDERING ONE OFF FIGHTS AS THEY JUST RIGHT TERMS AND CONDITIONS AND KEEP TAKING YOUR MONEY THEY ARE A DISGRACE ! BEWARE OF DAZN ONE OFF FIGHTS AND THEY TAKE YOUR MONEY AND DONT RETURN YOUR MONEY",Mr   Darbon,2026-01-28T15:52:45.000Z,"Hello, We have reviewed your case and can confirm that our team is actively working on it through our support channels. We will get back to you as soon as possible. Please check your inbox for updates. We truly appreciate your patience."
2026-02-24T08:25:57.393896,DAZN,Trustpilot,2026-01-27T15:05:19.000Z,1.0,"DAZN is a rip off. Subject, boxing. Firstly, DAZN takes your first monthly subscription and then, WITHOUT NOTICE, increases it. In my case from £9,99 to £14.99 per month. That increase, without notifying me, began in March 2025 and continues to this day. Then, in July 2025 a sum of £24,99 was added to the monthly £14.99!!! In August 2025 the monthly £14.99 was raised to £19.99 added to which was the £24.99. That has persisted up to and including January 2026. All this without notifying me of any proposed changes. Why only discovered now? Because my accountant was doing my tax returns for the year. Not only do DAZN owe me the best part of £300.00 I have not tuned in to it since the middle of 2025, Why? Because logging in etc and, is a pain in the butt and, when you do, the quality is third class. The whole thing is not only bad customer service but, for me, likely amounts to criminality. I am amazed to learn that the Hearn family are involved with this con. I have to say, of Barry Hearn especially, I am very disappointed. Maybe though, that indicates my naivety, my belief in basic honesty.",Andrew M,2026-01-27T15:38:23.000Z,"Hello Andrew, we'd like to check your case. Please reach out to us at daznsocialreviews@dazn.com and share your DAZN-registered email and further details of the issue. It will help us verify your situation more effectively. Thanks."
2026-02-24T08:25:57.460252,DAZN,Trustpilot,2026-01-26T19:33:22.000Z,1.0,"Being gubbed by Dazn is like an unattractive cousin coming up to you at a funeral and telling you she isn't interested in marrying you. I feel I'll probably survive, but wonder why make the effort to do it?",I.A Bisset,2026-01-26T20:43:13.000Z,"Hi, we’d never want any of our customers to have such a perception about us. Please elaborate on your concern along with your DAZN-registered email ID at daznsocialreviews@dazn.com, and our team will review your case."
2026-02-24T08:25:57.489396,DAZN,Trustpilot,2026-01-26T05:09:49.000Z,1.0,"After many seasons this was the worst. Constant delay, cutting out and DAZN telling me all of a sudden I only have 1 Device connection. If you want good sports, go IPTV not this ridiculously expensive rip off. $40 per month can be better spent elsewhere. Online tech support useless!!!!!!!!",customer,2026-01-26T05:36:58.000Z,"Hi, thank you for being our valued customer. We’d never want any of our customers to have such a perception about us. Please elaborate on your concern along with your DAZN-registered email ID at daznsocialreviews@dazn.com and our team will work on resolving it as soon as possible."
2026-02-24T08:25:57.505216,DAZN,Trustpilot,2026-01-26T00:28:52.000Z,2.0,"I have purchased the DAZN app for 3 years.  This year after about 4 games i received a message offering me to double my stream for an additional $100.  When i did not opt for this, my stream was reduced so that whenever live nfl play went to commercials the live stream never returned and it went into an endless loop of commercials.  I contacted DAZN dozens of times only to receive 'were sorry messages.  One time i was told that since they started showing local commercials that could be part of the problem.  These disruptions required me to restart the app sometimes as many as 17 times a game.  The final time i contacted them was during a game that continued to drop and that game was on netflix also so i switched and was able to see the rest of the game seemlessly.  DAZN's response was this is definitely a  problem with our app, but nothing changed.",Gary Zavadil,2026-01-26T07:31:33.000Z,"Hi Gary, thank you for reaching out and sharing your experience. We understand that you’ve already been in contact with our support team, and we’re sorry to hear that your experience hasn’t been positive. As our valued customer, please reach out to our dedicated team at daznsocialreviews@dazn.com, and we’ll look into this further to explore possible options. Thank you for your patience."
2026-02-24T08:25:57.514928,DAZN,Trustpilot,2026-01-25T22:50:33.000Z,1.0,"I am signed up for NFL Gamepass. I pay to watch NFL games. We used to get to watch the complete US broadcast but DAZN thought it be great to monetise this even further by giving us region based ads. However they have a pool of about 10 ads. Ad breaks, which are frequent, amount to guantanamo bay torture methods. Watching the same 5 adverts on repeat at every ad break is so painful that I genuinely stopped watching some games even though I'd paid for the service. I beg for the love of god you get a pool of say, 50/60 ads. Or you just give us what we paid for and let us watch the US ads because we've already forked out £180 to watch the games. Pick one, I won't be resubscribing next year I'll just find a stream for the sake of my mental health.",Joe Hesketh,2026-01-26T10:48:43.000Z,"Hi Joe, thank you for sharing your experience. We’ve recently updated how ads are managed on NFL Game Pass on DAZN. As part of this change, you may see fewer U.S. commercials and more locally managed DAZN ads. You’ll still get the full U.S. broadcast and commentary for all gameplay. We appreciate your feedback as we continue improving the experience for fans around the world."
2026-02-24T08:25:57.518916,DAZN,Trustpilot,2026-01-25T21:54:30.000Z,1.0,Paid to watch one fight the signed me up monthly  subscription  took 3 payments  so one fight cost me £75.00 complete scam if you ask me,Matthew Martin,2026-01-26T08:17:49.000Z,"Hi, thank you for reaching out and sharing your experience. We understand that you’ve already been in contact with our support team and that your concern has been resolved. If you have any other questions or need further assistance, please reach out to our dedicated team at daznsocialreviews@dazn.com, and we’ll be happy to look into it further."
2026-02-24T08:25:57.521982,DAZN,Trustpilot,2026-01-31T20:13:06.000Z,1.0,Got this for the boxing price keeps going up now charge ppv for small crappy fights.dont get sucked in hopefully Netflix's will put more on.,John Hart,,
2026-02-24T08:25:57.576791,DAZN,Trustpilot,2026-01-24T10:33:41.000Z,1.0,"Terrible service. Tried to delete account due to being billed £8.87 unexpectedly was told due to their policy i could not until active subscription is finished. Be aware you need an active subscription for pay per view and if not cancelled with in 7 days free trial you will be billed. (Pretty normal stuff) how ever if you want to cancel your subscription after 7 days you will be met with a 30 day cancellation period (even if 1 day from end of subscription. that you will also be billed for (£8.87 in my case)Tried to delete my account. You have to contact them directly via email or web chat, i contacted via web chat only to be told by Arnab Chowdhury... ""Your DAZN subscription's auto-renewal is cancelled, and your access will continue until 2nd February 2026. As per our policy, we can only delete your account once your subscription has fully expired. If you have any other questions or need further assistance, please let me know."" So subscription has to have finished, which takes 30 days from you canceling in order for them to close your account due to their policy. But having ask to escalate the problem was then told they can delete it immediately. ""To confirm, do you wish to have the subscription cancelled immediately, resulting in the loss of access to DAZN content, and the account deleted?"" Please be careful using this streaming site. Seems alot of trickery at play.",Kieran Dean,,
2026-02-24T08:25:57.582329,DAZN,Trustpilot,2026-01-23T20:49:07.000Z,1.0,"Avoid like the plague! I paid outright for a boxing match, never watched the service again and they signed me up to a free trial that I never asked for and used my bank details without asking for a subscription. No emails to confirm the subscription either or the renewal. Only spotted it on my bank statement did I realise. Won’t refund me all the money they’ve taken, took multiple requests to even get what I’ve got back. Bunch of thieves, crooks and liars.",Michelle Holdcroft,2026-01-26T11:48:32.000Z,"Hi Michelle, thank you for sharing your experience. We can see that you’ve already been in touch with our support team and that a refund has been processed. Please allow some time for it to reflect in your bank account, as advised by our team. If you have any further questions, feel free to reach out to us again at daznsocialreviews@dazn.com."
2026-02-24T08:25:57.606982,DAZN,Trustpilot,2026-01-26T14:07:42.000Z,1.0,"Bought a fight and was enrolled into a subscription I didn't want. They have been charging me every month since. They will not refund then months of payments that were unknowingly taken from me. I won't be buying from DAZN again, instead I will be buying a dodgy-stick and streaming your content free of charge. You should think twice about ripping off the honest people who pay to watch legally. Nice one Eddie, you complete bell-end!In reply to DAZN response below. You have only refund the month ahead, you have not refunded the previous payments that were taken during the subscription I didn't want. Still a rip-off, read the reviews here... you are scammers.",Allan Aston,2026-01-26T12:20:24.000Z,"Hi Allan, thank you for sharing your experience. We can see that you’ve already been in touch with our support team and that a refund has been processed. Please allow some time for it to reflect in your bank account, as advised by our team. If you have any further questions, feel free to reach out to us again at daznsocialreviews@dazn.com.Thank you for your patience."
2026-02-24T08:25:57.709791,DAZN,Trustpilot,2026-01-22T02:46:45.000Z,1.0,"I was convinced I was paying monthly to watch the nfl- instead - they locked me into a years subsction - when I query this they stated that they “ regret if this was not clear during the purchase process.”You clearly do not regret it , and no , it wasn’t clear - trying to cancel a susbcripstion is painful - it is incredibly unethical , avoid at all costs If they have boxing events on multiple channels use anything other than DAZN as they may rope you and giveYou charges months down the line",Jack Francis,,
2026-02-24T08:25:57.818492,DAZN,Trustpilot,2026-01-21T23:25:58.000Z,1.0,"I only need this service from September to December every year for the NFL. This year, they were all kinds of pop-ups and things coming up on the screen when I was trying to get in to watch a game, and I ended up clicking something that says I’m supposed to pay them every month until October 2026.  I am a senior on a budget and most upset by this. I contacted customer service and they basically said oh well too bad so sad. I think this is very shortsighted. They can count on my patronage every year from September to December, or they can rip me off like this and I’ll never use them again and tell everyone I know that they’re terrible. Is it worth it?   It was a mistake!  I feel cheated.",Jennifer Durling,,
2026-02-24T08:25:57.890434,DAZN,Trustpilot,2026-01-21T20:04:49.000Z,1.0,"Tricking customers into thinking they are paying a monthly fee for a monthly service, but they are actually paying every 30 days for an annual subscription. These guys are scammers.",Endri Leka,2026-01-26T15:19:17.000Z,"Hello, we'd like to check your case. Please reach out to us at daznsocialreviews@dazn.com and share your DAZN-registered email and further details of the issue. It will help us verify your situation more effectively. Thanks."
2026-02-24T08:25:57.894054,DAZN,Trustpilot,2026-01-21T19:01:43.000Z,1.0,"No Champions Ligue, only minor events (Deutsche B undesliga...)",GB,,
2026-02-24T08:25:57.911302,DAZN,Trustpilot,2026-01-21T17:32:08.000Z,1.0,Do not use - cancelling subscriptions in impossible and they rope you into long term contracts that are difficult to get out of - read the fine print,Jack Mellor,,
2026-02-24T08:25:57.939925,DAZN,Trustpilot,2026-01-21T13:46:42.000Z,5.0,"Great deals,  especially on big fight nights.",CS,2026-01-26T12:00:41.000Z,"Hi, thanks so much for the love. We’re thrilled you’re enjoying the action on DAZN. Your support means a lot. See you at the next big match!"
2026-02-24T08:25:57.946821,DAZN,Trustpilot,2026-01-19T12:33:09.000Z,1.0,We paid for a boxing match in November 1st time using dazn then realised last week we had somehow signed up for a monthly subscription  we need to cancel this we are 76 and 88 don't know how to do this was given a number in Manchester that doesn't ring out spoke to another person different number he said not his department PLEASE HELP,barbara cargill,2026-01-19T13:16:24.000Z,"Hi Barbara, we're sorry you're having trouble. Depending on your subscription type, we have several options. Log in to the DAZN website and select ""My Account"" in your profile. From there, you can follow the necessary steps based on your subscription. If you need further assistance, please email us from your DAZN email id at daznsocialreviews@dazn.com."
2026-02-24T08:25:57.991207,DAZN,Trustpilot,2026-01-18T14:05:44.000Z,1.0,"Its terrible, i got it for the TV and it just does not work correctly I only have it for Boxing and i have cencelled it, once you sign up its a 12 month contract so beware,,,customer service is poor",Simon Horseman,2026-01-18T16:00:49.000Z,"Hi Simon, we’d never want any of our customers to have such a perception about us. To help us understand and resolve the issue, please email us at daznsocialreviews@dazn.com with a brief description, relevant screenshots, your DAZN-registered email ID, and device details. We’re here to keep your DAZN experience uninterrupted."
2026-02-24T08:25:58.021792,DAZN,Trustpilot,2026-01-18T01:43:07.000Z,1.0,"Terrible!Much better options out there at this point, they are legit predatory",Jeremy Morissette,2026-01-18T05:35:03.000Z,"Hello Jeremy! Thank you for sharing your experience. To help us understand and resolve the issue, please email us at daznsocialreviews@dazn.com with a brief description, relevant screenshots, your DAZN-registered email ID, and device details. We’re here to keep your DAZN experience uninterrupted."
2026-02-24T08:25:58.027209,DAZN,Trustpilot,2026-01-17T21:30:14.000Z,1.0,"After being a DAZN customer for 10 years I decided to move on because we had cable and no longer needed dazn. However after cancellation my membership I was still charged after confirming cancellation. I emailed customer support and was told that it’s “policy” that no refund can be issued even if technical error which they admitted in email that they reviewed my cancellation and confirmed I had cancelled and they made a mistake. I asked if they could reverse the transaction and they would not. Even after admitting it was Dazn mistake, they would not refund my bill, I complained through email that they have stolen money from me and I kindly ask for a refund and time and time again they said they cannot. Do not subscribe. This happened over 2 month period of charge. This is theft.",Eric,2026-01-17T21:38:47.000Z,"Hello Eric, we'd like to check your case. Please reach out to us at daznsocialreviews@dazn.com and share your DAZN-registered email and further details of the issue. It will help us verify your situation more effectively. Thanks."
2026-02-24T08:25:58.036315,DAZN,Trustpilot,2026-01-17T19:03:30.000Z,1.0,DISAPPOINTED!!Dazn used to be really good. Now they have decided to go down the route of offering useless content but even worst tricking customers into thinking you are getting all the good stuff for £15 per month whilst what you are really getting is just the platform for that money and then you have to pay extra for the good stuff. Then when you want to get out of the contract you have to pay an early exit fee. Will never use them again. Can't talk to anyone only by email or robot. So they hide behind those knowing lots of people will complain once finding out there scam. Never used to be like that but they have joined the grab what I can brigade. Shame on you Dazn.,Baron Blackman,2026-01-17T21:28:24.000Z,"Thanks for reaching out and sharing your thoughts. We are sorry that your experience was not positive and want to make things right for you. Please contact our dedicated team at daznsocialreviews@dazn.com, and we will explore further options. Thanks"
2026-02-24T08:25:58.048653,DAZN,Trustpilot,2026-01-16T23:27:21.000Z,1.0,"Literally scammers!! I payed the monthy subscription once bc i wanted to watch soccer with my family. Before the next payment, I cancelled my subscription but they still took money for the next two months. I called them and say said that this 'monthly' subscription has to be done for 1 whole year (did not see when buying)! They then said if i want to cancel the charging, I have to pay an additional 57 dollars to fully cancel it. they make it so complicated to cancel and just scam peoples money.",Sophia Stoica,2026-01-17T06:34:43.000Z,"Hi Sophia,We see that you've been in contact with our support team, and we’re glad we could assist with your concern. If you have any further questions or experience any additional issues, please don’t hesitate to reach out at daznsocialreviews@dazn.com.We’re always here to help you."
2026-02-24T08:25:58.056803,DAZN,Trustpilot,2026-01-15T22:28:05.000Z,3.0,I love DAZN's boxing coverage. That is why I am a long time subscriber (almost day 1) They kept adding other sports of which I have no interest.  The have increased the cost substantially (to cover the costs of the other sports I presume.)They make PPV shows that would prior be part of the subscription. I would like to see a boxing only plan at a more reasonable price.I love the boxing coverage but can do without all the other.,Bob Cindy Biltz,,
2026-02-24T08:25:58.072075,DAZN,Trustpilot,2026-01-15T22:03:36.000Z,1.0,"Scammers!! Got a monthly subscription cancelled it and still being charged after dispute they said I have a yearly subscription when it is monthly, the payments come out monthly not yearly. Horrible people to deal with really bad experience had to cancel thru my bank not nice people",Jamie Bussey,2026-01-16T05:07:59.000Z,"Hi Jamie, thank you for reaching out and sharing your experience. We understand that you’ve already been in contact with our support team, and we’re sorry to hear that your experience hasn’t been positive. Please reach out to our dedicated team at daznsocialreviews@dazn.com, and we’ll look into this further to explore possible options. Thank you for your patience."
2026-02-24T08:25:58.081007,DAZN,Trustpilot,2026-01-16T13:46:14.000Z,3.0,Took out a DAZN Ultimate subscription in November 25 with the understanding that I could cancel after one month . I have put my case fwd to DAZN customer service and as a result they were empathetic - thank you for resolving,paresh,,
2026-02-24T08:25:58.114487,DAZN,Trustpilot,2026-01-12T04:03:08.000Z,1.0,With the subscription plan. I took monthly subscription plan for NFL game pass. I did cancelled my service after 15 days. But I was still charged for next month and they say you have brought 2 month installment plan. I clearly got only for a month.,Sree,2026-01-12T12:43:42.000Z,"Hi there, We're here to help. Please share your DAZN-registered email address along with screenshots/details of the charges you've mentioned. You can send that information to daznsocialreviews@dazn.com, and our team will look into it."
2026-02-24T08:25:58.393263,DAZN,Trustpilot,2026-01-09T15:26:48.000Z,1.0,"The worst customer service I've ever experienced. The typical company that outsources these services to some random call center in India. They don't read what you text them, only generic answers without solving your issues. I'm waiting for 2 years for them to fix my client area. I cannot download my invoices and they are not solving this issue for 2 years. I repeat, 2 YEARS! When speaking with the support to get the invoices, it's always a long conversation to convince them to send the invoices.I truly don't understand this company.",Gonçalo Ribeiro,2026-01-09T16:43:21.000Z,"Hi Gonçalo, we would never want our customers to have such a perception of us. To help us understand and resolve the issue, please email us at daznsocialreviews@dazn.com with a brief description, a relevant screenshot of the error you encounter while downloading the invoice, your DAZN-registered email ID, and your device details. Our dedicated team will be happy to assist you."
2026-02-24T08:25:58.397248,DAZN,Trustpilot,2026-01-07T22:55:36.000Z,4.0,Their information,السر ابراهيم خالد,,
2026-02-24T08:25:58.522506,DAZN,Trustpilot,2026-01-07T05:19:14.000Z,1.0,Stop trying to charge customer's for subscriptions and the fights and stop trying to lock customer in on a 12 month subscription,b waash,2026-01-07T07:01:15.000Z,"Hello! We appreciate you reaching out to us. To help us understand your issue better, please email us at daznsocialreviews@dazn.com with a brief description, subscription, device details, and a relevant screenshot from your DAZN-registered email ID. Our dedicated team will assist you further."
2026-02-24T08:25:58.531715,DAZN,Trustpilot,2026-01-06T16:03:03.000Z,1.0,"It appears you are unable to respond on an original review!  I still haven't heard anything from DAZN despite them advising to keep an eye on my email.  In the meantime, I am accruing interest on a charge which should never have been registered.  Totally unfair and I am losing the battle on this compliant.  Please stay clear of this service is my advice.",Sarb,,
2026-02-24T08:25:58.546976,DAZN,Trustpilot,2026-01-04T22:42:01.000Z,1.0,"I signed up for the service and immediately realized I wanted a different package. It’s a challenge getting through to a human to try and make a change -and if you select being a current customer the automated message says they can’t help you - go to the web. You call one number and you’re sent to another number. I tried signing in on my TV and it took multiple attempts - and a lot of time, to finally log-in and access the content I was paying for.  The fine print of what you’re getting - or not getting - becomes painfully obvious very quickly. I cancelled within 24 hours as I don’t want to give my money - or deal with the headaches - of this “service”",Ben S,2026-01-05T06:33:40.000Z,"Hi Ben, thank you for sharing your feedback. This isn’t the experience we aim to deliver to our customers. We’d like to look into this further. Please email us at daznsocialreviews@dazn.com with your DAZN-registered email ID, device details, and any screenshots or error messages you encountered, and our team will review this for you."
2026-02-24T08:25:58.556420,DAZN,Trustpilot,2026-01-03T14:41:14.000Z,1.0,"Dishonest and trapping.  I paid for a pay per view event and I believed that this was all I had paid for, I then see that I was charged for the event and a few days later charged for the monthly subscription.  I had no idea that I was signed up for a subscription, I thought I was paying for a single event.  This information was very hidden.  I had not realised this straight away and discovered I was charged the next month too.  Spoke to customer services and it seems they are well versed in this.  They did the same to my dad too and refused to refund anything and said I failed to cancel the 7 day free trial.  I had no idea I was in a 7 day free trial and was not notified of this or when it came to an end.  The money I paid to watch this event – I probably could have bought a ticket to see it in real life.  I will never use this service again!",Gina Queeley,2026-01-03T16:13:56.000Z,"Hi Gina, your feedback is important to us. We see that you have been in conversation with our support team and they have advised on suitable next steps to be taken. We appreciate your patience,"
2026-02-24T08:25:58.613431,DAZN,Trustpilot,2026-01-03T03:05:00.000Z,1.0,"Be careful! I had bought fight for 24.99 and still had account attached to my email with DAZN when i bought Wardkey fight. Because i signed into DAZN using my applied it created a second account! although i cancelled first account,!i’ve been charged further 50 in account i didn’t know i had! also DAZN will not cancel if your account has been set up via Apple! total scam",Beverley Knight,2026-01-03T06:26:27.000Z,"Hello Beverley, thanks for reaching out. We’ve reviewed your case and can confirm our team is actively working on it through our support channels. We will come back to you as soon as possible. Please check your mailbox for updates. We truly appreciate your patience."
2026-02-24T08:25:58.649554,DAZN,Trustpilot,2026-01-02T17:15:28.000Z,1.0,"Be very careful of Dazn if you cancel your membership they will help themselves to your money in your bank and try to blame it on you or be so awkward that they think you will just let it go. Took 2 payments upon cancelling, and tried telling me the first payment didn't go through because of insufficient funds. Since this i have given them transaction codes, shown them the transaction from my bank that clearly states it gone through and I have plenty of funds in my bank. Show them screenshot of conversations with my bank with also shows payment gone through. Thats all I can see is that they have received a payment and because I have cancelled they have helped themselves to more money from my account and then are lying about it.",customer,2026-01-02T18:28:51.000Z,"Hi! We want to make things right for you. Please share your DAZN-registered email address with screenshots / details of the charges you've mentioned. You can send that information to daznsocialreviews@dazn.com, and our team will look into it."
2026-02-24T08:25:58.664596,DAZN,Trustpilot,2026-01-02T16:52:35.000Z,1.0,Be very very careful with this lot of thieves.Paid for just the one Joshua fight….for £25….and lo n behold TWO further £25 taken from account.Vehement complaints fell on deaf admin ears.Not given up this other fight (pun intended)….but will NEVER use them againScumbags,Mr Mackay,2026-01-02T19:40:08.000Z,"Hi, your feedback is important to us. We see that you have been in conversation with our support team and they have advised on suitable next steps to be taken. We appreciate your patience,"
2026-02-24T08:25:58.781128,DAZN,Trustpilot,2026-01-02T11:20:09.000Z,2.0,"I’m usually very switched on with subscriptions, but this is honestly one of the worst experiences I’ve had.If you sign up through Sky, you get nothing to confirm the account. It’s not clear on Sky whether the service is active, and it’s not clear whether you even have a DAZN account at all.I only signed up because I believed it was a 30-day rolling contract. What isn’t made clear is that you have to give 30 days’ notice to cancel. That means it will automatically roll over and charge another £25 regardless.What exactly do they need 30 days for? Just let me cancel and allow the contract to run out.",Robert Griffiths,,
2026-02-24T08:25:58.810828,DAZN,Trustpilot,2026-01-01T15:29:36.000Z,1.0,"lied about billing me, terribly streaming experience generally",Jdog,2026-01-01T17:26:56.000Z,"Hi! That’s not the kind of experience we aim to deliver. Please send your DAZN registered email ID, device info, OS version, and a screenshot/ screen recording (if available) to daznsocialreviews@dazn.com. We’re here to keep your DAZN experience uninterrupted."
2026-02-24T08:25:58.911979,DAZN,Trustpilot,2025-12-31T16:30:04.000Z,2.0,"Finally, they gave back the money…",steph,2025-12-31T17:09:48.000Z,"Hi Steph, we’re glad we could assist with your concern. If you have any further questions or experience any additional issues, please don’t hesitate to reach out. We’re always here to help and ensure you enjoy the best possible DAZN experience."
2026-02-24T08:25:59.027889,DAZN,Trustpilot,2026-01-02T10:10:29.000Z,1.0,I have used pay per view on Glory. Unwillingly they continue the pay per view into membership. In Europe parties are obliged to stop a free trial period instead of continuing it in membership silently. Please beware when you buy ppv here.01-01Customer service reaction is generic and the only answer is: we will not help you.,Marthe,2025-12-31T08:58:21.000Z,"Hello, thanks for reaching out. We’ve reviewed your case and can confirm our team is actively working on it through our support channels. We will come back to you as soon as possible. Please check your mailbox for updates. We truly appreciate your patience."
2026-02-24T08:25:59.089777,DAZN,Trustpilot,2025-12-30T22:29:39.000Z,1.0,"Paid for a fight at £24.99 yet they charged me continuously. Would not refund, even though I have never used their service apart from the fight i paid for. Just like the countless reviews on here, it’s a total robbery and has been highlighted in the UK press (Google It). I will be joining everyone else in never using these scam merchants again. Good service is rewarded by loyalty & customer retention, however this bunch of amateurs have a laughable & shortsighted business model and I sincerely hope you go bankrupt. AVOID IF YOU DONT WANT TO BE SCAMMED!",Paul Jones,2025-12-31T06:27:06.000Z,"Hi Paul, Thank you for reaching out and sharing your feedback. We understand that you’ve been in touch with our support team, and we’re sorry that your experience hasn’t been positive. Please contact our dedicated team at daznsocialreviews@dazn.com, and we will explore further options. Thanks."
2026-02-24T08:25:59.233316,DAZN,Trustpilot,2025-12-30T20:14:33.000Z,1.0,"Paid for a fight to be sucked into a contract. Charged to get out of the contract £60 or carry on paying for the rest of the months. Over £100One fight, very expenssive. Read before you purchase as it is not clear youre signing up to a contract. Will not be using again.",Zoe Forrest,2025-12-30T21:50:41.000Z,"Hi Zoe, your feedback is important to us. We see that you have been in conversation with our support team and they have advised on suitable next steps to be taken. We appreciate your patience,"
2026-02-24T08:25:59.270051,DAZN,Trustpilot,2025-12-30T16:47:24.000Z,1.0,"Very very poor. Ordered the Benn V Eubank 2 fight and the fight kept buffering. Then they took out another £24.99 the month after. Never used the service, and they refused a refund. Cancelled immediately through an agent who was clearly reading from a script. AVOID",Chris Tatters,2025-12-30T19:58:39.000Z,"Hi Chris, Thanks for reaching out and sharing your thoughts. We are sorry that your experience was not positive and want to make things right for you. Please contact our dedicated team at daznsocialreviews@dazn.com, and we will explore further options. Thanks"
2026-02-24T08:25:59.277909,DAZN,Trustpilot,2025-12-30T01:40:38.000Z,1.0,"I tried canceling 2 months ago and thought I did. Yet, I was still charged. The subscription is very expensive. I bought a monthly pass and apparently I have to still pay for the next year even if I cancel it now. Makes no sense and have never seen worse costumer service and cancellation process.",Maxwell Pendy,2025-12-30T06:17:06.000Z,"Hello Maxwell, thanks for reaching out. We’ve reviewed your case and our team is actively working on it through our support channels. You’ll receive updates via email, so please check your mailbox. We appreciate your patience as we resolve this matter."
2026-02-24T08:25:59.339658,DAZN,Trustpilot,2025-12-29T08:26:20.000Z,1.0,"I bought a fight in July 2025 (Usyk v Dubois). DAZN have unbeknowingly been taking the same fee every month from my bank. I am now told the subscription is activated as part of the purchase process. This is highly exploitive. I was unaware it was a subscription and they have taken £200 from me for the sake of one fight. When contacting Customer Service they refer to the Terms and say you subscribed and should have cancelled. This is exploitive and works on the theory you will forget or not understand you are subscribing to a monthly fee. DO NOT USE THESE PEOPLE, THEY EXPLOIT RATHER THAN DELIVER A SERVICE. ZERO CUSTOMER SERVICE",Jonathan Johnson,2025-12-29T09:45:39.000Z,"Hi Jonathan, Thank you for reaching out and sharing your feedback. We understand that you’ve been in touch with our support team, and we’re sorry that your experience hasn’t been positive. Please contact our dedicated team at daznsocialreviews@dazn.com, and we will explore further options. Thanks"
2026-02-24T08:26:01.835782,DAZN,Google Play Store,2026-02-23T08:04:30,5.0,it's the best,Randolphins Wigs,2026-02-23T08:30:58,Thank you for sharing your positive experience! We’re excited to keep delivering the best for you.
2026-02-24T08:26:02.203078,DAZN,Google Play Store,2026-02-23T07:17:49,2.0,it's 2026 and this app doesn't have picture-in-picture.,Lance,,
2026-02-24T08:26:02.205573,DAZN,Google Play Store,2026-02-23T06:01:22,1.0,very slow and glitchy,Tre Jenkins,2026-02-23T08:02:44,"Hi, we’d like to look into your case. Please email us at daznsocialreviews@dazn.com from your DAZN‑registered email ID including your device details, relevant screenshots/screen recordings, and this reviewer ID only privately via email. It will help us investigate and assist you further."
2026-02-24T08:26:02.207772,DAZN,Google Play Store,2026-02-23T05:09:28,1.0,this app doesn't work half of the time. streaming issues on something incredibly expensive is just honestly embarrassing.,Written In Waters,2026-02-23T08:07:57,"Hi, that’s not the kind of experience we aim to deliver. Please email us at daznsocialreviews@dazn.com from your DAZN‑registered email ID and we will look into your case. If you could share device details, relevant screenshots/screen recordings, and this reviewer ID only privately via email. It will help us investigate and assist you further."
2026-02-24T08:26:02.223510,DAZN,Google Play Store,2026-02-23T05:05:01,5.0,love it,jockquis warren,2026-02-23T07:48:32,"So glad you loved it, Jockquis! Your 5-star rating means the world to us—thanks for choosing DAZN!"
2026-02-24T08:26:02.237476,DAZN,Google Play Store,2026-02-23T04:45:59,5.0,perfect 👌,SihleS Gugulezwe,2026-02-23T07:50:20,We appreciate your kind words and the 5-star rating. It’s fans like you who inspire us every day!
2026-02-24T08:26:02.248905,DAZN,Google Play Store,2026-02-23T03:56:32,5.0,great,orlando pemberton,2026-02-23T07:53:09,"We appreciate your kind words and the 5-star rating, Orlando. It’s fans like you who inspire us every day!"
2026-02-24T08:26:02.273758,DAZN,Google Play Store,2026-02-23T03:48:06,1.0,this app is absolutely horrible. it won't let me pay with any of my cards even this all have sufficient funds. I would not recommend this app for anyone.,Lonnie Bishop,2026-02-23T09:21:35,"Hi, we're here to help you. Please email us at daznsocialreviews@dazn.com from your DAZN‑registered email ID and we will look into your case. If you could share device details, relevant screenshots of the error, and this reviewer ID only privately via email. It will help us investigate and assist you further."
2026-02-24T08:26:02.280055,DAZN,Google Play Store,2026-02-23T01:17:27,1.0,Scam,Exo Gaming,,
2026-02-24T08:26:02.298619,DAZN,Google Play Store,2026-02-23T01:08:46,5.0,good app,Nsubuga Umar,2026-02-23T01:22:13,"Hi! Thank you so much for the 5-star rating! We're happy to be your streaming partner in every match, every round, every lap."
2026-02-24T08:26:02.690850,DAZN,Google Play Store,2026-02-22T22:54:40,1.0,very hard app. should be simple,Lisa,2026-02-23T00:57:43,"Hi Lisa! we’d like to hear more about your experience. Please email us at daznsocialreviews@dazn.com from your DAZN registered email address, details of your concern and your reviewer ID – only privately via email. This will allow us to review your case and assist you further."
2026-02-24T08:26:02.699591,DAZN,Google Play Store,2026-02-22T22:52:18,1.0,Can't login with google it just breaks the app,Nikola Ivanuša,2026-02-22T23:21:10,"Hi Nikola, thanks for reaching out. To help restore access and ensure everything runs smoothly, please email us at daznsocialreviews@dazn.com. from your DAZN-registered email address. Include your device details, screenshots of the error, and this reviewer ID (share only via email) so we can investigate and assist you further."
2026-02-24T08:26:02.786918,DAZN,Google Play Store,2026-02-22T21:23:48,1.0,"No deja reproducir nada, se queda cargando... La versión web sí funciona",Xavier Vilanova Fuambuena,2026-02-22T23:35:05,"Hola Xavier, estamos aquí para ayudarte. Envíanos un correo a daznsocialreviews@dazn.com desde tu email registrado en DAZN y revisaremos tu caso. Comparte los detalles del dispositivo, capturas o grabaciones relevantes y este ID de revisor (solo de forma privada por correo) para que podamos investigar y asistirte mejor."
2026-02-24T08:26:02.789906,DAZN,Google Play Store,2026-02-22T07:20:24,1.0,payed for the Garcia fight still haven't seen one complete fight,Pete Canales,2026-02-22T10:57:17,"Hello Pete! we're here to help you. Please email us at daznsocialreviews@dazn.com from your DAZN registered email address including details of your concern, subscription details, any relevant screenshots/ screen recordings and this reviewer ID only privately via email. This will allow us to review your case and assist you further."
2026-02-24T08:26:02.845583,DAZN,Google Play Store,2026-02-22T06:59:35,1.0,worst period,Anibal Briones,2026-02-22T09:50:27,"Hello Anibal, we're here to help you. To discuss your specific experience, please email us at daznsocialreviews@dazn.com from your DAZN registered email address including details of your concern and this reviewer ID only privately via email. This will allow us to review your case and assist you further."
2026-02-24T08:26:02.887386,DAZN,Google Play Store,2026-02-22T06:59:00,1.0,ryan garcia fight toooo expensive. not worth it. he needs to proove himself first.,Daniel D.,,
2026-02-24T08:26:02.913525,DAZN,Google Play Store,2026-02-22T05:54:33,1.0,It was once a good deal. Like everything else it has been ruined by greed. I hate these A holes for messing it up. Don't waste your time the subscription just gives you access to old fights and the ability to PPV new fights. I had this service since it started in US. I'm out!,Michael Kelsay,,
2026-02-24T08:26:02.942473,DAZN,Google Play Store,2026-02-22T05:53:36,1.0,this app not working,darius Dismuke,2026-02-22T10:33:48,"Hi! We’re here to help and would need to take a closer look. Please send us your DAZN registered email ID at daznsocialreviews@dazn.com, along with device information, details of your concern and this reviewer ID only privately via email. Our dedicated team will assist you further."
2026-02-24T08:26:02.988652,DAZN,Google Play Store,2026-02-22T03:17:54,3.0,waiting for my submission to process to watch fight,Jerry Rendon,2026-02-22T09:02:56,"Hello Jerry, we're here to help you. Please email us at daznsocialreviews@dazn.com from your DAZN registered email address. If you could also share details of your concern, content details and this reviewer ID only privately via email. This will allow us to review your case and assist you further."
2026-02-24T08:26:03.056450,DAZN,Google Play Store,2026-02-22T02:46:43,1.0,"buffers for boxing, worse app ever. I can't wait for the boxing promoters to go to Netflix. I'm cancelling the app",ben valaydon,2026-02-22T09:37:04,"Hi, we're here to help you. Please email us at daznsocialreviews@dazn.com from your DAZN registered email ID, with device details, relevant screenshots/recordings, and this reviewer ID only privately via email it will help us investigate and assist you further."
2026-02-24T08:26:03.104626,DAZN,Google Play Store,2026-02-22T02:32:02,5.0,great boxing outlet for great fights,Spencer Reed,2026-02-22T07:50:34,"Hello Spencer, we truly appreciate your 5-star rating. Your support motivates us to keep raising the bar!"
2026-02-24T08:26:03.141689,DAZN,Google Play Store,2026-02-22T02:27:58,5.0,great app,Francisco Aguilar,2026-02-22T07:52:53,"We appreciate your kind words and the 5-star rating, Francisco. It’s fans like you who inspire us every day!"
2026-02-24T08:26:03.156126,DAZN,Google Play Store,2026-02-21T22:51:07,5.0,I love it,Ivory Williams,2026-02-22T00:10:57,Hi! Thank you so much for the 5-star rating! Keep choosing DAZN!
2026-02-24T08:26:03.174326,DAZN,Google Play Store,2026-02-21T22:39:35,1.0,Lousy programming.,Jerry Easley,2026-02-21T23:37:54,"Hi, we value your feedback and would like to better understand your concern. Please email us at daznsocialreviews@dazn.com from your DAZN-registered email address with more details about your concern, and this reviewer id - privately via email, our team will review it and assist you further."
2026-02-24T08:26:03.180204,DAZN,Google Play Store,2026-02-21T22:27:15,5.0,ok,Marc Odom,2026-02-21T22:54:03,Hi! Thank you so much for the 5-star rating! Keep choosing DAZN!
2026-02-24T08:26:03.201220,DAZN,Google Play Store,2026-02-21T21:54:50,5.0,good,Abdullahi Muddasir,2026-02-21T22:45:54,Hi! Thank you so much for the 5-star rating! Keep choosing DAZN!
2026-02-24T08:26:03.331360,DAZN,Google Play Store,2026-02-21T09:19:35,5.0,The best i can watch football,Kelvin Kauzeni,2026-02-21T09:53:34,"Hi Kelvin, thanks for the awesome feedback. We're always working to elevate the experience, and it’s great to hear that it's hitting the mark. Stay tuned, there’s more to come!"
2026-02-24T08:26:03.372403,DAZN,Google Play Store,2026-02-20T23:46:02,5.0,thank you,ANANE GABRIEL,2026-02-21T00:35:49,"HI Anane! thank you so much for the 5-star rating, Keep choosing DAZN!"
2026-02-24T08:26:03.418375,DAZN,Google Play Store,2026-02-20T22:17:42,5.0,Fab 5*,Jason Corbett,,
2026-02-24T08:26:03.452629,DAZN,Google Play Store,2026-02-20T13:14:38,1.0,bait and switch... do not trust DAZn,Patricio Suarez,2026-02-20T13:46:30,"Hi Patricio, we’d like to understand your concern. Please email us at daznsocialreviews@dazn.com from your DAZN-registered email ID, along with your device details, a description of the issue, and this reviewer ID. Our dedicated support team will assist you accordingly."
2026-02-24T08:26:03.498671,DAZN,Google Play Store,2026-02-20T07:04:20,1.0,nothing free here,Francisco Jenkins-Lopez,,
2026-02-24T08:26:03.507543,DAZN,Google Play Store,2026-02-20T05:25:14,1.0,"This app sucks, they lock you in with a contract and they won't let you get out of it. So do not sign up for this app. I will continue to give it bad grades because their customer service is another story. Terrible.",mike m,2026-02-20T09:20:24,"Hello Mike, To help us investigate more effectively please email us at daznsocialreviews@dazn.com from your DAZN‑registered email ID so we can verify your account and assist you further. We kindly ask that you include the following details in your email, this reviewer ID, screenshots - only privately via email."
2026-02-24T08:26:03.632425,DAZN,Google Play Store,2026-02-20T04:27:02,1.0,"Brutal app, even worse customer service. Would regularly crash during use, not able to use outside of Canada, and was autocharged upon expiry of my membership without my consent. Not to mention how expensive it is. Definitely not worth it.",Matt S,2026-02-20T08:45:52,"Hi Matt! We're here to help you. Please email us at daznsocialreviews@dazn.com from the email address registered with DAZN, relevant screenshots and this reviewer ID – only privately via email. This will allow us to review your case and provide you with better assistance."
2026-02-24T08:26:03.637522,DAZN,Google Play Store,2026-02-20T03:12:09,1.0,paying for a year subscription and still have to pay for a fight the only good fight for the whole year subscription,Dario Picasso,,
2026-02-24T08:26:03.669270,DAZN,Google Play Store,2026-02-19T23:54:30,1.0,"awful on my tablet. opens in portrait and can't change it to landscape, but the videos play on landscape. why would I want to scroll I. one and watch in the other. absolutely dreadful. zero stars",david smith,2026-02-20T00:50:43,"Hello David, we're here to help you. Please email us at daznsocialreviews@dazn.com from your DAZN‑registered email ID, and we will look into your case. If you could share device details, relevant screenshots/screen recordings, and this reviewer ID - only privately via email - it will help us investigate and assist you further."
2026-02-24T08:26:03.672230,DAZN,Google Play Store,2026-02-19T22:21:07,5.0,best app for sports.,Junn Karlo Espinosa,2026-02-20T00:56:41,Hello Junn! Thank you for your kind words and the 5-star rating! We appreciate you for having us on your roster.
2026-02-24T08:26:03.705633,DAZN,Google Play Store,2026-02-19T18:43:38,5.0,nice 👍,Suresh Molik,2026-02-19T20:35:41,Hello Suresh! Thank you for your kind words and the 5-star rating! We appreciate you for having us on your roster.
2026-02-24T08:26:03.708978,DAZN,Google Play Store,2026-02-18T19:31:43,5.0,it's not fake and it has no ads,Tumusiime Fred,2026-02-18T20:29:15,Hi! Thank you for your kind words and the 5-star rating! We appreciate you including us on your list.
2026-02-24T08:26:03.737434,DAZN,Google Play Store,2026-02-18T19:12:06,1.0,"Terrible App. Incredibly slow. There's a string of text that is often displayed during the steam. I cancelled the service 30 days before the renewal, in my account it was written that there would be no more money taken from my credit card, they reactivated my account for 2 weeks and charged me. Thieves.",Jeff Bedard,2026-02-18T20:26:22,"Hi Jeff! We're here to help you and would like to check your case. Please email us at daznsocialreviews@dazn.com from the email address registered with DAZN, device details, details of your concern, relevant screenshots and this reviewer ID – only privately via email. This will allow us to review your case and provide you with better assistance."
2026-02-24T08:26:03.743929,DAZN,Google Play Store,2026-02-18T18:40:52,2.0,"Not great for soccer for the price. Plus when I wanted to cancel, I found out it was locked for a year.",M Ziyaad R,,
2026-02-24T08:26:03.752879,DAZN,Google Play Store,2026-02-18T14:37:04,1.0,si hubiera una opcion de cero estrellas se las daria ya cancele la suscripcion y me siguen cobrando,Nery Gonzalez,2026-02-18T14:41:09,"Hola Nery, gracias por informarnos sobre esto. Para ayudarnos a revisar los cargos repetidos y asistirte mejor, por favor contáctanos en daznsocialreviews@dazn.com con el correo electrónico registrado en tu cuenta DAZN y cualquier captura de pantalla relevante. Nuestro equipo investigará el asunto y te brindará el apoyo correspondiente."
2026-02-24T08:26:03.755473,DAZN,Google Play Store,2026-02-18T08:50:12,1.0,"Incompatible with GrapheneOS, overpriced and poorly programmed too.",Hugo Ochoa,2026-02-18T09:10:35,"Hi Hugo, we’d like to understand your concern. Please email us at daznsocialreviews@dazn.com from your DAZN-registered email ID, along with your device details, a description of the issue, and this reviewer ID. Our dedicated support team will assist you accordingly."
2026-02-24T08:26:03.773090,DAZN,Google Play Store,2026-02-18T07:38:41,5.0,nice,Sammar Ch,2026-02-18T09:01:09,"Hi Sammar, thank you for the 5 stars. Keep choosing DAZN!"
2026-02-24T08:26:03.863533,DAZN,Google Play Store,2026-02-18T06:38:23,1.0,"App is fine. A bit glitchy. But the scummy, sneaky annual contracts are unacceptable. Be careful when you sign up. Read the fine print.",Jonathan Huot,2026-02-18T09:06:37,"Hi Jonathan, thank you for reaching out. Please email us at daznsocialreviews@dazn.com from your DAZN‑registered email ID along with your device details, relevant screenshots/screen recordings, and this reviewer ID - only privately via email - it will help us investigate and assist you further."
2026-02-24T08:26:03.973322,DAZN,Google Play Store,2026-02-17T00:18:53,5.0,Great for the sport,Gene Griffin,2026-02-17T00:38:19,"Hello Gene, we appreciate you giving us a 5-star rating. We're always working to elevate the experience, and it’s great to hear that it's hitting the mark. Stay tuned, there’s more to come!"
2026-02-24T08:26:04.081168,DAZN,Google Play Store,2026-02-17T00:18:27,5.0,excellent,JOAN KONAGA,2026-02-17T00:36:52,Hello Joan! Thank you for your kind words and the 5-star rating! We appreciate you for having us on your roster.
2026-02-24T08:26:04.096955,DAZN,Google Play Store,2026-02-15T22:13:53,5.0,very nice,Moses Kibaki,2026-02-15T23:04:01,Hello Moses! Thank you for your kind words and the 5-star rating! We appreciate you for having us on your roster.
2026-02-24T08:26:04.130456,DAZN,Google Play Store,2026-02-15T20:12:49,3.0,streaming is fuzzy and delayed for 40% of most fights. relatively no customer service.,Brother MO,2026-02-15T22:38:09,"Hi! We’re here to help and would love to take a closer look. Please send us your DAZN-registered email ID at daznsocialreviews@dazn.com, along with any relevant screenshots and this reviewer ID - only privately via email. Our dedicated team will assist you further."
2026-02-24T08:26:04.136121,DAZN,Google Play Store,2026-02-15T02:43:48,3.0,Worse than before. Difficult to navigate. Always pushing sports I'm not interested in.,SIMON GRANT,2026-02-15T09:32:58,"Hi Simon! We're here to help and would like to hear more about your experience. Please email us at daznsocialreviews@dazn.com from your DAZN registered email address, details of your concern and this reviewer ID – only privately via email. This will allow us to review your case and assist you further."
2026-02-24T08:26:04.243373,DAZN,Google Play Store,2026-02-15T00:08:34,3.0,"The audio should be not location based. If I watch La Liga, and the match is clearly being retransmitted in Spanish in Spain, why do I only have the option of watching it in German.",Mario López Batres,2026-02-17T09:21:40,"Hi Mario, you can change the audio language during playback by opening the audio settings in the player and selecting your preferred commentary. You can also update it via My Account > Profile & Settings > Language (top right). For further help, email daznsocialreviews@dazn.com from your DAZN-registered id with this reviewer ID privately via email."
2026-02-24T08:26:04.453802,DAZN,Google Play Store,2026-02-14T22:09:27,5.0,good,Mohd Musthafa,2026-02-14T23:19:54,Hello! Thank you for your kind words and the 5-star rating! We appreciate you for having us on your roster.
2026-02-24T08:26:04.456065,DAZN,Google Play Store,2026-02-14T21:34:51,1.0,"Dishonest Company - do not support. I have been a subscriber for a long time. I watch NFL and Six Nations Rugby which makes the annual subscription worth it for me. Without warning, DAZN stopped covering the Six Nations Rugby Championship. They will not offer a refund of any kind. I cancelled this service is no longer worth $282/year.",James Creech,2026-02-14T22:58:25,"Hi James, we’d never want any of our customers to have such a perception about us. Please elaborate on your concern at daznsocialreviews@dazn.com from your DAZN‑registered email ID, and your reviewer ID - only privately via email - it will help us investigate more effectively. We look forward to assisting you."
2026-02-24T08:26:04.523999,DAZN,Google Play Store,2026-02-14T21:00:20,1.0,Still the worst app I have ever used. Payment system is weird. Can't find my team easily. Cut out at the start and end of the match,Steve Archer,2026-02-14T21:20:27,"Hi, that’s not the kind of experience we aim to deliver. Please email us at daznsocialreviews@dazn.com from your DAZN‑registered email ID, and we will look into your case. If you could share device details, relevant screenshots/screen recordings, and this reviewer ID - only privately via email - it will help us investigate and assist you further."
2026-02-24T08:26:04.564829,DAZN,Google Play Store,2026-02-14T20:47:11,5.0,great,Frank Olmo,2026-02-14T21:22:28,Hello Frank! Thank you for your kind words and the 5-star rating! We appreciate you for having us on your roster.
2026-02-24T08:26:04.766651,DAZN,Google Play Store,2026-02-14T18:44:39,3.0,"Spesso da smartphone è quasi impossibile avere una risoluzione decente per tutti i 90 minuti. E se guardi una partita in differita è quasi impossibile non avere spoiler direttamente dalla copertina del match. Zero delay sulle pubblicità, quindi se apri il video e poi per sbaglio apri la chat, ti ribecchi la pubblicità quando torni sul video. Costo, con offerta 2 dispositivi, sostenibile, ma servizio di qualità inferiore al prezzo. Però puoi vedere gli highlights appena dopo le partite. Wow!",Lorenzo Cavallaro,2026-02-14T19:25:00,"Ciao Lorenzo! Siamo qui per aiutarti e ci piacerebbe dare un'occhiata più da vicino. Ti preghiamo di inviarci il tuo indirizzo email registrato su DAZN all'indirizzo daznsocialreviews@dazn.com, insieme a eventuali screenshot pertinenti e questo ID recensore - solo privatamente via email. Il nostro team dedicato ti assisterà ulteriormente."
2026-02-24T08:26:04.788488,DAZN,Google Play Store,2026-02-14T18:42:29,5.0,excellent I like it very used easy and best,linnkhine htay,2026-02-14T20:56:53,Hello! Thank you for your kind words and the 5-star rating! We appreciate you for having us on your roster.
2026-02-24T08:26:05.125097,DAZN,Google Play Store,2026-02-14T16:58:12,2.0,"Mehr Werbung, höhere Kosten, schlechte Qualität, schlechte Abo-Auswahl, 6 Wochen ein Box-Wettkampf als Pop Up waren letztendlich dann der Grund für die Kündigung, schade!",Lukas Stoffer,2026-02-14T17:41:12,"Hallo Lukas, wir möchten nicht, dass Sie diesen Eindruck haben. Bitte schildern Sie Ihr Anliegen ausführlich per E-Mail an daznsocialreviews@dazn.com von Ihrer bei DAZN registrierten Adresse und geben Sie Ihre Rezensenten-ID an, ausschließlich vertraulich per E-Mail. So können wir Ihren Fall gezielt prüfen und Sie bestmöglich unterstützen."
2026-02-24T08:26:05.524529,DAZN,Google Play Store,2026-02-14T10:59:12,1.0,funゾーンが非表示にしても永久に出てくる,Yan Non,2026-02-14T12:15:27,こんにちは。フィードバックをいただき、ありがとうございます。お客様のご意見は私たちにとって非常に重要であり、しっかりと記録させていただきました。ご質問がございましたら、DAZNに登録されているメールアドレスを使用して、daznsocialreviews@dazn.comまでお問い合わせください。
2026-02-24T08:26:05.624632,DAZN,Google Play Store,2026-02-14T09:08:35,1.0,"can rarely find the channels I actively search in the tab, the subscriptions is a mess surely with the intention to slow that process right down, truly infuriating. wasted over 80$ on a subscription I thought I had cancelled months ago",David O'Connor,2026-02-14T09:38:52,"Hi David! To assist you further and verify the details of your case, please reach out to us at daznsocialreviews@dazn.com with your DAZN-registered email ID and any relevant information. Our dedicated team will review your case and get back to you promptly."
2026-02-24T08:26:05.628852,DAZN,Google Play Store,2026-02-14T08:16:41,4.0,"I used for GamePass to watch my beloved Green Bay Packers. My experience with the app in Australia was mostly good this year, it would freeze every once in awhile but mostly worked great. Superbowl stream with American ads worked flawlessly.",Stacie Rider,2026-02-14T09:19:37,"Hi Stacie, thanks for your feedback. If you’re experiencing freezing issues, please email us at daznsocialreviews@dazn.com from your DAZN-registered email. Include your device details, relevant screenshot, and your reviewer ID (shared privately via email) so we can investigate and assist you further."
2026-02-24T08:26:05.703657,DAZN,Google Play Store,2026-02-14T05:50:31,1.0,"BEWARE! FREE TRIAL IS A SCAM! I canceled the same day, or so I thought. months later I found out I'm still getting charged. SCAM and GARBAGE service. Filed a dispute with my bank, and I had to force close the payment to stop them from scamming me out of more money.",Matthew Daniels,2026-02-14T09:16:41,"Hi Matthew! To assist you further and verify the details of your case, please reach out to us at daznsocialreviews@dazn.com with your DAZN-registered email ID and any relevant information. Our dedicated team will review your case and get back to you promptly."
2026-02-24T08:26:05.872842,DAZN,Google Play Store,2026-02-14T00:05:15,1.0,"awful app, awful company, never honour cashback deals when advertising through partners. hate the nfl use these",Roy Graham,,
2026-02-24T08:26:05.889816,DAZN,Google Play Store,2026-02-13T23:49:08,5.0,exceptional,okorie onwuchekwa,2026-02-14T00:13:29,Hello Okorie! Thank you for your kind words and the 5-star rating! We appreciate you for having us on your roster.
2026-02-24T08:26:05.923197,DAZN,Google Play Store,2026-02-13T12:53:42,5.0,Good 👍,Phyo Wai Lwin,2026-02-13T17:44:31,Hello Phyo! Thank you for your kind words and the 5-star rating! We appreciate you for having us on your roster.
2026-02-24T08:26:05.943857,DAZN,Google Play Store,2026-02-12T22:58:18,5.0,Very good,Rafael Mustapha,2026-02-13T00:20:05,Hello Rafael! Thank you for your kind words and the 5-star rating! We appreciate you for having us on your roster.
2026-02-24T08:26:05.946525,DAZN,Google Play Store,2026-02-11T22:32:44,1.0,They shouldn't have removed the US ads for UK viewers this was all part of the Sunday night experience.,Stephen Appleton,2026-02-11T23:18:19,"Hello, Stephen! We’ve recently updated how ads are managed on NFL Game Pass on DAZN. As part of this change, you may see fewer U.S. commercials and more locally managed DAZN ads. You’ll still get the full U.S. broadcast and commentary for all gameplay. We appreciate your feedback as we continue improving the experience for fans around the world."
2026-02-24T08:26:05.968683,DAZN,Google Play Store,2026-02-11T18:48:24,5.0,"⭐⭐⭐⭐⭐ Vishal was very professional, patient, and clear in explaining everything. He answered all my questions, confirmed my billing details, and made the process simple and stress free. I really appreciate the excellent customer service and quick support. Thank you!",Joc PO,2026-02-11T19:32:25,We’re delighted to hear that you had a great experience with our Customer Service team. Thank you for being part of the DAZN family. It means a lot to us to be a part of your sports journey. We’ve always here to help.
2026-02-24T08:26:05.972925,DAZN,Google Play Store,2026-02-11T12:34:29,1.0,A bad platform to watch the NFL in Australia. This is just one of the worst streaming apps in a flooded market. tbh if you are in Australia and don't follow a specific team do not waste your money on this really poor platform for watching NFL. Go with a Disney+ subscription where you get great value although not all games.,Jay Horvat,2025-12-28T00:51:37,"Hi Jay, we’d never want any of our customers to have such a perception about us. To help us understand and resolve the issue, please email us at daznsocialreviews@dazn.com with a brief description, relevant screenshots, your DAZN-registered email ID, and device details. We’re here to keep your DAZN experience uninterrupted."
2026-02-24T08:26:05.979539,DAZN,Google Play Store,2026-02-11T02:15:07,1.0,"The 30 day cancelation notice should not be allowed by the Google play store. They have the ability to cancel immediately, this is purely a last effort cash grab from customers wanting to leave the service.",Sean Hodson,,
2026-02-24T08:26:06.015355,DAZN,Google Play Store,2026-02-10T17:47:50,1.0,"Just tried to cancel my monthly subscription and it seems to have me locked in for a year, which is not what I signed up for at all. Very deceitful for this app. Shame on DAZN to have it set up this way. I better not see continuous payments coming out. Will NEVER get DAZN again and will not ever recommend it. Trash. want to give it zero stars.",Melissa Cramm,2026-02-10T19:09:36,"Hello Melissa, we’ve reviewed your case and can confirm you’ve been in touch with our support team and that your subscription has been cancelled per your request. If you have any further questions or need additional assistance, please feel free to reach out — our team is always here to help."
2026-02-24T08:26:06.021353,DAZN,Google Play Store,2026-02-10T06:51:14,1.0,was charged for annual when I selected monthly extra charge to change,Margaret Edmunds,2026-02-10T14:21:20,"Hi Margaret! DAZN does not charge annually if you have selected a monthly subscription plan. We’re here to help. Please email us at daznsocialreviews@dazn.com from your DAZN-registered email address and include your subscription details, this reviewer ID, and any relevant screenshots. This will allow us to review your case and assist you further."
2026-02-24T08:26:06.028980,DAZN,Google Play Store,2026-02-10T05:13:57,1.0,could not get the super bowl.. not impressed.,Sherri Webb,2026-02-10T09:10:23,"Hi, thanks for your feedback. To help us review and assist you further, please contact us at daznsocialreviews@dazn.com with your DAZN-registered email ID, your current streaming location, and your reviewer ID privately via email. Our team will look into this and assist you further."
2026-02-24T08:26:06.036347,DAZN,Google Play Store,2026-02-10T01:40:32,1.0,Impossible to cancel and zero customer service. Don't bother subscribing.,John,2026-02-10T02:30:47,"Hello, we'd like to check your case. Please email us at daznsocialreviews@dazn.com from your DAZN registered email address, details of your concern and this reviewer ID – only privately via email. This will allow us to review your case and assist you further."
2026-02-24T08:26:06.106844,DAZN,Google Play Store,2026-02-10T00:31:37,1.0,worthless,Louise Rice,2026-02-10T02:28:34,"Hi, we’d never want any of our customers to have such a perception about us. Please elaborate on your concern at daznsocialreviews@dazn.com from your DAZN‑registered email ID, and your reviewer ID - only privately via email - it will help us investigate more effectively. We look forward to assisting you."
2026-02-24T08:26:06.115968,DAZN,Google Play Store,2026-02-09T15:52:03,2.0,expensive,Jeff Campbell,,
2026-02-24T08:26:06.127256,DAZN,Google Play Store,2026-02-09T15:26:12,5.0,excellent,Talha Meniz,2026-02-09T15:44:45,"Hello Talha, thanks for the awesome feedback. We're always working to elevate the experience, and it’s great to hear that it's hitting the mark. Stay tuned, there’s more to come!"
2026-02-24T08:26:06.137467,DAZN,Google Play Store,2026-02-09T12:50:32,1.0,"the worst streaming expiriance, multiple layers of subscription to watch Glory Kickboxing. so glad they are canceled now.You can't manage your subscription etc.",Zoran Mesaros,2026-02-09T13:38:36,"Hi Zoran! That’s not the kind of experience we aim to deliver. Please email us at daznsocialreviews@dazn.com from your DAZN‑registered email ID and we will look into your case. If you could share device details, relevant screenshots, and this reviewer ID - only privately via email , it will help us investigate and assist you further."
2026-02-24T08:26:06.142578,DAZN,Google Play Store,2026-02-09T09:02:45,1.0,this was a good streaming app at one time. Now they lock you in to plans costing up to 24.99 monthly and more. I will never re subscribe once my plan finishes in a YEAR!!!,Karen N,,
2026-02-24T08:26:06.145493,DAZN,Google Play Store,2026-02-09T07:28:50,1.0,"You pay for the america broadcast but then it's constantly interrupted by some international ad service that you need to stop and start to get the real broadcast. Very annoying. Yeah probably much better off finding a ""direct stream"" 😉 to avoid that nonsense.",MrBlom00,2026-02-09T07:16:13,"We’ve recently updated how ads are managed on NFL Game Pass on DAZN. As part of this change, you may see fewer U.S. commercials and more locally managed DAZN ads. You’ll still get the full U.S. broadcast and commentary for all gameplay. We appreciate your feedback as we continue improving the experience for fans around the world."
2026-02-24T08:26:06.195441,DAZN,Google Play Store,2026-02-09T06:49:48,1.0,because you refuse to let people cancel their account. it's criminal and you will lose me as a customer when it's done.,Dennis,2026-02-09T07:06:37,"Hello Dennis, We are here to help you and would like to review your case. Please contact us at daznsocialreviews@dazn.com from your email address registered with DAZN, details about your concern and this reviewer ID privately via email. This will help us verify your situation and assist you further."
2026-02-24T08:26:06.210091,DAZN,Google Play Store,2026-02-09T04:46:12,2.0,stream stuttered nonstop during the superbowl,Thomas Henley,2026-02-09T05:02:01,"Hi Thomas, for immediate support, you can reach out to us via chat at https://bit.ly/3Ms9OEe - our team will be happy to assist you."
2026-02-24T08:26:06.272822,DAZN,Google Play Store,2026-02-09T04:34:01,1.0,what a piece of garbage. I pay for something to watch the superbowl and it logs out every 5 min.,Jeff Troy,2026-02-09T05:00:48,"Hi Jeff, for immediate support, you can reach out to us via chat at https://bit.ly/3Ms9OEe - our team will be happy to assist you."
2026-02-24T08:26:06.299049,DAZN,Google Play Store,2026-02-09T04:18:59,1.0,rip off,G,,
2026-02-24T08:26:06.315979,DAZN,Google Play Store,2026-02-09T03:32:42,1.0,unusable. live stream never starts,Krisztian Czako,2026-02-09T04:04:46,"Hi Krisztian, for immediate support, you can reach out to us via chat at https://bit.ly/3Ms9OEe - our team will be happy to assist you."
2026-02-24T08:26:06.364149,DAZN,Google Play Store,2026-02-09T03:15:11,1.0,"app works fine. however the programs you watch are showing ads. I feel as though if I'm paying for a subscription I shouldn't be getting any ads. just give me a count down for when the game will return..........switching it to a 1 star as I tried to cancel my subscription...only to find out my ""monthly"" subscription is a yearly one and cancelation came at a additional charge.......not what I signed up for....will absolutely not be returning or recommend to friends.",Peter Wilson,,
2026-02-24T08:26:06.381728,DAZN,Google Play Store,2026-02-09T00:02:15,5.0,Good app,Vuk Antic,2026-02-09T05:05:05,Hi! Thank you so much for the 5-star rating! Keep choosing DAZN!
2026-02-24T08:26:06.386260,DAZN,Google Play Store,2026-02-08T19:04:08,5.0,"I like this platform, unfortunately, only the language barrier.",Johnny “Menhlu” Fayia,,
2026-02-24T08:26:06.410281,DAZN,Google Play Store,2026-02-08T16:19:29,1.0,no sports in english,The Jer,,
2026-02-24T08:26:06.481282,DAZN,Google Play Store,2026-02-08T05:25:07,3.0,app was working fine till about a month ago...now when i open the DAZN App it says emulator detected and the app shuts down...im using a Chromebook and i dont know what changed there is no Emulator on my Chromebook,Rick Montoya,2026-02-08T10:33:00,"Hi Rick, We're here to help you. Please email us at daznsocialreviews@dazn.com from your DAZN‑registered email ID and we will look into your case. If you could share device details, ChromeOS version, relevant screen recordings (if possible), and this reviewer ID - only privately via email, it will help us investigate and assist you further."
2026-02-24T08:26:06.507254,DAZN,Google Play Store,2026-02-08T04:15:38,1.0,"Purchased a plan so I could watch the Guinness 6 Nations rugby, only to find on game day Dazn had dropped the tournament Very unhappy as I checked the DAZN site before purchasing, and they clearly showed they would stream all the games I do not recommend",Rick Marshall,2026-02-08T10:27:38,"Hi Rick, thanks for your feedback. Content availability can vary, and we’d like to look into this for you. Please contact us privately at daznsocialreviews@dazn.com using your DAZN-registered email ID, and include this reviewer ID. Our dedicated team will be happy to assist."
2026-02-24T08:26:06.558516,DAZN,Google Play Store,2026-02-08T01:39:52,1.0,gambling advert popups during streams you have to manual keep closing - so annoying,Richard Cropper,,
2026-02-24T08:26:06.561158,DAZN,Google Play Store,2026-02-08T00:51:39,5.0,great place to see sports,Charlesworth Sheppard,2026-02-08T01:02:31,Hello Charlesworth! Thank you for your kind words and the 5-star rating! We appreciate you for having us on your roster.
2026-02-24T08:26:06.574744,DAZN,Google Play Store,2026-02-08T00:48:10,1.0,very un happy. they mislead you. you can't pay what you watch they lock you in to at least haft a term. so we'll after season over thanks for taking half a year money from me. you lost my business and my friends as well. Dazn will only rip you off.,Gary Aubin,2026-02-08T01:00:41,"Hello Gary, we'd like to check your case. Please email us at daznsocialreviews@dazn.com from your DAZN-registered email address, details of your concern, and this reviewer ID – only privately via email. This will allow us to review your case and assist you further."
2026-02-24T08:26:06.580597,DAZN,Google Play Store,2026-02-08T00:36:56,1.0,App wont open on my phone which means i can't use it to log in to the tv app. utterly appalling given the constant price hikes and all the lying that goes with them. And now i'm finally in it wont let watch the boxing tonight without taking out a new subscription despite the fact I have have paid up until 3/7/26 No way will I ever be subscribing again.,steve champion,2026-02-08T00:54:20,"Hi Steve! We’re here to help and would love to take a closer look. Please send us your DAZN-registered email ID at daznsocialreviews@dazn.com, along with any relevant screenshots and this reviewer ID - only privately via email. Our dedicated team will assist you further."
2026-02-24T08:26:06.644683,DAZN,Google Play Store,2026-02-07T22:26:53,5.0,undisputable ✌🏿❣️,Adediji quyum,2026-02-08T01:03:54,Hello! Thank you for your kind words and the 5-star rating! We appreciate you for having us on your roster.
2026-02-24T08:26:06.652378,DAZN,Google Play Store,2026-02-07T21:08:02,1.0,expensive AND commercials? can't even say how disappointed I am in what this service has become,Niclas Schwarz,,
2026-02-24T08:26:06.707565,DAZN,Google Play Store,2026-02-07T20:30:17,1.0,DAZN are definitely scammy! Do not get suckered in by them. I subscribed to this app on a monthly basis to try it out and they signed me up for an annual subscription in the hidden contract details! AND they have made it almost impossible to unsubscribe with ridiculous extra obligations. I've heard stories of them still charging credit cards after people have unsubscribed through their TV platforms,Andre du Toit,2026-02-08T00:12:44,"Hello Andre, we'd like to check your case. Please email us at daznsocialreviews@dazn.com from your DAZN-registered email address, with details of your concern and this reviewer ID, only privately via email. This will allow us to review your case and assist you further."
2026-02-24T08:26:06.803753,DAZN,Google Play Store,2026-02-07T19:30:18,2.0,Good,Linet Mukabwa,,
2026-02-24T08:26:06.806811,DAZN,Google Play Store,2026-02-07T19:21:11,1.0,"The load times for live sports are incredibly slow. I was able to cast to my TV once, but it never connected again. Extremely disappointed.",caustic,2026-02-07T21:29:29,"Hi! That’s not the kind of experience we aim to deliver. Please email us at daznsocialreviews@dazn.com from your DAZN‑registered email ID, and we will look into your case. If you could share device details, relevant screenshots/screen recordings, and this reviewer ID - only privately via email - it will help us investigate and assist you further."
2026-02-24T08:26:06.813898,DAZN,Google Play Store,2026-02-07T18:50:37,1.0,don't subscribe guys. i paid but they just do whatever they want and restrict due to country restriction. then what am i paying for? great scamming experience. there's so much sports steaming platform guys go pay for what's worth it,TheZimDin (HZK),2026-02-07T21:26:16,"Hello! We want to make things right for you. Please email us at daznsocialreviews@dazn.com from your DAZN registered email address, details of your concern, and this reviewer ID – only privately via email. This will allow us to review your case and assist you further."
2026-02-24T08:26:07.866014,DAZN,Apple App Store,2026-02-22T10:46:44-07:00,1.0,"At this point DAZN is just a ripoff. I’m paying $20 a month for basically nothing. Anytime a decent fight is aired it’s a PPV event. I would think that a subscription holder would at least get a discount on PPV events. But no, they don’t even offer that.",DSherm022,,
2026-02-24T08:26:07.899561,DAZN,Apple App Store,2026-02-21T23:27:18-07:00,1.0,You should be able to purchase a pay per view without being forced to a seven day trial that you later have to manually go in cancel or else it’ll automatically start billing you,Bluna505,,
2026-02-24T08:26:07.904587,DAZN,Apple App Store,2026-02-21T22:58:24-07:00,1.0,After paying for the fight event I saw fights that wasn’t even on the card included a Floyd May-weather fight that was old as hell but the fight I paid for never came on which was the Ryan Garcia fight . . . I can’t tell you how dissatisfied I am right now . It’s almost 1:00 in the morning & Floyd is on but no Garcia . . . Smh !!,Beau/FTC,,
2026-02-24T08:26:07.907087,DAZN,Apple App Store,2026-02-21T22:02:56-07:00,1.0,Watched the Ryan Garcia vs Mario Barrios fight and fight would buffer almost each round. First time subscriber and I don’t recommend using this platform as it ruins hyped moments when fighters are in action and crown is going crazy!,Erik DeLaO,,
2026-02-24T08:26:07.911419,DAZN,Apple App Store,2026-02-21T20:57:54-07:00,1.0,"I accidentally paid for the annual subscription when I was trying to purchase a ppv event, I immediately contacted chat support to fix the error and they said I was already committed to a 12 contract for $44.99 a month with nothing they can do",David113i615,,
2026-02-24T08:26:07.919575,DAZN,Apple App Store,2026-02-21T20:38:48-07:00,1.0,Horrible that they make us sign up for a monthly subscription plus pay for the PPV,Memoc28,,
2026-02-24T08:26:07.955300,DAZN,Apple App Store,2026-02-21T19:01:17-07:00,1.0,Fighter coming off losses does not qualify for ppv IJS,tainoswordsman,,
2026-02-24T08:26:07.971966,DAZN,Apple App Store,2026-02-21T18:53:44-07:00,1.0,It told me I was streaming on to many devices when I wasn’t. So dumb and greedy.,Iknow1234,,
2026-02-24T08:26:07.990989,DAZN,Apple App Store,2026-02-21T18:09:57-07:00,1.0,This app is Horrible keeps on loosing connection. You should refund every customer,Cowboys/ longhorns,,
2026-02-24T08:26:08.067485,DAZN,Apple App Store,2026-02-21T17:27:54-07:00,1.0,Everything good is additional pay per view.   I am watching UFC on paramount+.  Prefer boxing but you guys are ruining it,jeff1949,,
2026-02-24T08:26:08.071086,DAZN,Apple App Store,2026-02-21T17:22:01-07:00,1.0,Paid for PPV and the feed quality is horrible! I’d like a refund or credit for the next PPV that is not like this.,Poor quality in view,,
2026-02-24T08:26:08.075963,DAZN,Apple App Store,2026-02-21T17:11:18-07:00,1.0,It’s suck,soulreaper.13,,
2026-02-24T08:26:08.092995,DAZN,Apple App Store,2026-02-21T17:05:15-07:00,1.0,Payment issues if mistakes are made,Ron Da Builder,,
2026-02-24T08:26:08.111917,DAZN,Apple App Store,2026-02-21T16:59:38-07:00,5.0,Best boxing app ever im very happy with this app Thanks to the golden boy,Cowboy Cruz Cards,,
2026-02-24T08:26:08.125879,DAZN,Apple App Store,2026-02-21T16:26:44-07:00,1.0,Quality is terrible for $75!!! Go back to PPV!,ccccffffhhhhrr,,
2026-02-24T08:26:08.128303,DAZN,Apple App Store,2026-02-21T14:05:22-07:00,1.0,The app needs better tech and a better customer service been getting charged from two separate accounts with the same email and nobody is responsive,zay357ph,,
2026-02-24T08:26:08.196213,DAZN,Apple App Store,2026-02-21T13:40:51-07:00,1.0,I downloaded dazn to order ppv Garcia fight but it keep’s crashing. So I guess I’m not ordering the fight,Big chief 314,,
2026-02-24T08:26:08.237577,DAZN,Apple App Store,2026-02-20T15:08:14-07:00,1.0,Too damn high,Keykisses,,
2026-02-24T08:26:08.278095,DAZN,Apple App Store,2026-02-20T13:13:45-07:00,1.0,Last two years DAZN was great. Not there’s always some sort of technical difficulty. Unable to watch most of the Liga F games because of the technical difficulties or the notifications do not work. Then the Liga F games are not available with English commentary or CC. I’m learning but it is hard to enjoy when I’m looking up the correct translation. Why did it change? It’s free so I guess you get what you pay for,Evilslynm,,
2026-02-24T08:26:08.297948,DAZN,Apple App Store,2026-02-20T07:40:09-07:00,1.0,I hate this app. I only signed up for a monthly subscription to watch the club wc last year. And to my surprise I was enrolled on some yearly monthly payment plan. I cancelled it last year in September and I’m still being billed till date. I’ve sent multiple emails to get this addressed and get my refund but nothing. I’m still being billed. So disappointed with this,OtakuRacerRx10,,
2026-02-24T08:26:08.321985,DAZN,Apple App Store,2026-02-19T17:07:12-07:00,1.0,The fact that they try to sign you up to automatically pay for a year is INSANE. Netflix… Disney plus and Hulu don’t even do that and they are way bigger than this goofy app and yall went up to $45 a month a freaking joke I will never get this again,Dani0152,,
2026-02-24T08:26:08.332422,DAZN,Apple App Store,2026-02-18T15:26:51-07:00,5.0,Buena app la programación no se traba,Jimmy bena,,
2026-02-24T08:26:08.339164,DAZN,Apple App Store,2026-02-16T12:10:23-07:00,1.0,"I signed up for a month by month subscription and was enrolled in a plan requiring a year long commitment without my consent. There are few options to contact this company other than a hard to use web browser based chat. After a considerable back and forth, the agent I spoke with disconnected me rather than address my concerns. Be wary of what you sign up for. I will not sign up again.",Johnny C 650,,
2026-02-24T08:26:08.349282,DAZN,Apple App Store,2026-02-16T07:58:24-07:00,1.0,This app is constantly glitching it will even kick us out in the middle of a fight we have to wait and restart the app the quality has gone down completely i have tried to be patient but the subscription is to expensive for things like this to be happening so i will be canceling after the Ryan Garcia Fight fights are becoming more easly accessible on other streaming serviced that don’t have the issues Dazn has,kayleesmoaaownaj,,
2026-02-24T08:26:08.362920,DAZN,Apple App Store,2026-02-15T14:49:15-07:00,3.0,This app freezes often,activemarc1221,,
2026-02-24T08:26:08.440204,DAZN,Apple App Store,2026-02-12T10:31:47-07:00,1.0,It’s a scam you can’t cancel it had to block on my credit card do not do it,Alankidwell,,
2026-02-24T08:26:08.448963,DAZN,Apple App Store,2026-02-12T07:51:45-07:00,1.0,"Purchased a boxing PPV event and had to subscribe to the service with a 7 day trial offer. The PPV event lagged terribly (the only streaming service to do so) and even though I cancelled on the 7th day, I was still billed. I will never do business with this streaming service again.",Big-Rocky,,
2026-02-24T08:26:08.453832,DAZN,Apple App Store,2026-02-11T21:14:18-07:00,1.0,Do not give your money to this company they resort to shady methods to scam you for more money,Mattaz02,,
2026-02-24T08:26:08.520341,DAZN,Apple App Store,2026-02-10T20:08:29-07:00,1.0,No deja cancelar el mes tendré que hablar con mi banco,Pecimo todo,,
2026-02-24T08:26:08.540290,DAZN,Apple App Store,2026-02-10T14:26:26-07:00,5.0,Es el mejor canal deportivo en español .,El pirob,,
2026-02-24T08:26:08.551301,DAZN,Apple App Store,2026-02-08T20:22:56-07:00,1.0,"This sports streaming app Is horrible to say the least. The app dynamics is confusing and not user friendly. They ran a deal for the Super Bowl 2026 to pay a small fraction to be able to watch the game from another country other than the USAbut I was not able to watch it on my Apple TV, only on my phone which defeated the purpose to watch it with the family. So far I have not been able to cancel the app because they don’t offer that option for my subscription, I just hope they don’t charge me again because it is a waste of my money and time. Worst app ever !",Zaipre,,
2026-02-24T08:26:08.554915,DAZN,Apple App Store,2026-02-08T18:04:53-07:00,1.0,"Terrible, unavailable and false advertising",JustKeepinItReal13,,
2026-02-24T08:26:08.583114,DAZN,Apple App Store,2026-02-08T17:44:16-07:00,1.0,So I added this to my Fire-stick to watch the Super Bowl in Barbados. Never was informed it was only on mobile devices.  I am not watching the Super Bowl on my phone.  Tried to cancel and get a refund and they wouldn’t give me a refund. Unethical and deceiving.   Will be disputing this on my card and will NEVER use them again.,Bitty2017!,,
2026-02-24T08:26:08.620909,DAZN,Apple App Store,2026-02-08T16:56:01-07:00,1.0,Why?,Larry 123,,
2026-02-24T08:26:08.771022,DAZN,Apple App Store,2026-02-08T09:20:39-07:00,5.0,I have a script yearly subscription going on two years now,Plumbing boxer,,
2026-02-24T08:26:08.814472,DAZN,Apple App Store,2026-02-08T09:09:12-07:00,1.0,Can’t cancel and they just take money out of your account for monthly payments,I am the owner of roblox,,
2026-02-24T08:26:08.883320,DAZN,Apple App Store,2026-02-07T19:59:59-07:00,1.0,"They consistently freeze up during live events. The UFC rarely has these issues in a year, let alone the 15+ times it happened for DAZN tonight. Fix it or sell to someone that will improve your pathetic technology.",Pelegoal,,
2026-02-24T08:26:08.888539,DAZN,Apple App Store,2026-02-07T15:00:31-07:00,1.0,Terrible,Hawkgoat,,
2026-02-24T08:26:08.891664,DAZN,Apple App Store,2026-02-06T01:42:16-07:00,4.0,Good app to watch sports but need more exciting ones.,Yohji821,,
2026-02-24T08:26:08.917270,DAZN,Apple App Store,2026-02-04T01:36:29-07:00,1.0,"i need a refund, and there is no way to get that",chemon1,,
2026-02-24T08:26:08.941207,DAZN,Apple App Store,2026-02-03T21:03:44-07:00,1.0,I got scammed into paying for this POs site for an entire year. This app sucks and doesn’t work half the time.,tonym sock cucka,,
2026-02-24T08:26:08.976373,DAZN,Apple App Store,2026-02-03T16:19:22-07:00,1.0,"They have a very deceptive billing policy. I started a monthly plan on January 3rd to test out the service. I decided it wasn’t for me and canceled on January 20th before the month was over. Well, turns out that when you cancel, they don’t let you cancel when the billing period is over. The actual cancellation date is 30 days from the day you canceled and you end up getting another prorated charged on your credit card. Be very cautious before signing up with this service.",theXFiler,,
2026-02-24T08:26:09.021832,DAZN,Apple App Store,2026-02-02T20:53:53-07:00,1.0,"They’ve charge me twice when ordering a fight , and couldn’t get a response when trying to get my money back.",fgshshsjdjdk,,
2026-02-24T08:26:09.052426,DAZN,Apple App Store,2026-02-02T17:26:52-07:00,1.0,"There was a boxing match we wanted to watch, DAZN was the only way to do so. I signed up, paid my 47.69 subscription fee. Well I went to cancel and what do you know, I’m stuck with the app and the monthly payment of 47.69 for 12 months. There is no getting past it. I tried speaking to someone with no help at all. They said my subscription and payments will stop in 2027. 10/10 DO NOT RECOMMEND!!!  I wouldn’t have left any stars but it made me pick to leave a review.",Gahdbfk,,
2026-02-24T08:26:09.088126,DAZN,Apple App Store,2026-02-02T17:12:14-07:00,5.0,"It’s almost impossible to contact customer service. There is no number to call. If you end the subscription they want you to pay for a year, that’s insane.",Angry customer6454,,
2026-02-24T08:26:09.103754,DAZN,Apple App Store,2026-02-02T07:37:03-07:00,1.0,It sucks to be charged on the same email account twice and can only steam once. I wouldn’t have paid twice had the fight showed after I purchased!,OrangeFaceTrump,,
2026-02-24T08:26:09.111401,DAZN,Apple App Store,2026-02-01T19:43:08-07:00,1.0,I’m trying to cancel and it doesn’t allow me to,munchy531,,
2026-02-24T08:26:09.157391,DAZN,Apple App Store,2026-02-01T05:10:36-07:00,4.0,Fine,Moskaato,,
2026-02-24T08:26:09.161556,DAZN,Apple App Store,2026-02-01T03:37:33-07:00,1.0,They give you the hardest time to try and cancel subscription bil,Lahkayla,,
2026-02-24T08:26:09.234846,DAZN,Apple App Store,2026-01-31T22:52:37-07:00,1.0,"one of the things that makes me furious is when you try to subscribe to something online and it doesn’t work for some reason, but you spend most of the night trying to cancel the damn thing  This is the 2nd time I’ve had it out with them, it’s what happens when you’re trying to be cheap.  So this is on me.",Watchboyandboy,,
2026-02-24T08:26:09.256482,DAZN,Apple App Store,2026-01-31T22:32:20-07:00,1.0,"Stream stop multiple times it was clear, but it kept stopping and not to sign up online. It was hard as hell to watch to stream the video.",ineedsomedunks,,
2026-02-24T08:26:09.258922,DAZN,Apple App Store,2026-01-31T22:21:11-07:00,1.0,Spent $70 to watch the boxing match tonight. The whole fight was on and off. Tried what they suggested and didn’t work!,357Kid,,
2026-02-24T08:26:09.304725,DAZN,Apple App Store,2026-01-31T22:01:18-07:00,5.0,Good,SuperBuyer,,
2026-02-24T08:26:09.348798,DAZN,Apple App Store,2026-01-31T21:59:05-07:00,1.0,If I could gave no star I would. Can’t even cast,Kcarmi01,,
2026-02-24T08:26:09.472960,DAZN,Apple App Store,2026-01-31T21:58:59-07:00,1.0,Scam they still a lot of money they will keep charging subscription even though you cancelled it,elmeromaletoj,,
2026-02-24T08:26:09.492170,DAZN,Apple App Store,2026-01-31T21:35:30-07:00,1.0,"Very slow , kept on replying the first 4 seconds of the fight",Teo boxing,,
2026-02-24T08:26:09.498640,DAZN,Apple App Store,2026-01-31T21:16:13-07:00,1.0,Suck skipped didn’t get to Watch,doubleRworld,,
2026-02-24T08:26:09.503758,DAZN,Apple App Store,2026-01-31T21:04:08-07:00,1.0,I’m paying all this money for the stream to my tv to be acting up,Jr crisp,,
2026-02-24T08:26:09.642458,DAZN,Apple App Store,2026-01-31T20:34:50-07:00,1.0,The main fight about to start and it froze on us. Want my money back,Claud9604,,
2026-02-24T08:26:09.645820,DAZN,Apple App Store,2026-01-31T20:26:49-07:00,1.0,Terrible streaming feed!!!!,PhillyPDX,,
2026-02-24T08:26:09.656909,DAZN,Apple App Store,2026-01-31T20:16:03-07:00,1.0,We paid $70 to watch the Ortiz vs Davis and couldn’t watch the fight. It kept glitching!!!,Lalarod777,,
2026-02-24T08:26:09.738450,DAZN,Apple App Store,2026-01-31T19:45:31-07:00,1.0,"I purchased the fight and it does not translate over to the app, this service is a joke",Kruiz97,,
2026-02-24T08:26:09.748412,DAZN,Apple App Store,2026-01-31T19:11:39-07:00,5.0,I kind of like it but needs to have more soccer like liga MX and el mundial soccer,Blessed from God!,,
2026-02-24T08:26:09.755170,DAZN,Apple App Store,2026-01-31T19:10:27-07:00,1.0,"Intermittent: Reception is poor,  and continues intermittent. Poor quality for $69.00:  refund  👀😰😰🥶🥶",Yardie1030,,
2026-02-24T08:26:09.767733,DAZN,Apple App Store,2026-01-31T18:41:28-07:00,5.0,Can’t watch fight on tv,GERM P,,
2026-02-24T08:26:09.779494,DAZN,Apple App Store,2026-01-31T17:50:30-07:00,1.0,I just paid $110 & I can’t watch the fight on my TV,MackSuccess,,
2026-02-24T08:26:09.807896,DAZN,Apple App Store,2026-01-31T17:41:00-07:00,1.0,Too expensive and you still have to pay for big name fights,nazario barrios,,
2026-02-24T08:26:09.889666,DAZN,Apple App Store,2026-01-31T17:25:27-07:00,1.0,You have to hire Ethan Hunt and his Mission Impossible team to find a way to cancel your subscription or close your account. Sleezy app.,TMC757,,
2026-02-24T08:26:09.893717,DAZN,Apple App Store,2026-01-31T17:24:18-07:00,1.0,The content doesn’t justify the price. It is not worth it to pay $30 and up per month and still have to pay for PPV events. Then canceling the free trial subscription is unnecessarily difficult. The prices are unreasonable.,Average Boxing Fan,,
2026-02-24T08:26:09.952963,DAZN,Apple App Store,2026-01-31T17:04:46-07:00,1.0,"DAZN app on the TV sucks. It says, Something Went Wrong…you can’t access right now.",Subscriber 99,,
2026-02-24T08:26:09.956863,DAZN,Apple App Store,2026-01-31T16:56:17-07:00,5.0,Great,Easy so 48,,
2026-02-24T08:26:09.960147,DAZN,Apple App Store,2026-01-31T15:53:28-07:00,1.0,Why can I just pay for the fight?? There is nothing else on the platform I want access to. Crazy work!!!,"Blake ""Professor B"" Simon",,
2026-02-24T08:26:09.963369,DAZN,Apple App Store,2026-01-31T13:01:56-07:00,2.0,I have had DAZN for a couple of years now. If it wasn’t for my favorite boxers I would have canceled already!,Siegle-Smith,,
2026-02-24T08:26:09.965804,DAZN,Apple App Store,2026-01-31T12:22:18-07:00,1.0,They are a scam,btx.alex,,
2026-02-24T08:26:09.970006,DAZN,Apple App Store,2026-01-31T12:08:40-07:00,1.0,This is the most unreliable app ever. Every other time I try to watch I get the “Our apologies” screen. Who designed this garbage?,Ryan4178,,
2026-02-24T08:26:09.974173,DAZN,Apple App Store,2026-01-31T11:12:21-07:00,1.0,I bought the ppv bundle and still have to pay for a month of DAZN even though I already payed for the other ppv.  Super Shady.  DAZN started out saying no ppv and now they do this stuff.,toddddddxxxxxxzzddg,,
2026-02-24T08:26:09.980012,DAZN,Apple App Store,2026-01-31T09:19:49-07:00,1.0,I choose the monthly subscription.   I read the page before payment clearly.  It said; “Cancel anytime with a 30-day notice.   I logged in and saw that I was subscribed for a year with no option to cancel.   I chatted with a rep. who told me I needed to pay an immediate early termination settlement.   I asked him how much that was.   Then he says that isn’t an option anymore.   Avoid this company at all costs.,Another Sucker388,,
2026-02-24T08:26:09.985869,DAZN,Apple App Store,2026-01-30T00:23:03-07:00,1.0,DAZN sucks,John215tttttt,,
2026-02-24T08:26:10.006353,DAZN,Apple App Store,2026-01-28T12:30:08-07:00,1.0,Sucks - brand new TV app always glitches,TheBigmanu124,,
2026-02-24T08:26:10.035864,DAZN,Apple App Store,2026-01-28T06:14:58-07:00,5.0,Bueno,el manguito baten,,
2026-02-24T08:26:10.041155,DAZN,Apple App Store,2026-01-26T09:04:07-07:00,1.0,The cancellation policy is non existent. Been trying cancel for months!  What a scam.  Had to contact my credit card company to file a dispute,Wordgirl13,,
2026-02-24T08:26:10.048729,DAZN,Apple App Store,2026-01-25T12:44:46-07:00,1.0,Payed to get NFL playoff games while visiting Costa Rica and does not work,J Zangerle,,
2026-02-24T08:26:10.053485,DAZN,Apple App Store,2026-01-25T00:38:43-07:00,1.0,they will keep you in a perpetual 14.99 loop for 2 years.,Metropolitan_Rob,,
2026-02-24T08:26:10.055952,DAZN,Apple App Store,2026-01-23T02:43:29-07:00,1.0,Scammers in the subscriptions…,-&;!/7’djana,,
2026-02-24T08:26:10.155031,DAZN,Apple App Store,2026-01-22T14:41:25-07:00,1.0,I’ve canceled my subscription and for some reason you guys keep charging me,MikeTaDa,,
2026-02-24T08:26:10.173521,DAZN,Apple App Store,2026-01-21T14:03:14-07:00,1.0,Juzguen el partido pero no hablen mentiras del Barcelona,Abybucryz,,
2026-02-24T08:26:10.237735,DAZN,Apple App Store,2026-01-20T02:19:26-07:00,1.0,"Used to enjoy the variety of Serie A, Budesliga and Frauen Bundesliga games.  Now so many are unavailable or replays or only available in Spanish; I can’t or won’t watch them.  I love trying to learn new languages but not while I’m trying to follow my favorite European teams. Also ZERO coverage of the Africa Cup of Nations.  Cancelling my subscription; shame because I used to enjoy the variety.",Ironhorse125,,
2026-02-24T08:26:10.321091,DAZN,Apple App Store,2026-01-19T20:42:45-07:00,1.0,Es un asco una basura una app de mrd les encanta robar dinero,Bichi you,,
2026-02-24T08:26:10.335159,DAZN,Apple App Store,2026-01-19T05:35:32-07:00,1.0,"They advertise as having nfl games, once I payed for the week, there was no nfl games to be watched I payed for nothing",Jshfnvt1342?,,
2026-02-24T08:26:10.378750,DAZN,Apple App Store,2026-01-18T07:18:25-07:00,1.0,"Unable to access content, the app kept redirecting me to opening an account or payment pages after charging me and did not work as advertised.",Boat addicted,,
2026-02-24T08:26:10.381799,DAZN,Apple App Store,2026-01-18T03:14:52-07:00,1.0,It’s a good app until you want to cancel a subscription. They won’t let you do it. The page to delete my nfl subscription simply doesn’t work. It seems like a scam sometimes. Still don’t know how to cancel my subscription,Gauss1189,,
2026-02-24T08:26:10.420508,DAZN,Apple App Store,2026-01-17T20:07:43-07:00,1.0,This app is horrible. Waste of money,Looking for Home Sweet Home,,
2026-02-24T08:26:10.437860,DAZN,Apple App Store,2026-01-17T18:26:21-07:00,1.0,"I bought this to watch NFL while traveling. After paying for NFL game pass, I tried to watch the game and it didn’t work.  I then requested a refund and support said I wasn’t eligible for a refund.  Scam of an app do not purchase if you’re wanting to watch the NFL",Bopman1234,,
2026-02-24T08:26:10.441758,DAZN,Apple App Store,2026-01-17T15:16:49-07:00,1.0,Signed up to watch NFL Game Pass out of country. You go to the app to watch it after paying and it’s just stuck on the location screen. Keeps saying you must be out of the US. I am out of the US you piece of junk. Then it goes black after stealing my money.,rainwithzephyr,,
2026-02-24T08:26:10.450409,DAZN,Apple App Store,2026-01-16T14:33:13-07:00,1.0,Do Not Do It. They will lock you into a reoccurring 12 month contract WITHOUT TELLING YOU and then make it a living hell for you to get out of!!  DO NOT DO IT,JTNY13,,
2026-02-24T08:26:10.453006,DAZN,Apple App Store,2026-01-15T07:53:54-07:00,1.0,Compré el plan para todo el año y no puedo ver nada de su programación. Me cobraron $225 . Quisiera que me den un número de telefónico,jorge momina,,
2026-02-24T08:26:10.463516,DAZN,Apple App Store,2026-01-15T04:33:37-07:00,1.0,They don’t show popular games and will take money out your account even after you unsubscribe,hgrrhd,,
2026-02-24T08:26:10.469228,DAZN,Apple App Store,2026-01-13T06:20:32-07:00,2.0,"I purchased the NFL pass when I was in Europe for 2 weeks. I intentionally purchased a package that I thought was a monthly packages so that I could get one month of NFL football while I was there, and cancel it once I left Europe. I was basically paying $25 for one game that I wanted to watch while I was there, and I was ok with what I viewed as being a little bit of an overpayment.  After canceling I was charged for two additional months. The package apparently was not monthly, it was for the year but I was charged monthly. So I ended up paying $75 to watch a single NFL game while I was abroad. This was not clear at all when I purchased the subscription, or I never would have purchased it. I contacted customer service (who was very responsive to their credit) but who denied me a refund for the additional 2 months.",cmd156,,
2026-02-24T08:26:10.521674,DAZN,Apple App Store,2026-01-12T07:10:42-07:00,3.0,"I am a new customer from USA. We signed up for the NFL package. We can watch the games and however, there is no audio.",Chuckhz,,
2026-02-24T08:26:10.529157,DAZN,Apple App Store,2026-01-12T02:59:42-07:00,1.0,Used to be that the complete US stream for NFL games. That suddenly changed during the season (after it‘s been paid for). Now you see the same couple of (German) ads on repeat or just the gamepass logo. Furthermore things like the new season of hard knocks which used to be included are missing,frog_ster,,
2026-02-24T08:26:17.462201,Sky Sports,Trustpilot,2026-02-19T12:56:36.000Z,1.0,"I have watched sky since it's inception in 1995 when it was fantastic... however never in my life have I watched utterly ridiculous performances by so called ""pundits"".. I can just about live with the super sunday team but even that at times is painful... however your sky sports news programme is nothing short of cringeworthy with these again so called expert pundits... yes they may have been footballers (bang average)in their day but my god please don't insult my intelligence. World beater jay boothroyd.. on ref watch my god is horrific...or fan club show is absolutely horrendous viewing with again these so called guest superstar footballers of whom I can't remember half their names because they are so easily forgotten.... if they're true to their self's they are being paid money for robbing a living and I'm sure behind the scenes they'll be saying that also...you can see it in their faces they're embarrassed and have no shame about what they doing but selfish enough to take the pay day.",Mark,,
2026-02-24T08:26:17.572115,Sky Sports,Trustpilot,2026-02-18T22:33:27.000Z,1.0,I've just cancelled my subscription after 16 years They are more concerned with virtue signaling than showing sports.I'm also tired of them trying to force WSL onto us all the timeI don't care about it. I don't know anyone that is interested in women's sports. Good riddance,Jv,,
2026-02-24T08:26:17.578380,Sky Sports,Trustpilot,2026-02-14T05:40:29.000Z,2.0,Come on sky sports sort you footage out fiji vs moa rugby game.we don't pay for rubbish coverage.,Willzahartykiwi,,
2026-02-24T08:26:17.582266,Sky Sports,Trustpilot,2026-02-14T03:55:50.000Z,1.0,Embarrassing ps.daiy telegraph and Espn media reporting lol 😂 embarrassing,George,,
2026-02-24T08:26:17.589609,Sky Sports,Trustpilot,2026-02-13T23:48:16.000Z,1.0,SKY CUSTOMER SINCE 1991SKY STATE 1998SINCE PAYMENTS RECORDS WILL SHOW 1991I WOULD LIKE A REFUND PLEASECAN'T AFFORD TO PAY YOUR PRICES FOR 7 YEARSWHEN I WASN'T A CUSTOMER🤣BACK IN 1991 NOT MUCH ON SKYBUT IT WAS EXCITING4 TV CHANNELS BECAME A LOT MORETHERE WAS 3 SPORTSSKY EUROSPORT SCREENSPORTAND A LOT OF FREE GERMAN ONES (NOT PART OF SKY)I REMAIN CONFUSED WHY MY SON USED TO GO DOWNSTAIRS LATE AT NIGHTTO WATCH THESE CHANNELSHE CAN'T SPEAK GERMANBEING AUSTIC HE CAN HARDLY SPEAK ENGLISH🤣THERE WAS A RAPID RISE WATCHING THESE CHANNELSMY SON GOT ENORMOUS PLEASUREA LOT OF HEAVY BREATHING - BUT WORTH ITPREM FOOTBALL STARTED IN 92LOADS OF INTERNATIONAL FOOTBALLSPANISH FOOTBALL - GUILLEM BALAGUE💝WITH DIGITAL CAME PLAYER CAM DIFFERENT GOAL CAMS90'S GOT BETTER AND BETTERTODAY PREM HAS MORE MATCHES -TRUEEFL HAS A CRAZY AMOUNT - GOODWELL MOST NOT RECORDABLESO ONLY SLIGHTLY GOODINTERNATIONAL FOOTBALL IS DIRENO SPANISH FOOTBALLYES GERMAN BUT HEY WE HAD THAT FOR FREEBEFORE DIGITALNO PLAYER CAMWROTE A THREAD ON SKY FORUMREQUESTING SPIDER CAM AND PLAYER CAMTO BE AVAILABLE TO WATCHFOR THE DURATION OF EACH MATCHSKY DELETED MEI HAVE BEEN A CUSTOMER LONGERTHAN MANY OF THEIR STAFF HAVE BEEN ALIVEBUT HEY I AM NOTHING TO THEMTHE LONGER YOU ARE WITH SKY THE BETTER IT GETSWORDS TO THAT EFFECTIF I COMMENTED -THE SWEAR BOX WOULD OVERFLOWSKY TENNIS PROCEEDS A GOLDEN AGEAMAZON PRIME TENNISCERTAINLY NOT CHEERLEADING FOR THEMBOY I HAVE PLENTY OF ISSUES WITH AMAZONAMZ WERE INITIALLY BAD BUT LEARN'T QUICKLYLIKE TENNIS TVMATCHES WERE RECORDED NO ADVERTSCOULD STORE IN YOUR LISTAMZ GAVE US BOTH WTA AND ATPTENNIS TV ONLY ATP BUT HAS A MASSIVE ARCHIVEBOTH INCREDIBLEHAD TENNIS TV FOR 3 MONTHS - BUT TOO EXPENSIVESKY TENNIS STARTED DIREIMPROVED TO VERY BADA FEW GAMES ARE NOW RECORDED -THANKSWHY NOT ALL ? - THAT ARE TV COVEREDTHEY INTRODUCED SKY SPORTS + - GOOD CHOICE BUT NOT RECORDABLEGREAT IF YOU DON'T WORK SLEEP HAVE BOTTY ISSUESHAVE A LIFESO THAT NARROWS IT DOWN TO ZEROFEEL LIKE DEJA VU - ALL OVER AGAIN WITH SKYPRESS RECORD ON QBOXPROGRAMME DURATION 7 HOURS OR SOWTA TENNIS SHOWN MOSTLYTHE SMALL AUDIENCE IS MOSTLY ASLEEPIN THE STADIA AND AT HOMEA FEW MINS OF MEN TO WATCHCANT'T KEEP THE RECORDING LONG QBOX SOON FILLS UP WITH JUNKSKY CRICKET ADVERTISED LAST MONTH THE PROTEAS ONSKY YET AGAIN ADVERTISING PROGRAMMES THEY WERE NOT SHOWINGTHE ASHES USED TO BE SHOWN HOME AND AWAYNOT IN AUSTRALIA ANYMORE DARTS IS PREFERREDENJOY DARTSMY DAD WAS A PUBLICAN IN HEREFORDSHIREFANTASTIC MEMORIES -SOCIALLY FIVE STARSBUT CRICKET IS THE NATIONAL SUMMER SPORT OF ENGLANDLAST YEAR SKY WAS ONLY SHOWING WOMEN'S CRICKET FOR EVER - IT SEEMEDMEN WERE ON TNT - ONLY £31 EXTRA A MONTH😡SKY STILL HAS A LOT OF DOMESTIC CRICKETBUT INCREASING LESS COUNTY MATCHESTHEY ARE OBSESSED WITH THE IPL AND THE HUNDREDONLY SEXY INTERESTS SKY CRICKETA GLOUCESTER RUGBY FAN - STUART BARNES A RIVAL BUT YOU WERE 5 STARSGREAT MEMORIES DOMESTIC AND EUROPE ON SKYAUTUMN INTERNATIONALSLOST IT ALLYES THEY HAVE SUMMER INTERNATIONALS AND THE LIONSTHE TIME FOR SUMMER SPORTSCOULD CARRY ON THE COMPLAINTS ABOUT ALL THE OTHER SPORTSTHAT WERE SHOWNOR ARE SHOWN - BADLYBUT WATCHING BAD SPORT COVERAGE NOWBBC WINTER OLYMPICSCONCENTRATINGDON'T WANT TO MISS US EVENTUALLY WINNING A MEDALSKELETON🤞I APPRECIATE THEIR IS ENORMOUS COMPETITIONBUT HEY IF YOU DON'T BID WE DON'T SEE BUT STILL HAVE TO PAY AN ENORMOUS FEEMAKE ALL GAMES ON SKY CHANNELS RECORDABLE/DOWNLOADABLEGIVES US SPIDER GAME/PLAYER CAM WHEN WE CHOOSESTADIUM SOUNDS RATHER THAN YOUR INEPT COMMENTATORSDON'T ADVERTISE PROGRAMMES YOU WILL NEVER SHOWMORE VARIETY IN THE TEAMS YOU SHOWNON-FOOTY FANS ASSUME LA LIGA ONLY HAD BARCA AND REALAND A HANDFUL OF TEAMS IN THE PREMLIKE TO CONTINUE MY MOAN - YOU DESERVE IT SKYBUT ZIMMER RACING TIMEWHEN I EVENTUALLY RETURN TO THE TVTHE SKELETON WILL HAVE STARTEDDON'T TOO EXCITED GUYSNICK LOVES LILAH HE IS DEVASTATEDANTICIPATION WAS BUILDING AND BUILDINGTHEN IT WAS OVER IN A FEW SECONDSTHEME TUNE TO OUR LIVES,ANNA DISABLED,,
2026-02-24T08:26:17.680534,Sky Sports,Trustpilot,2026-02-11T17:31:13.000Z,2.0,"Cricket commentary is dreadful. Repeated use of the same silly cliches, yelling and squealing if anyone scores a boundary, always speculating about what players are thinking. Just stick to commenting on the action where it adds value. We don’t want a continuous stream of waffle. Sky should offer a “no commentary” option that includes the ambient noise of the match but cuts out the inane drivel from the commentators.",Sue Bentley,,
2026-02-24T08:26:17.721288,Sky Sports,Trustpilot,2026-02-09T20:55:12.000Z,3.0,"Seriously thinking of cancelling my subscription with Sky Sports due to the shockingly boring punditry.   Gary Neville was an excellent footballer but really - sooo boring and so biased.  Jamie C just as bad.  Can’t you get anyone on who is interesting while still knowledgeable?   It’s mainly the match punditry I’m complaining about, the Sat afternoon panel are great.",Jacky Rossi,,
2026-02-24T08:26:17.728587,Sky Sports,Trustpilot,2026-02-07T15:29:56.000Z,1.0,"Trying to watch a live match on sky is a bloody joke, more time showing the player who put it into touch, then pan on the manager, before showing the crowd, oh I forgot the ball is in play said the camera man.",Phil Raymond,,
2026-02-24T08:26:17.766141,Sky Sports,Trustpilot,2026-02-05T19:13:28.000Z,1.0,I can't believe the service for atp tennis does no way match what we had with prime. It's is possible to watch atp tennis on Tennistv. This is why I've not considered sky. However tennistv has been inconsistent with the app on the TV in 2026. But at least you get hood ondemand. I can't believe we can't get the same excellent coverage as we did with prime. We should be supporting and encouraging this sport I stead we are regressing. But I suppose someone made a lot of money out of the changes,J Bu,,
2026-02-24T08:26:17.770437,Sky Sports,Trustpilot,2026-02-05T16:53:33.000Z,1.0,"How long before sky follows itv and starts showing adverts during live play along with all the other crap, I e meaningless  stats,endless  replays. The  Premier  league is  bad  enough  watching  already, 30 passes sideways and backwards  to progress  two  yards, not worth watching  anymore  and certainly  not worth the  money  sky and  other  platforms  charge  for it  keep  your money  in your  pocket",Roy Hatcher,,
2026-02-24T08:26:17.773987,Sky Sports,Trustpilot,2026-01-28T17:04:33.000Z,1.0,Who on earth is the woman commentating on the under 19 cricket world cup between Australia and the West Indies does she need to shout all the time she has a microphone in front of her so no need for her shouting her head off how does no one tell her about it!!,Derek,,
2026-02-24T08:26:17.777743,Sky Sports,Trustpilot,2026-01-27T01:30:33.000Z,1.0,"SKY TV used to be Britains most groundbreaking TV service, and specifically Sky Sports was arguably the greatest sports TV service the world had to offer. What we have had for the last 20 years is a slow decline, and is the result of the 'wokeification' of our nation. I won't get political, but its hard not too when all our favourite Soccer Saturday presenters are booted off the show in favour of soul less boring presenters and pundits. What happened to the glory days of Merson, Nicholls, Stelling and Kamara. I am only 30 years old, so you can hardly tell me that I'm some old grumpy man who needs to get with the times - its just CRAP TV. The people who pay for Sky Sports - ie the target demographic - is clearly Men aged 30+. They are the ones with higher salarys, usually stay in at weekend and will want a full TV package. Why do they not understand who the target demographic is? We do not want spiky haired females or Eni Aluko lecturing us.What's with the constant pushing of race baiters like Eni Aluko by Sky Sports? Trying to cause division in our country. She even had the galls to try and send for Ian Wright.It's time US the consumer started having a backbone, and just cancelling your sky sports package. I would say go even further and get rid of the whole lot, Sky as a whole does not even have the best exclusives now. If anything they are the bottom of the pile, have rubbish films on the movie section, and you are essentially paying Sky TV prices to just watch channels that would be on Freeview. Sky Sports is the exception however - I am a big Football and F1 fan, with a brief interest in Darts. I am only 30 but even I remember not that long ago, not needing Sky Sports and still being able to watch EVERY F1 race, and the majority of European games free mid week. Sky Sports has just bought everything, created a monopoly, and is cornering the market to force us all into having a TV subscription after everything included, will usually be £60-£100. Absolutely ludicrous, you can get basically the same with no sports for £8 a month if you only had netflix and free view. Sky needs to cut costs for the consumer, this is not some modern futuristic high tech service now. Its billy basic, and people only have Sky for the Sports now. However as soon as the Premier League gets their own streaming service, Sky will be defunct. Customers will not want to stay loyal to someone who has fleeced them for so long.",Billy Hextall,,
2026-02-24T08:26:17.839778,Sky Sports,Trustpilot,2026-01-25T15:38:33.000Z,1.0,"Absolutely terrible on the Now platform via PC, glad I have a cheaper 6 month subscription, I will not renew",Graham,,
2026-02-24T08:26:17.844535,Sky Sports,Trustpilot,2026-01-25T12:36:58.000Z,1.0,"Few things would please me more than to see the a$s fall out of football and bring both that money-machine and Sky Sports to its knees.  This bloated, dull and soulless sport costs obscene amounts of money per match which is then directly passed to the idiots that subscribe. As one of those idiots I am not going to bother once my contract ends as I will no longer pay for a sport that is so dull it would cure the most hardened insomniac. In short: Create a separate subscription for the sport of idiots and lower the price for the rest of the sports.",Bec,,
2026-02-24T08:26:17.920614,Sky Sports,Trustpilot,2026-01-23T10:04:20.000Z,1.0,"Golf coverage claims 'live golf'.What we get is Nick plus an other giving endless boring previews followed by coverage of a couple of chosen 3 balls only. Rest is taken up with repeats of previous days and top players in the range!!!!We've seen Rory hit a thousand shots, zero point in seeing him practice. While this nonsense goes on there is lots of great live golf we are missing.",Clive Rogerson,,
2026-02-24T08:26:17.954930,Sky Sports,Trustpilot,2026-01-19T13:27:59.000Z,1.0,How an earth is it acceptable for Gary Neville to be promoting violence against opposition football players! He has got to be fired.,Jamz B,,
2026-02-24T08:26:17.986345,Sky Sports,Trustpilot,2026-01-18T16:58:11.000Z,1.0,"I have had enough of Sky Sports and their blatant bias. Watching Arsenal games with ex Arsenal Alan Smith on Commentary, Liverpool matches with Jamie Carragher , Man Utd Matches with Gary Neville or any other co- commentator with established links to one of the teams in the game. None of them can hide their bias. I makes me wonder why I pay for it. Other broadcasters do a much better job.",John Naisbitt,,
2026-02-24T08:26:18.025402,Sky Sports,Trustpilot,2026-01-15T21:28:18.000Z,1.0,"Sky sports claim, the best is yet to come in 2026, really? I have never seen sky sports this bad, SkySports news full off amateurs and stats from fifa, more ads than content, and bringing fans on the show is embarrassing and of course cheap, too many cheap female sports and terrible commentary, the best is yet to come? Well it’s just a poor lie, RIPSKYSPORTS",Christopher Alexander,,
2026-02-24T08:26:18.035383,Sky Sports,Trustpilot,2026-01-07T22:30:20.000Z,1.0,It is beyond belief Neville is allowed to pundit on the beloveds.MUTV can't be as biased.90% of the punditry (Inc the commentator) is ALWAYS about how they are doing in a game. Ps. Burnley have just scored...Nevilles comments relate entirely about ManU!!!!,Steve Legend,,
2026-02-24T08:26:18.044386,Sky Sports,Trustpilot,2026-01-06T13:16:16.000Z,5.0,"Can you get that ignorant jay boothroyd of sky sports, arrogant, totally ignorant",mr i downes,,
2026-02-24T08:26:18.047278,Sky Sports,Trustpilot,2026-01-03T20:00:17.000Z,1.0,"Cancelled and taken to the high seas.I only had Sky Sports to watch football, but I am so sick of Sky Sports and the live directors just completely ruining the experience with too many cameras, too many closeups and too many cutaways. Why tf are the showing replays DURING THE LIVE PLAY?? I'm missing half the game because some failed wannabe film director thinks they need constant replays of everything. I want the wide angle so I can see the game! I don't need a closeup of a player's face, or the f-in manager! WJY WOULD YOU CUT TO SHOWING THE MANAGER??? I'm not paying for this garbage any more. I haven't enjoyed watching football on sky in years because it's so overpriced directed and I've had enough!",Real Name,,
2026-02-24T08:26:18.065090,Sky Sports,Trustpilot,2025-12-31T04:23:54.000Z,1.0,Experts at creating negative narratives to drive engagement. Makes me want to throw up.,customer,,
2026-02-24T08:26:18.080077,Sky Sports,Trustpilot,2025-12-31T12:47:19.000Z,1.0,"Switched to PDCTV this year to watch the darts as I'm sick to death watching Sky's relentless betting campaigns. Unashamedly socially destructive crap.Also awful is the low-IQ insistence on using ""lad language"" to desperately try and sound cool. Finishing is ""clutch"" (ugh!), a nil score is ""zip"", Alan Souter isn't Alan Souter, it's ""Souts"".Laura Turner's OK, but I think she learned a new word (""embroiled"") for Xmas judging by how often she said it.And can't someone stop Stuart Pyke sucking on a lozenge during commentary...? Absolutely minging, listening to his disgusting slurping, especially as he already sounds like he needs better dentures as it is...really hard to listen to, especially with headphones.",P,,
2026-02-24T08:26:18.095155,Sky Sports,Trustpilot,2025-12-29T22:57:57.000Z,5.0,"Without doubt, the best two Sky commentators together (in my opinion) are Gary Weaver and Andy Hinchcliffe. What a combo. Absolutely brilliant together. Gary Weaver for his descriptive language and Andy for his observations and analysis. Their interactions are almost telepathic.Love them. Neither never namedrops (unlike 3/4 others who shall remain nameless a ? Rio, Ally, Peter)",Michael Proctor,,
2026-02-24T08:26:18.105873,Sky Sports,Trustpilot,2025-12-28T15:17:31.000Z,1.0,"Sky Sports used to be the gold standard. Proper analysis, strong opinions, and pundits who weren’t afraid to upset someone’s nan. You’d finish a show having actually learned something about football.Now it feels like everyone’s had media training, a sensitivity briefing, and a reminder to “smile more” before going on air.Every discussion is so PC and careful it’s like watching a workplace induction video. Female presenters should stick to commentating on female football. No one disagrees, no one raises their voice, and any opinion stronger than “he did well there” gets quietly escorted out of the studio.The punditry has become especially painful. A lot of chat, very little insight, and analysis so obvious you can predict it before it’s said. “He wanted it more.” “Fine margins.” “It’s about character.” Cheers lads, really breaking new ground there.As for the pace of the shows — slow, polite, and utterly harmless. Football is tribal, emotional and chaotic, but Sky now presents it like a group therapy session where everyone’s feelings matter and no one’s allowed to be wrong.It still looks amazing in HD, mind you. Crystal clear visuals, pristine graphics… shame the excitement’s been left in standard definition somewhere around 2010.",Alan B,,
2026-02-24T08:26:18.129296,Sky Sports,Trustpilot,2025-12-28T15:14:48.000Z,1.0,The music sky sports play when they are looking at the table results and stats is absolute RUBBISH and needs to be dropped immediately.I have to mute the TV or change channel 🤬🤬🤬🤬🤬,Steven Barrett,,
2026-02-24T08:26:18.145728,Sky Sports,Trustpilot,2025-12-28T12:35:03.000Z,1.0,"Going downhill fast. Bring back soccer Am, the old version of Soccer Saturday and La Liga highlights. Used to love Sky not anymore. Feels 2nd rate these days.",A Taylor,,
2026-02-24T08:26:18.154376,Sky Sports,Trustpilot,2025-12-26T23:17:40.000Z,1.0,"Trying to watch live sports on Sky Sports on mobile is an exercise in futility - it simply sends you around a loop of logging in, instruction to view in Sky Sports app, opening the app and end up where you started! Nothing new mind, Sky’s IT has always been bad (except the subscription collection bit of course) - I suspect inadequate user testing.",Graham Lovelady,,
2026-02-24T08:26:18.161725,Sky Sports,Trustpilot,2025-12-22T22:45:41.000Z,2.0,"Please give those women commentators the women,s football...and leave the men to the mens game.Of course I watch with the mute button.Will be reconsidering whether I renew my account in the New Year!!!",john kirkham,,
2026-02-24T08:26:18.170311,Sky Sports,Trustpilot,2025-12-21T15:28:01.000Z,1.0,"Coverage of women’s League Cup Quarterfinal is absolute awful!  No game by game coverage, only “multi view”. 4 games simultaneously on screens means you can’t really watch any game.  Sky should be ashamed to undervalue women’s football.Coverages jumps around so frequently neither viewers nor commentators can properly follow any game.",Allen Thomas,,
2026-02-24T08:26:18.185165,Sky Sports,Trustpilot,2025-12-21T00:44:49.000Z,1.0,So I've just watched Leeds batter Palace 4-1 only to sit through the most boring 30+ mins of Everton/Arsenal analysis?!?!??!Sky are utterly clueless and they wonder why  such wonderful songs about them echo around Elland Road.  Get your cheque book out and have a specific analyst team for each game your showing....... pathetic coverage!!!,MR JAMES BARRETT,,
2026-02-24T08:26:18.195394,Sky Sports,Trustpilot,2025-12-16T05:20:04.000Z,1.0,"When watching live EFL football last Wednesday evening (9/12/25) on Sky Sports+ app via the SkyQ box / Sky fibre broadband, the live stream simply failed on around the 35th minute. Blank screen then eventually a message saying something about a fault.Live picture and sound eventually returned at the start of the 2nd half (for approximately 2 minutes) before failing again.I was aware from various football fans forums that the fault was affecting viewers nationwide, so was clearly a fault with Sky’s broadcast service.I duly complained via Sky’s website and 5 days later received a garbled voicemail message from their Indian call centre which was just words with no meaning. Also received an email which suggested that I reboot the Sky Q box and broadband router to resolve the issue! Very useful when the live event I wanted to watch was 5 days previous.I have responded to Sky to ask why they won’t acknowledge that the issue with live coverage was at their end not mine, as thousands of others were experiencing the same issue at exactly the same time.Shoddy service and extremely shoddy customer service.",John Phillips,,
2026-02-24T08:26:18.212477,Sky Sports,Trustpilot,2025-12-14T01:54:01.000Z,1.0,Full refunds should be given this month How can you show both palace vs Man City and Sunderland vs Newcastle at 2pm Then an absolute trash match at 4:30Who is doing the booking. Garbage decision,Steve James,,
2026-02-24T08:26:18.238797,Sky Sports,Trustpilot,2025-12-12T17:51:42.000Z,1.0,"Trying to watch the 2025/6 darts’s,is this a channel of advertisement with a bit of darts chucked in unbelievable adverts longer than the actual games plus all the useless chat to make up time and that female commentator is she on the right program 🤯why does she even bother wearing a dress revolting,sure she’s a nice lady but get a grip it’s supposed to darts not lets see what i can get away with,,day two my watching will be very limited",Mick Burkhill,,
2026-02-24T08:26:18.241922,Sky Sports,Trustpilot,2025-12-10T19:30:32.000Z,1.0,"Sky Sports Plus App is a waste of time , trying to watch a Championship match last night the streaming broke down every 5 mins & took 10 minutes or more to come back on and then went off again after 5 mins therefore the 2nd half was missed . The message on screen “ due technical promblens  no service try later” I found an Sky email address complained and the reply was “due to technician problems there were  problems with the streaming” No point  in telling me what l already knew. For what they charge this isn’t good enough if they want to provide such a service they need to get their act together as it’s not the first time as a few weeks ago same app another Championship match & no live pictures until half  time.",Martin Uzzell,,
2026-02-24T08:26:18.267398,Sky Sports,Trustpilot,2025-12-09T23:14:08.000Z,1.0,"The normal Sky Sports channels are fine but as soon as you watch anything on Sky Sports Plus, you can guarantee that it will constantly break up. This is not an issue with my connections as I caneatch anything else. They are charging money for this and they conveniently always manage to take the payment but don't provide the service. They also uphold the contract even though they fail to provide it.",PDE 84112,,
2026-02-24T08:26:18.393452,Sky Sports,Trustpilot,2025-12-09T22:36:50.000Z,1.0,Firstly they misrepresent the games broadcast. So many of the premier and champions league games are only on TNT not Sky.The games they do show are constantly interrupted with no picture or no sound and in some cases neither.Complete rip off,John Watkins,,
2026-02-24T08:26:18.396438,Sky Sports,Trustpilot,2025-12-06T18:03:45.000Z,1.0,The quality keeps going down yet the subscription keep going upThey keep telling you to 'believe in better' but all that happens is they show fewer quality sporting events and more adverts,Mattc,,
2026-02-24T08:26:18.436166,Sky Sports,Trustpilot,2025-12-02T00:55:42.000Z,3.0,"It's consistent in being rubbish. Football coverage  the camera crews or planners show the coaches or crowd when the ball is in play , missed two live goals at the last count. Golf coverage is disgusting with ,  supposed live and we get morons in the studio or other rubbish while live play is going on which we are missing. looking at results tonight and not a mention of our under 21's women losing to the USA . Sky sucks big time.",Bob Browne,,
2026-02-24T08:26:18.487298,Sky Sports,Trustpilot,2025-11-30T20:15:54.000Z,1.0,Sky Sports News mentioned before 5pm this evening they would get highlights/comments from the three Scottish games that were on today. At least six station breaks later still nothing. They have covered the EPL games and the Qatar Grand Prix over and over. Do Sky Sports forget that they have subscribers/viewers north of the border?,Mike,,
2026-02-24T08:26:18.535297,Sky Sports,Trustpilot,2025-11-23T19:54:40.000Z,1.0,Is Gary Neville on medication commentary is terrible . he should stay up north,Alanr651,,
2026-02-24T08:26:18.587591,Sky Sports,Trustpilot,2025-11-19T04:52:57.000Z,1.0,"Cant even explain how wrong this platform has it wrong. Its a UK!!!! broadcaster that is all about England… and even when other nations in UK do brilliant its all compared against England or endless condescending/sarcastic comments. Yet When have England ever done F@@k all worthy. NEVER!!! When we talk about National teams this is why literarily most of the world want England to loose, its your own doing and play victim! Yawn 🥱 If we are talking about domestic league- no argument England PL is in my opinion the top league. I hope 2026 world cup England get half decent opponents and see the results because yous cocked it after being to you! Sausages",craig rankin,,
2026-02-24T08:26:18.618970,Sky Sports,Trustpilot,2025-11-16T14:38:27.000Z,1.0,Please please get rid of matt chapman! I have to turn off when hes on hes so annoying keep going boom! When youve had a bet you dont really wanna hear it! He knows nothing about racing just tips favpurites that usually get beat or 3/1 shots eachway lol what a numpty keep talking 💩,Stephen,,
2026-02-24T08:26:18.623098,Sky Sports,Trustpilot,2025-11-09T22:24:55.000Z,2.0,Tennis has started ball tracking and speeds sometimes. It is very distracting. Please stop it.,Sheira Pullin,,
2026-02-24T08:26:18.626625,Sky Sports,Trustpilot,2025-11-08T22:41:23.000Z,1.0,"Bloody rip off, the price goes up yet the product we receive gets worse. You don't even play some of the sports games that the public wants",Cam Thomas,,
2026-02-24T08:26:18.631469,Sky Sports,Trustpilot,2025-11-08T20:49:21.000Z,1.0,WTA Women’s Final Cut away during the women’s final to report on ‘ nothing ATP matches men’s ’Sky sports are backward pig ignorant male chauvinist pigs    ruined the best completion in tennis WTA Women’s Final.   it gets worse the program cuts outNo presentation ceremony Mysoginist   criminally incompetent negligent pig head men   ruining the presenting of the pinnacle of women’s sportSky Sports should be stripped of all WTA & Grand Slam Women’s TennisMay they all succumb to testicular troubles,Chris,,
2026-02-24T08:26:18.668703,Sky Sports,Trustpilot,2025-11-09T00:27:29.000Z,1.0,So SKY are showing currently EFL Trophy while TNT are putting on the Champions LeagueTNT will show the Ashes while SKY can only put on the WSL and Baller League. It's embarrassing to see how low they've fallen.,James,,
2026-02-24T08:26:18.702285,Sky Sports,Trustpilot,2025-10-26T15:40:11.000Z,1.0,Breech of contract.I pay a monthly subscription to watch F1Now sky deceide that while they think nothing interesting is happening on a race weekend that that will put football on a channel i pay for.This is unacceptable.and breech of contract.I paid for what i want to watch. I dont want to watch a bench of kids running around a field. Sky sports has enough football channelsIm demandingba 450% reduction in my bull as i cant watch what i want to watch I await their refund,Chris,,
2026-02-24T08:26:18.861938,Sky Sports,Trustpilot,2025-10-21T23:34:07.000Z,1.0,SOCCER for Hells sake its Football and bring back the entertaining programme and oh dear do I have to say it NO Football Saturday (Not  the USA version Soccer Saturday),E G,,
2026-02-24T08:26:18.888710,Sky Sports,Trustpilot,2025-10-20T12:23:09.000Z,1.0,"Everything about sky sports is crap now. Only the football is their saving grace and I mean only the football. Not the build up not the so called experts talking, just the football.",Kerim,,
2026-02-24T08:26:18.892106,Sky Sports,Trustpilot,2025-10-08T13:54:46.000Z,1.0,I have now cancelled my subscription. I will not contribute to the salary of unpatriotic people like Gary Neville.,Charlie,,
2026-02-24T08:26:18.895365,Sky Sports,Trustpilot,2025-10-07T13:32:20.000Z,1.0,"How dare Gary Neville, a WEF puppet who thinks builders raising a Union Jack are angry middle aged white men. Disgusting he left two flags of other countries still up and demanded OUR flag to be taken down. I will stream every game and never put another pound in the pocket of sky sports/sky bet or any affiliate until Gary is removed from the company.",Scott King,,
2026-02-24T08:26:18.901232,Sky Sports,Trustpilot,2025-10-07T05:31:34.000Z,1.0,"This is an automatic acknowledgement of receipt of your email. Please do not reply to this email as replies to auto acknowledgements will remain unanswered. Thank you for contacting Sky Help Centre. We have received your message and aim to provide you with a personal reply within 24 hours. We value your custom and appreciate your patience whilst we look into your enquiry. If you have any questions about your Sky account, please visit  for an extensive library of articles. Alternatively please read comments, questions, hints and tips from other Sky customers or post your own on our Sky help Forums. RegardsSky . Lies after lies and I am cancelling my subscription I have with virgin and problematic with sky and yes believe in anything better then crap sky . Worst ever and reported to ofcom for investigation now and trading standards .",steven wood,,
2026-02-24T08:26:19.061319,Sky Sports,Trustpilot,2025-10-07T01:57:18.000Z,1.0,"cancelled my Sky, not paying to watch a racist like Gary Neville",paul millward,,
2026-02-24T08:26:19.077121,Sky Sports,Trustpilot,2025-10-06T23:21:51.000Z,1.0,"Canceled sky sports as they pay a million quid to a guy who thinks anyone with a union or england flag is a racist! My great grandad died in a world war at 30 for that flag and was proud of it, to say the garbage he came out with is a insult to his sacrifice.",Matthew Edwards,,
2026-02-24T08:26:19.102064,Sky Sports,Trustpilot,2025-10-06T23:10:50.000Z,1.0,Sack gary on flag issue will never watch him again,Leigh Dorling,,
2026-02-24T08:26:19.157496,Sky Sports,Trustpilot,2025-10-06T22:10:56.000Z,1.0,Sack Gary Neville.He's Anti British.,george smith,,
2026-02-24T08:26:19.169129,Sky Sports,Trustpilot,2025-10-06T20:25:54.000Z,1.0,"Poor service, poor information sharing. Always with an agenda. Too expensive for what it is. And Having traitors to the country and its people commentating on anything is the final straw for me. My families subscription will not be renewed, and cancelled and first available chance. I refuse to give money to this traitorous organisation",Daniel,,
2026-02-24T08:26:19.186366,Sky Sports,Trustpilot,2025-10-06T16:30:54.000Z,1.0,Stop gary neville for his racist comments,Mark,,
2026-02-24T08:26:19.189538,Sky Sports,Trustpilot,2025-10-05T16:18:05.000Z,1.0,"They will take your money no problem but absolute waste of time trying to log in on anything other than your tv.Send us a back up address, send us a phone number, verify its you, link accounts, page timed out, the was an error please try later.  .....try later?  Gimme a break 🙄 verify its you, send a back up email address...............sort it out. Garbage service",fowlesco1,,
2026-02-24T08:26:19.203752,Sky Sports,Trustpilot,2025-10-01T10:16:30.000Z,1.0,"Please retire Overend and other commentators who imply that tennis player are faking injuries. Outrageous comments!!!! These players are killing themselves, tournament after tournament and the useless ignorant commentators want them to play with no breaks or injury time outs. Maybe the commentators should be forced to play tennis to see if they could handle it!!!!",Andrew Harrison,,
2026-02-24T08:26:19.230262,Sky Sports,Trustpilot,2025-09-28T23:59:14.000Z,1.0,"Sky is expensive, yet you still have to sit through numerous commercials and pay extra for special events. There is no alternative. The various sports authorities have stitched the market so they take huge profits from sale of rights. It is no wonder more and more people watch sport illegally for a fraction the price and access other live sports providers via a “stick”. As much as it is tempting, I wouldn’t do that, but I cannot be too critical of others. The coverage of the “live” Ryder Cup reached new lows. At crucial points, even in the final stages, we were inundated with commercial breaks and numerous unnecessary replays of celebrations while critical games were underway. Automated notifications from phone apps were coming through well ahead of the TV coverage. Sadly if we want to watch the majority of live sport, we have to stick with Sky.",Kevin Ladner,,
2026-02-24T08:26:19.242474,Sky Sports,Trustpilot,2025-09-28T23:40:15.000Z,1.0,"Rubbish coverage of the golf, more adverts than actual coverage and when they weren’t showing adverts they were showing replays of the crowd rather than actual golf, appalling considering how much it costs! Money grabbing rubbish.",Alex Ladner,,
2026-02-24T08:26:19.280472,Sky Sports,Trustpilot,2025-09-27T13:48:25.000Z,1.0,"I used to love sky sports news, change of presenters and programmes and its absolutely terrible...",Mrs Angela Dawn Whitehurst,,
2026-02-24T08:26:19.292321,Sky Sports,Trustpilot,2025-09-27T09:13:55.000Z,1.0,Sky sport is absolutely the worst application and constitutes theft. I have paid to access sky sport and web browser is so bad that I have not been able to watch the rugby. Whoever is representing sky sport should be ashamed of themselves and let another company stream the rugby that can actually do it. Shockingz,Harry Jarman,,
2026-02-24T08:26:19.294914,Sky Sports,Trustpilot,2025-09-26T18:35:26.000Z,1.0,Should be called Sky adverts .....watching the Ryder Cup ......well trying too.......a few golf shots followed by endless ads ......pathetic.....,H R,,
2026-02-24T08:26:19.297402,Sky Sports,Trustpilot,2025-09-20T17:38:25.000Z,1.0,Why does merse always gets all the headlines like he gets all the questions and seems to run the how all the others never get a look in amd Gillette soccer Saturday is just utterly rubbish no passion no fun just simply rubbish,Karl Powers,,
2026-02-24T08:26:19.300158,Sky Sports,Trustpilot,2025-09-16T16:56:05.000Z,1.0,There are more adverts than focussing on the racing. The race itself is ok but absolute rubbish in between. Not enough time given to comment on the horses prior to the races. Disappointing at best,rosemary king,,
2026-02-24T08:26:19.364736,Sky Sports,Trustpilot,2025-09-13T18:09:39.000Z,1.0,What a treat watching cricket t20 finals listening to Bumble commentating.Brilliant and so missed 😀,Carole Smith,,
2026-02-24T08:26:19.515286,Sky Sports,Trustpilot,2025-09-13T16:32:42.000Z,5.0,"Great to see and hear bumble  back on cricket today, very informative and funny comments .please bring him back permanently",Derek Squire,,
2026-02-24T08:26:19.688573,Sky Sports,Trustpilot,2025-09-13T10:48:30.000Z,1.0,"Sky Sport Now costs almost $50 a month. The app keeps buffering, especially the live rugby games. This is a lot of money for a service that's not delivering. Should Consumer NZ look at this and should Sky refund people for this terrible app?",Angelique,,
2026-02-24T08:26:19.740538,Sky Sports,Trustpilot,2025-09-02T17:21:49.000Z,2.0,Sky sports news transfers repeat after repeat same top 4 teams on transfer updates there are other teams in the prem  don't get much mention at all as for the news about Isak  non stop was sick of the reports on him No I'm not a Newcastle fanSunderland till I die,RALPH JUKES,,
2026-02-24T08:26:19.761503,Sky Sports,Trustpilot,2025-09-02T04:37:13.000Z,3.0,"The Sky Sports F1 coverage is overall good with an outstanding group of commentators, except for one.Naomi Schiff degrades the coverage experience by her inane, ""echo chamber"" comments and, I have to say it, outrageously bad-taste outfits.The rest of the commentary team is outstanding and does an excellent job. Why does Sky, with all the excellent options available for commentators, think here Jamie Chadwick or Danica Patrick, persist with this very poor commentator? Disappointing, and it degrades the F1 experience.",Neville,,
2026-02-24T08:26:19.769153,Sky Sports,Trustpilot,2025-08-30T21:26:28.000Z,1.0,"Have not watched or seen sky sports in a couple of years, sat down this afternoon to do so, well what a disappointment, full of people who should know football, but sadly lacking. What happened to guys like March, Best, MacNally, Kamara and even Striling?",alastair scott,,
2026-02-24T08:26:19.974825,Sky Sports,Trustpilot,2025-08-30T16:50:40.000Z,2.0,"I decided to get Sky Sports so I could watch Sunderland on their return to the Premier League. What a disappointment! Not a single Sunderland game shown live until 21st September, by which time my subscription will be finished and I’ll be sorting out another way to watch them. Who decides these things? Obviously not a Sunderland fan.",Mr Rafael Toscano,,
2026-02-24T08:26:19.996621,Sky Sports,Trustpilot,2025-08-29T11:05:10.000Z,1.0,"Personally I do not understand how paul merson has not be convicted of malicious communication, the way he maliciously speaks about manchester united is not even funny! To call him a pundit would be a lie, his a nasty one mind set man who just needs.to be moved on like Gary linekar...",marc winsor,,
2026-02-24T08:26:20.012738,Sky Sports,Trustpilot,2025-08-28T19:40:13.000Z,1.0,"Been with a SKY a long timeCalled them up and told them I wanted to cancel, they made no attempt to keep me after all these years. They have lost all the decent sports, all they show now is all the woke stuff.  You can't even tune into the news channel without being lectured to.  The funny thing is the demographics they're trying to appeal won't be paying monthly subs.They've lost the plot. They are more interested in pushing their agenda than showing sports.  I'm glad to be leaving.",Chelsea fan,,
2026-02-24T08:26:20.016422,Sky Sports,Trustpilot,2025-08-26T08:26:48.000Z,1.0,"Sky Sports definitely has its favourites when it comes to football.  Namely the Toxic 6 or the so called “big six”.  The bias towards them is so obvious.  The pundits are dreadful in particular O’Hara who doesn’t know what he’s talking about and is delusional.  Carragher, Merson, Morrison and Sherwood all talk out of their arses.  Any I’ve missed out are not much better.  But that’s just me, I hate Sky.",Will,,
2026-02-24T08:26:20.173416,Sky Sports,Trustpilot,2025-08-25T20:45:47.000Z,1.0,Can I ask why when Newcastle are at home it’s all about Liverpool and there are no Newcastle commentators By the way Jamie have you ever been a manager????? Sky you are so biased,Mrs Dawn Owen,,
2026-02-24T08:26:20.177437,Sky Sports,Trustpilot,2025-08-25T19:35:49.000Z,1.0,"A complete disgraceful company who are biased and corrupt staff who only provide pathetic services given by the completely corrupt and useless And shameless Comcast who are the new British backed owners who completely out of depth and don’t have a clue about professional broadcasting without bing biased but the complete fools don’t give a monkeys about public opinion, a complete disgrace of a broadcaster!",Anil Patel,,
2026-02-24T08:26:20.181696,Sky Sports,Trustpilot,2025-08-24T17:37:07.000Z,1.0,"As a lifelong Liverpool supporter I'm disgusted with your new Sky sports introduction during Premier League games.The camera just flies past the cup with the Red ribbons on it and doesnt focus on it all, unlike last year with city colours on it. I believe if any other club would of won it this advertisement wouldn't of been used.You should be ashamed.",Helen Yeardsley,,
2026-02-24T08:26:20.204311,Sky Sports,Trustpilot,2025-08-23T21:24:51.000Z,1.0,Just watched the coverage of the Arsenal Leeds match There is so much bias against the smaller clubs it's unbelievable I'm a Leeds fan and yes we were beaten by the better side I really thought I was watching the Arsenal show No balanced coverage at all Where was the presenter who could speak from a Leeds point of view Guess Sky Sports only interested in the top 6 clubs Won't be watching this rubbish again 😴,Gordon Marr,,
2026-02-24T08:26:20.210189,Sky Sports,Trustpilot,2025-08-22T14:05:35.000Z,1.0,"I am a Diamond Customer and any new customer is getting the same rate as my or in some circumstances a cheaper rate.21 Years with sky and dont feel any love from them whatsoever.Its hard to win business, so keep what you have by making them feel valued",Matt Burton,,
2026-02-24T08:26:20.236635,Sky Sports,Trustpilot,2025-08-19T10:01:18.000Z,1.0,Absolute garbage .gary neville is just a bore always throwing out the insults plenty to say about nothing and thats exactly what he did in his career .he only won trophies cos he was carried by his team mates week in week out .i fink alot of fans would like to see him carried off sky sports,Michael Gray,,
2026-02-24T08:26:20.253072,Sky Sports,Trustpilot,2025-08-17T15:48:32.000Z,1.0,Why can't the sky sports commentary say the correct name of Nottingham forest player {Neco} Williams 💩💩,Mr David j Holt,,
2026-02-24T08:26:20.261356,Sky Sports,Trustpilot,2025-08-16T18:19:15.000Z,1.0,Soccer saturday presenters absolutely garbage and the people reporting from the grounds!!!!! Well say no more and the very irritating woman please return to women's football bring back geoff and the originals because viewing figures must be plummiting at a rate of knots.,Christopher Doyle,,
2026-02-24T08:26:20.270442,Sky Sports,Trustpilot,2025-08-16T17:42:36.000Z,1.0,After watching Liverpool v Bournemouth. It is clear to see Jamie carragher needs to be taken off Liverpool games.  He clearly is biased to Liverpool and spoils the game for the neutral football fan.It is a miracle he still has a job after spitting in the face of a fan.,Steven Barrett,,
2026-02-24T08:26:20.528725,Sky Sports,Trustpilot,2025-08-16T14:10:43.000Z,1.0,soccer Saturday is appealing as its ever beenWhy do we keep stopping pundits from talking about prem games to go to championship games No one cares your talking about the premier league. I have to assume your either to silly to understand this isn’t what people want. Or your censoring your pundits and cutting away when something is said which might upset sensitive fans I’m going with censorship and you should be ashamed Proof- Mersin- I don’t see utd finishing in the top 8Host- and we’re going to cut away to the efl zone Please go to talksport Merson. Break free,sjw sjw,,
2026-02-24T08:26:20.812594,Sky Sports,Trustpilot,2025-08-15T10:19:49.000Z,1.0,"Sky Sports has turned into a grotesque parody of sports coverage, staffed by idiotic pundits who think they’re in some sort of low-budget pantomime. Jamie Redknapp offers the insight of a wet tea towel, while Micah Richards and Roy Keane have descended into playing exaggerated cartoon versions of themselves — a tedious double act where one bellows and the other cackles like a hyena.Actual punditry? Forget it. Everything is about clicks, memes, and social media engagement. Gary Neville is so desperate to be liked by fans of United’s rivals that he’d probably turn up in a half-and-half scarf. The Sky Sports website is seemingly run by a 14-year-old FIFA addict who throws around terms like “G.O.A.T.” every time someone strings two decent passes together.They have an actual show dedicated to fantasy football — a make-believe game about a real game — because apparently talking about the actual sport is too much effort. And then there’s Saturday Social, the single worst thing broadcast on television since 9/11. A panel of online clout-chasers shrieking over each other about who’s “underrated” or “overrated” while pretending to know what they’re talking about.Sky Sports has gone from being the home of football to the home of cringe, clickbait, and career pundits who are more concerned with their personal brand than the sport they’re paid to analyse. It’s an embarrassment",Ant,,
2026-02-24T08:26:20.909843,Sky Sports,Trustpilot,2025-08-13T10:18:48.000Z,1.0,"I'm thoroughly disappointed with purchasing the sky sports ad on from now tv, I bought it to watch the atp and grand slams tennis, it's a joke, no replays until 48 hrs later and then it's just the highlights,  waste of money, I will be cancelling my subscription",Juanita,,
2026-02-24T08:26:20.932995,Sky Sports,Trustpilot,2025-08-09T19:38:46.000Z,3.0,"I find the commentators on the Reality Cricket broadcasts very biased. We have to listen to them going on about how good the Aussie and  New Zealand players are then they are either out for nothing or bat and field poorly. They don't seem to praise the English players or give positive encouragement, and to top it off we have to have Aussie Commentators doing exactly the same. It really makes watching cricket annoying when we don't support our English Boys.",Kathie Wheeldon,,
2026-02-24T08:26:21.005721,Sky Sports,Trustpilot,2025-08-08T22:15:05.000Z,1.0,"Just turned Sports on to watch some of the St Jude Classic and had to listen to the JJ Spain interview for what seems like ages. American sports coverage is rubbish. All I want to do is watch some golf, not listen to an interview.",Nigglyone,,
2026-02-24T08:26:21.056719,Sky Sports,Trustpilot,2025-08-05T23:56:02.000Z,5.0,"Hi to the police who is responsible,  for horse racing punters , when there is clearly a race thats is unacceptable for a punter who has paid on withe there gard earnt money whatever the stake when a jokey has  a race clearly going to win , like today in in Ireland 5th of August its simply corrupt,  at roscommon,  the jockey was and thought he clearly had won the the race  and stopped ridding before the line basically dropped his his hands and lost the race by a nose , BYT EVEN THOUGH THAT WAS CLEARLY SEEN BY THE BOARD, THE PUNTER LOOSES  THERE MONEY THE JOCKEY FETS A 14 DAY BAN , BUT IF ITS A £1 OR A £+000, POUND FOR THE PUNTER THERE IS NO JUSTICE,  CLEARLY THERE SHOULD BE A A RULE FOR THE PUNTER AS IF THE JOCKEY INVOLVED,  IS CLEARLY NOT RODE THE HORSE OUT TO WIN AND GET A BAN FOR OBVIOUS RESONS, THEN SURELY,  THE PUNTER SHOULD BE PAID ON A WIN IN THE STAGE OF A NOSE LOSE.  ITS DISGUSTING,  AND GIVES THE SPORT A BAD NANE OF CORRUPT.",JJAY,,
2026-02-24T08:26:21.130767,Sky Sports,Trustpilot,2025-07-26T23:09:06.000Z,1.0,Tennis coverage is dreadful watching the Medvedev v Moutet match which was recorded on the tennis channel as the tournament is in Washington and mostly through the night got two games to go on the final set and the recording cuts off nothing new there it’s happened loads of times yet they scan around all other games in the middle of the game your watching must have wasted a good few minutes doing that and you can’t get a replay. It’s so frustrating not knowing who’s wonAfter paying discovery + for a month to watch Roland Garros it was well worth £30.99 to see replays whenever you want. Took me back to how good tennis used to be. I’ll be paying again in January  to watch the Australian open,Homepride,,
2026-02-24T08:26:21.185952,Sky Sports,Trustpilot,2025-07-26T01:38:27.000Z,1.0,Can’t bloody stand this company. Total rip offs and bloody daylight robbing everyone. No matter how many times you cancel your subscription they will continue emailing and trying to bill your card - even after numerous emails to cancel your subscription. Will never ever purchase with them again,Luahine Morrins,,
2026-02-24T08:26:21.222161,Sky Sports,Trustpilot,2025-07-22T21:07:39.000Z,1.0,"I think Sky Sports are pushing their woke agenda into every single sport they broadcast. It seems they’re now only employing people if they tick the right boxes for their woke nonsense, not for being a good reporter or pundit. Most of the people they have reporting at footy matches on a Saturday is just embarrassing. Does anyone even watch soccer Saturday anymore since they sacked all the best pundits?",End wokeness,,
2026-02-24T08:26:21.227017,Sky Sports,Trustpilot,2025-07-21T12:16:46.000Z,1.0,"The Open Golf coverage was ruined by chronically poor camera work, indistinct leader board and(much as I support him) far too much focus on Rory McIlroy. On one occasion Bob McIntyre was lining up a putt and they cut away to analysis of problems Rory was experiencing with his swing. Then we had to endure meaningless weather reports and commentators who became travel agents for the local area. This unprofessional standard is a complete turnoff.",Iain,,
2026-02-24T08:26:21.238225,Sky Sports,Trustpilot,2025-07-20T16:48:42.000Z,2.0,Open Golf 2025.You simply cannot see the golf ball from the drone or higher fixed camera positions. It's been the same on all 4 days. Get it sorted Sky. The Ryder Cup is coming.,David Hogarth,,
2026-02-24T08:26:21.246071,Sky Sports,Trustpilot,2025-07-17T12:40:45.000Z,1.0,"Sky sports are a discriminate disgrace,they have more women presenting and interviewing and even commentating on men's sports than actual men, when you hear things like misogyny then what do you expect when sky seem to discriminate against men especially white men, 1 way only diversity should be made a criminal offence, i personally do not like women commentating on men's sports, it is a real turn off, but i have no problem with women in general, sky are just 2 faced idiots, i will not be watching the open men's golf as the last time i tried to watch men's golf they had 2 women commentating together, SKY ARE A DEVIOUS CLUELESS COMPANY.",mike,,
2026-02-24T08:26:21.256575,Sky Sports,Trustpilot,2025-07-16T20:17:06.000Z,1.0,"Tell the truth about the problems about ect man utd and their owners instead of invite former players who talks out of their ass and blaming the manager!!I want truth in interviews and not be afraid to speak about the real issues in topics like this, but all the mainstream media does this, it's pathetic!!!",Emil,,
2026-02-24T08:26:26.221519,Sky Sports,Google Play Store,2026-02-22T20:48:39,1.0,live blog on commentary doesn't load anymore. surely I'm not the only one having this issue,Steve E,,
2026-02-24T08:26:26.576620,Sky Sports,Google Play Store,2026-02-18T21:09:49,1.0,never works. always says no matches available. awful app. clear cache and data still doesn't work. dont waste your time,Nathan O'Halloran,,
2026-02-24T08:26:26.851784,Sky Sports,Google Play Store,2026-02-17T11:22:10,2.0,"The live blog has failed to load on any game for probably two months now, despite two reinstalls and a lengthy and frustrating email conversation with Sky App Support. The current version of the Android app in the Play Store is a DEV version and was last updated 12th Nov 2025, over three months ago, which is no doubt part of the problem.",Chris,,
2026-02-24T08:26:26.965347,Sky Sports,Google Play Store,2026-02-15T13:31:47,5.0,interested,Moses Oberia,,
2026-02-24T08:26:26.973645,Sky Sports,Google Play Store,2026-02-15T11:55:36,5.0,Great,Mou'erxoo pinau,,
2026-02-24T08:26:26.977973,Sky Sports,Google Play Store,2026-02-15T01:16:36,3.0,make the app compatible with landscape mode please,Healey Muzondo,,
2026-02-24T08:26:27.082849,Sky Sports,Google Play Store,2026-02-12T22:54:02,1.0,"As has happened before, the live commentary is not working on Android, it's completely blank",JD,,
2026-02-24T08:26:27.389774,Sky Sports,Google Play Store,2026-02-11T01:00:22,3.0,live commentary breaks and is blank alot,MARK Mansfield,,
2026-02-24T08:26:27.392635,Sky Sports,Google Play Store,2026-02-11T00:30:31,1.0,"from one of the best football apps to one of the worst! notifications stopped, live running commentary gone now downloaded an alternative that actually works!",Aaron Herring,,
2026-02-24T08:26:27.395840,Sky Sports,Google Play Store,2026-02-10T21:34:53,5.0,Works every time.,Gerard Collins,,
2026-02-24T08:26:27.402246,Sky Sports,Google Play Store,2026-02-08T02:10:41,1.0,"its good when it feels like it , the rest of the time it decides there are no matches today. absolutely useless.",BigCol1872,,
2026-02-24T08:26:27.845158,Sky Sports,Google Play Store,2026-02-07T16:02:52,2.0,it's better than I was but now im constantly opening Amazon app while trying scroll due to huge advert stuck in the middle of it,Yvonne,,
2026-02-24T08:26:27.848173,Sky Sports,Google Play Store,2026-02-07T08:48:37,1.0,like it,Sharon Low,,
2026-02-24T08:26:28.055313,Sky Sports,Google Play Store,2026-02-01T02:18:51,1.0,doesn't even open anymore.,Pav Randhawa,,
2026-02-24T08:26:28.212717,Sky Sports,Google Play Store,2026-01-28T21:26:38,1.0,ads just keep opening even when I dont click on them....,James Rugman,,
2026-02-24T08:26:28.311129,Sky Sports,Google Play Store,2026-01-27T03:00:04,1.0,Football tables only show first column of points total. Totally useless,Nigel B,,
2026-02-24T08:26:28.493278,Sky Sports,Google Play Store,2026-01-27T01:39:29,1.0,Where's the commentary??? Useless!!! I would give zero stars but that's not an option!,James Harrison,,
2026-02-24T08:26:28.743103,Sky Sports,Google Play Store,2026-01-19T02:16:15,2.0,"Ok for lives scores but don't expect to see any commentary on matches. That hasn't worked for years, they know about it and they still haven't fixed it.",Phil Dowie,,
2026-02-24T08:26:28.760516,Sky Sports,Google Play Store,2026-01-18T15:58:15,4.0,is ok,A Google user,,
2026-02-24T08:26:28.852830,Sky Sports,Google Play Store,2026-01-18T14:19:08,5.0,it tells you all the scores the teams who's got each other it's amazing use it all the time to see if my team is playing and if there winning.👍,Kyvon Holloway,,
2026-02-24T08:26:28.962104,Sky Sports,Google Play Store,2026-01-15T01:57:50,1.0,rubbish doesn't load the commentary,Luke Woolley,,
2026-02-24T08:26:28.964764,Sky Sports,Google Play Store,2026-01-15T01:47:57,1.0,its just never seems to work anymore,Phil Yarwood,,
2026-02-24T08:26:28.968321,Sky Sports,Google Play Store,2026-01-11T18:57:06,5.0,best,Dirk Ziggler,,
2026-02-24T08:26:28.970774,Sky Sports,Google Play Store,2026-01-08T23:15:11,1.0,Not receiving my notifications. Have uninstalled twice reinstalled twice...have turned my mobile off still nothing. Email from Sky total rubbish. constantly losing live commentary. update why is the commentary STILL NOT LOADING,Hilary Manning,2021-09-03T18:03:26,"Hi, thank you for bringing this to our attention. We apologise for an issue which meant people could not get goal notifications. This has now been fixed with the latest update (7.0.7) and we're making changes to ensure this will not happen again."
2026-02-24T08:26:29.176373,Sky Sports,Google Play Store,2026-01-08T01:10:22,1.0,Commentary NEVER works. Just blank all game.,Matthew H,,
2026-02-24T08:26:29.180222,Sky Sports,Google Play Store,2026-01-08T00:49:55,1.0,"lost live commentary, why change something that wasn't broken!",Alan Stewart,,
2026-02-24T08:26:29.183018,Sky Sports,Google Play Store,2026-01-07T02:48:58,1.0,live blog is blank on my new Google Pixel 9a,Philip Reynolds,,
2026-02-24T08:26:29.320346,Sky Sports,Google Play Store,2026-01-03T20:15:54,2.0,live commentary constantly doesn't work,Joel Montana,,
2026-02-24T08:26:29.342477,Sky Sports,Google Play Store,2026-01-03T00:03:39,4.0,Better,Joe Masacks,,
2026-02-24T08:26:29.387186,Sky Sports,Google Play Store,2026-01-02T01:39:13,1.0,used to be great now won't load any commentary and freezes all the time,Darren,,
2026-02-24T08:26:29.447989,Sky Sports,Google Play Store,2026-01-01T23:32:18,1.0,"I have used the app for ages to watch highlights of the games, but for some reason now it says ""unsupported location"" the video you are trying to watch cannot be viewed from your current country or location, same again just won't let me watch videos",matt stockton,,
2026-02-24T08:26:29.451811,Sky Sports,Google Play Store,2026-01-01T19:32:46,2.0,This is a very poor app....,Chris Mclean,,
2026-02-24T08:26:29.456836,Sky Sports,Google Play Store,2025-12-31T00:37:35,2.0,never shows you the points tally in the league just half a number,Leon Wright,,
2026-02-24T08:26:29.460679,Sky Sports,Google Play Store,2025-12-27T21:56:54,5.0,good,Riley Black,,
2026-02-24T08:26:29.463036,Sky Sports,Google Play Store,2025-12-27T21:08:49,1.0,Commentary stopped working again. Uninstalled as waste of space,Neil Ferguson,,
2026-02-24T08:26:29.466338,Sky Sports,Google Play Store,2025-12-27T19:51:55,1.0,When it works its the best sports app bar none. The commentary does not load up anymore...??,Chris Fitches,,
2026-02-24T08:26:29.469277,Sky Sports,Google Play Store,2025-12-21T01:33:02,2.0,"Used to be good, now can't see the live updates/commentary. Fix it!",Shamaiela Rajput,,
2026-02-24T08:26:29.473674,Sky Sports,Google Play Store,2025-12-16T00:57:08,1.0,cant get updates on commentary useless,Martyn Burgess,,
2026-02-24T08:26:29.584662,Sky Sports,Google Play Store,2025-12-13T19:39:14,2.0,live blog hasn't worked for months,Ryan Ingram,,
2026-02-24T08:26:29.588165,Sky Sports,Google Play Store,2025-12-13T15:38:37,3.0,"Most of the time OK, but every now and then, I go to read a news story and theres nothing there.",Gareth Lee,,
2026-02-24T08:26:29.593896,Sky Sports,Google Play Store,2025-12-07T08:58:28,1.0,Absolutely horrendous application. Avoid. 👻😹😹👋,Steven,,
2026-02-24T08:26:29.602600,Sky Sports,Google Play Store,2025-12-06T23:13:43,1.0,Live blog never works it's just a blank white screen. Asks to update cookies every 3 minutes. Awful app.,A Google user,,
2026-02-24T08:26:29.635348,Sky Sports,Google Play Store,2025-12-06T22:05:09,1.0,absolutely shocking this use to be a great app but now doesnt show live updates on the matches or anything I have deleted it until something changes. u would think with it being sky sports it would be updated regularly and working but they have let us down,Ashley Timmis,,
2026-02-24T08:26:29.660527,Sky Sports,Google Play Store,2025-12-06T19:17:01,3.0,Recently poor. Why does Live Commentary never work any more on Premier League games?? Surely that can be sorted??,Andy Smallshaw,,
2026-02-24T08:26:29.663004,Sky Sports,Google Play Store,2025-12-06T18:03:28,1.0,"app is so bugged, unable to view the live commentary for any of the games. for such a big company, you would think they could make a working app",Sam Offord,,
2026-02-24T08:26:29.665812,Sky Sports,Google Play Store,2025-12-04T01:52:36,2.0,"Used to be great, now there are so many bugs it's pointless, one particular gripe is the live commentary not working, hasn't worked properly for months on my S24 Ultra",Reza Rafizadeh-Farahani,,
2026-02-24T08:26:29.731515,Sky Sports,Google Play Store,2025-12-03T23:04:06,2.0,App is fine for finding scores and notifications for goal updates on live games also work well but Live Commentary and News pages are blank making them totally redundant. Two of the most important parts of the app haven't worked for weeks. PLEASE FIX!,Mike Hughes,,
2026-02-24T08:26:29.885996,Sky Sports,Google Play Store,2025-11-30T19:19:18,3.0,"the last update has stopped the live stream, very disappointed.",vittorio iannantuono,,
2026-02-24T08:26:30.824256,Sky Sports,Google Play Store,2025-11-29T20:23:17,1.0,An app rated as Pegi3 that contains gambling adverts and links to gambling functions such as the Super 6.,Daniel McSweeney,,
2026-02-24T08:26:31.953361,Sky Sports,Google Play Store,2025-11-28T23:32:53,1.0,Still get the blank news pages now and again but my biggest gripe now is the adverts which you can inadvertently click on taking you to the Amazon app or whatever.Think I will uninstall and just use the BBC app.,Bill Moir,,
2026-02-24T08:26:32.852557,Sky Sports,Google Play Store,2025-11-26T07:15:38,1.0,Use to be my favourite app to use. Now I need to find a new one. live commentary doesn't work. Just get a blank page coming up. No news stories either same story with them. Go elsewhere for a score app,Dan Fountain,,
2026-02-24T08:26:32.915107,Sky Sports,Google Play Store,2025-11-25T00:39:49,1.0,"Having been dodgy at best for while, the live commentary feature is completely useless now. Simply doesn't work.",Mark Whittle,,
2026-02-24T08:26:33.057994,Sky Sports,Google Play Store,2025-11-25T00:38:13,1.0,"""BROKE AGAIN"". DOES ANYONE FROM SKY SPORTS READ THESE REVIEWS. Please update this app. Not able to open any news stories just get a blank screen, no full commentary either, just a blank screen.",Lynne Pragnell,,
2026-02-24T08:26:33.060964,Sky Sports,Google Play Store,2025-11-23T22:18:26,1.0,"Live commentary no longer works. More recently, I was able to get it working by forcing stop (Android) or uninstalling / reinstalling, but now I can't get it to appear at all. Marking down until this is fixed.",Mike Snowdon,,
2026-02-24T08:26:33.064684,Sky Sports,Google Play Store,2025-11-22T20:37:04,1.0,probably the worst app for scores,surjan rai,,
2026-02-24T08:26:33.233085,Sky Sports,Google Play Store,2025-11-22T20:14:12,4.0,Live blog is cool,Pinkang Du,,
2026-02-24T08:26:33.259630,Sky Sports,Google Play Store,2025-11-22T17:13:58,2.0,"This app is shockingly bad for a great many reasons. First of all, who ever edits this can't spell. Also you've just asked me to fill in a review for you (in app) and leave reasons as to why I think it should rate it so badly, only for you not to have a key board to actually type anything. I only give you 2 stars because I can get final scores here and you do on the rare occasion have an interesting article to read which hasn't been copied and pasted from a previous article.",thomas eagling,,
2026-02-24T08:26:33.270420,Sky Sports,Google Play Store,2025-11-21T00:24:08,1.0,"Update has removed the widget from options. Can't have it on homescreen anymore for quick updates. Have to open full app and mess about. Added betting onto every page, what scum bags.",James Robertson,,
2026-02-24T08:26:33.277236,Sky Sports,Google Play Store,2025-11-19T02:56:40,3.0,can't stop womens results showing. there should be a tab so can select mens football only. I have no interest in womens football. but because I follow champions league I still see results on the womens champions league. annoying.,Stephen Beech,,
2026-02-24T08:26:33.285820,Sky Sports,Google Play Store,2025-11-14T01:36:35,1.0,so much broken . live commentary etc sort it out,Kel Rogers,,
2026-02-24T08:26:33.292132,Sky Sports,Google Play Store,2025-11-10T00:54:12,1.0,"Such an annoying app. One of the worst features is when you are scrolling down the scores page, if you finger happens to touch on an add when you're dragging the page to scroll, the ad opens. You're simply scrolling, not clicking on the ad! Horrifically annoying",Wayne Collinson,,
2026-02-24T08:26:33.342139,Sky Sports,Google Play Store,2025-11-04T01:02:18,1.0,Live blog not working,N S,,
2026-02-24T08:26:33.346077,Sky Sports,Google Play Store,2025-11-02T19:20:06,1.0,"From one of the best apps to one of the worst. Constant issues and not working correctly. Yet again you can only see one digit in the matches played column of league tables. Once it goes over nine game you can only see the number 1, whither its 10,11,12,13,14,15,16,17,18 or 19 it shows as 1. Presumably it will be the same when it goes to 20. It'll show 2 whither its 20,21,22,23,24,25,26,27,28 or 29 etc. etc. etc.",Derek Adams,,
2026-02-24T08:26:33.372017,Sky Sports,Google Play Store,2025-10-29T22:56:18,1.0,"Stopped getting the commentary on matches. No longer keeps you up to date on what's happening. Details are on the website, just not working in the app these days.",Chris Childs,,
2026-02-24T08:26:33.523823,Sky Sports,Google Play Store,2025-10-26T19:44:03,2.0,been terrible no stats no comentary names of goalscorers missing,Nathan Hughes,,
2026-02-24T08:26:33.527448,Sky Sports,Google Play Store,2025-10-15T00:07:26,1.0,"Lately this app is very laggy, articles don't load properly if at all. You click on an article and you just get a white screen, tried reinstalling and clearing cache, didn't help. niw 14/10/25 trying to follow the commentary on the app for Latvia vs England, screen goes grey or when you scroll down it jump straight back to the top, when you refresh it, it has no commentary. such an aweful app from sky sports",andrew hamilton,,
2026-02-24T08:26:33.533760,Sky Sports,Google Play Store,2025-10-12T18:18:15,4.0,"I love this app but since I got a new phone the commentary doesn't show up anymore, really annoying",Nicola,,
2026-02-24T08:26:33.545691,Sky Sports,Google Play Store,2025-10-04T17:42:51,1.0,App keeps deleting itself off my home screen. apparently still installed in play store but have to keep uninstalling and re installing. Can't be bothered.,Adam Gibbons,,
2026-02-24T08:26:33.566591,Sky Sports,Google Play Store,2025-10-03T10:33:16,2.0,The commentary just fades out when you scroll and is very sluggish,Monsoor Ahmed,,
2026-02-24T08:26:33.569463,Sky Sports,Google Play Store,2025-09-28T18:18:26,2.0,live commentary is so glitchy,Photography Axarquia,,
2026-02-24T08:26:33.571941,Sky Sports,Google Play Store,2025-09-21T23:36:14,5.0,really 😊👍👍👍👍👍👍👍👍👍👍👍👍😊😊👍👍😊😊😊 🥺🥺🥺🥺🥺🥺🥺❤️❤️❤️❤️😭❤️😭😭😭,Archie Jolliffe,,
2026-02-24T08:26:33.574078,Sky Sports,Google Play Store,2025-09-21T21:15:25,1.0,"SKY SCORES JOINS SKY NEWS with it's FULL ONSLAUGHT of is it a joke or real life WOKE gone mad. It appears that Sky's belief that no-one watches anything apart from the Premier League has been sunk to new depths as selecting TABLES Which as is correct Prem L followed by Championship, L1 & L2. Only it doesn't as the Championship has been bumped off & replaced by Women's... whatever it's called... WGAF ? Sorry Sky, bye bye = Uninstalled.",BEN LOWE,,
2026-02-24T08:26:33.615177,Sky Sports,Google Play Store,2025-09-21T20:18:17,1.0,Omo this app just the confuse me I swear,Peterson Peter,,
2026-02-24T08:26:33.635295,Sky Sports,Google Play Store,2025-09-20T15:46:10,1.0,doesn't show commentary on matches,Leah Andrews,,
2026-02-24T08:26:33.889037,Sky Sports,Google Play Store,2025-09-20T14:19:35,4.0,My go to app for scores but could be better. Can you add customisation so I don't see leagues I'm not interested in? I have no interest in seeing any Womens football scores or videos and it gets a lot of coverage. I'd much rather see clips of spanish football or non-league.,Aaron Brown,,
2026-02-24T08:26:34.426486,Sky Sports,Google Play Store,2025-09-17T22:40:52,1.0,would not recommend downloading this app nothing but issues. works when it wants,Navdeep Dhanjal,,
2026-02-24T08:26:34.432561,Sky Sports,Google Play Store,2025-09-14T19:49:32,2.0,Commentary hasn't worked for months. Just get a white screen.,Robert Finan,,
2026-02-24T08:26:34.476331,Sky Sports,Google Play Store,2025-09-11T23:29:11,1.0,Terrible match stats,DARREN BALDWIN,,
2026-02-24T08:26:34.480265,Sky Sports,Google Play Store,2025-09-08T01:35:11,1.0,since update never works on samsung s24. waste of time,mark Long,,
2026-02-24T08:26:34.484083,Sky Sports,Google Play Store,2025-09-06T18:47:08,2.0,needs to add a filter to stop the WSL click bait.,Richard Ashbee,,
2026-02-24T08:26:34.490243,Sky Sports,Google Play Store,2025-09-05T22:08:03,1.0,"The news articles rarely load up. Currently full of women's football news. In my opinion, that should be a separate app. The only thing its good for is checking the scores.",Dean Fitch,,
2026-02-24T08:26:34.498487,Sky Sports,Google Play Store,2025-09-05T16:17:42,1.0,only thing it doing at moment is showing me theres no football anywhere ever again,dave mower,,
2026-02-24T08:26:34.501702,Sky Sports,Google Play Store,2025-09-05T12:54:44,3.0,Stopped showing results,Graham Wilkinson,,
2026-02-24T08:26:34.507962,Sky Sports,Google Play Store,2025-09-05T12:12:12,1.0,shocking app nothing loads,Daniel Parry,,
2026-02-24T08:26:34.687082,Sky Sports,Google Play Store,2025-09-04T10:03:58,1.0,"Fed up of all the WSL news in the Premier League feed. Give them their own tab, for WSL fans, like the Championship League and other leagues have. Fed up of scrolling down to check Premier league stories out and constantly seeing WSL stories",Lee Jones,,
2026-02-24T08:26:34.693277,Sky Sports,Google Play Store,2025-09-03T14:37:04,1.0,"would be higher rated but the issues with it are ridiculous. Notifications are slow or dont work. The sheer amount of ads on the app cause the written commentary to jump constantly and the goes to a white screen meaning you get maybe 4 things to read the just inundated with ads that start ruining the app. edit- apps not working atm, showing no games. Just getting pointless to have this app as theres 1 issue after another. Already sent emails just to get ignored too",Chin,,
2026-02-24T08:26:34.696506,Sky Sports,Google Play Store,2025-09-03T14:23:56,5.0,brilliant app,Shiree,,
2026-02-24T08:26:34.699867,Sky Sports,Google Play Store,2025-08-26T00:22:04,2.0,live commentary never works,Ross Gallagher,,
2026-02-24T08:26:34.709282,Sky Sports,Google Play Store,2025-08-23T20:46:37,1.0,Commentary has not worked for weeks,Gemma Jones,,
2026-02-24T08:26:34.766127,Sky Sports,Google Play Store,2025-08-23T20:44:27,1.0,"poor - the app used to work well now live events and articles don't come up, it just shows a blank screen",Richard Preston,,
2026-02-24T08:26:35.435858,Sky Sports,Google Play Store,2025-08-23T14:57:32,1.0,live Commentary and news is showing blank for matches,John Chandler,,
2026-02-24T08:26:35.618200,Sky Sports,Google Play Store,2025-08-23T12:19:49,1.0,no news reports . terrible,Paul Stevens,,
2026-02-24T08:26:35.621758,Sky Sports,Google Play Store,2025-08-18T22:49:41,2.0,I just get a blank screen whenever I select a news topic so I cant actually read any news. Very annoying. Rubbish. will this ever get sorted?,Steve Pierce,,
2026-02-24T08:26:35.636332,Sky Sports,Google Play Store,2025-08-18T21:07:04,1.0,"absolutely awful app. all the mpney sky sports has and cant even make a simple app work. new articles never show, text commentary never works. scores dont update. have to constantly fully close the app and restart all the time.",neil gardiner,,
2026-02-24T08:26:35.642105,Sky Sports,Google Play Store,2025-08-18T16:05:10,1.0,Very poor now. Over 90% of articles open to a blank page with only the header. Used to be the best place to watch highlights and get updates. Because it consistently fails me I have reverted to going elsewhere for information.,Graham Thwaites,,
2026-02-24T08:26:35.645836,Sky Sports,Google Play Store,2025-08-18T01:23:18,1.0,new update wont open articles and analysis on games,Pio Wynne,,
2026-02-24T08:26:35.648707,Sky Sports,Google Play Store,2025-08-17T20:45:55,1.0,absolute waste of time. adverts take over the whole page so you can't see anything else. pages jump making them unreadable. notifications please themselves whether they work. useless app.,Dave,,
2026-02-24T08:26:35.652209,Sky Sports,Google Play Store,2025-08-17T20:10:32,1.0,"months later and still this app is so buggy, commentary tab is blank, no team tab appears. Too many blank screens where no content loads",Nick H,,
2026-02-24T08:26:35.654748,Sky Sports,Google Play Store,2025-08-17T19:37:50,2.0,Hardly works beyond the scores showing. Can never see commentary and often crashes.,Danny Morley,,
2026-02-24T08:26:35.658276,Sky Sports,Google Play Store,2025-08-16T21:10:48,1.0,commentary doesn't show. pixel 9,Andy Lavery,,
2026-02-24T08:26:38.097782,Sky Sports,Apple App Store,2026-02-22T13:25:11-07:00,1.0,Too many commercials  Can’t watch any games.,Loey 123,,
2026-02-24T08:26:38.168274,Sky Sports,Apple App Store,2026-02-22T11:33:03-07:00,2.0,Since NCAA softball started I’ve noticed the app lags horribly. Also ESPN does not include any info on the Unrivaled basketball league or LOVB.,kiliancato,,
2026-02-24T08:26:38.233618,Sky Sports,Apple App Store,2026-02-22T11:13:18-07:00,5.0,I love the ways you can watch different sports on live television,Adriancoolpro,,
2026-02-24T08:26:38.361919,Sky Sports,Apple App Store,2026-02-22T09:51:10-07:00,1.0,Worst app in the store . Hate ESpN . Garbage .,rileyscottadams,,
2026-02-24T08:26:38.374476,Sky Sports,Apple App Store,2026-02-22T09:44:09-07:00,1.0,Awful user experience to access highlights and scores. Overrun with ads,Loandogs,,
2026-02-24T08:26:38.379798,Sky Sports,Apple App Store,2026-02-22T08:11:31-07:00,1.0,Need app🥺👎,Ask Jeeves 78,,
2026-02-24T08:26:38.388603,Sky Sports,Apple App Store,2026-02-22T08:06:32-07:00,1.0,"I’m logged in and have added my favorite teams, but the shelf that had those teams’ pages for easy access to scores, schedule etc has disappeared!! Please add it back!!",Heyjoeyouknow,,
2026-02-24T08:26:38.404213,Sky Sports,Apple App Store,2026-02-22T07:50:05-07:00,5.0,Thank you for your notifications!,Mothe Earth,,
2026-02-24T08:26:38.551857,Sky Sports,Apple App Store,2026-02-22T07:25:10-07:00,1.0,Bad  anchor,Mike_KingBoi,,
2026-02-24T08:26:38.555238,Sky Sports,Apple App Store,2026-02-22T06:44:32-07:00,1.0,"The new play by play for basketball is terrible. Way too much info and screen taken up. Way too hard to scroll down. Let’s say you want to just see the last couple mins of a game, if you try scrolling down, eventually it just stops and refreshes and takes you back to the top. The only way to get to the bottom is to take 5 mins and go very slow. So stupid. Will delete because of this “feature”.",T.S.9292,,
2026-02-24T08:26:38.560288,Sky Sports,Apple App Store,2026-02-22T01:14:39-07:00,1.0,"This app is garbage. Clunky, not easy to use, and it constantly is messing up. Weekly I’ll try to watch a game that’s already started and the app says the game hasn’t began yet even though it’s 5 min into the first quarter or half. And the ads. If you want to watch more ads than game on a replay, this is the app for you! Ten out of ten wouldn’t recommend.",Chasekins,,
2026-02-24T08:26:38.568023,Sky Sports,Apple App Store,2026-02-21T20:12:28-07:00,5.0,Yggg,Eyeshield15,,
2026-02-24T08:26:38.577149,Sky Sports,Apple App Store,2026-02-21T19:41:19-07:00,2.0,When checking stats or looking at the play by play features the app updates like 2 minutes later. It could be five minutes left in the game and I’m looking at the play by play and it stop at 4:20 and will not update. I have to back out the game and go back in.,muse el,,
2026-02-24T08:26:38.808487,Sky Sports,Apple App Store,2026-02-21T19:37:40-07:00,5.0,Get a scoreboard in the TV versions! That is all.,Kᐯᑕ,,
2026-02-24T08:26:38.810613,Sky Sports,Apple App Store,2026-02-21T19:30:03-07:00,5.0,Great Sports.,GG 85,,
2026-02-24T08:26:38.812374,Sky Sports,Apple App Store,2026-02-21T18:51:07-07:00,5.0,"News at my fingertips, it put my world in my hands and daily information in my mind.",Preacher4Life,,
2026-02-24T08:26:38.832626,Sky Sports,Apple App Store,2026-02-21T18:28:04-07:00,1.0,ESPN is the worst.,rev4u2,,
2026-02-24T08:26:39.270066,Sky Sports,Apple App Store,2026-02-21T18:13:18-07:00,1.0,"Capitalism at its finest: Taking all the money, and Putting minimal effort and revenue into the products",Fkapple100percent,,
2026-02-24T08:26:40.598864,Sky Sports,Apple App Store,2026-02-21T17:45:18-07:00,5.0,Why do I have to reuthenticate MULTIPLE times a day?  I pay for this subscription!,Tom cat is awesome,,
2026-02-24T08:26:40.786556,Sky Sports,Apple App Store,2026-02-21T16:54:46-07:00,1.0,"The old ESPN play-by-play was simple and easy to follow, and you could glance at it and instantly understand what just happened. Now the color scheme feels random and unintuitive, the boxes are oversized and blocky, and your eyes genuinely do not know where to land first. Everything competes for attention at the same time, so instead of following the game, you are trying to decode the layout. It is honestly hard to believe this version made it through design review and actually got approved.",LM789866214guy,,
2026-02-24T08:26:40.801307,Sky Sports,Apple App Store,2026-02-21T16:37:03-07:00,1.0,"This is app is so undeniably terrible, yet when it comes to sports viewing, there are literally no other options when they own the viewership rights, so why bother make a good product. The streams constantly freeze, say I don’t have the rights to watch them (when I do), and shutter and glitch out to the point that when you can actually watch something, the viewing is unwatchable.",nkklz,,
2026-02-24T08:26:40.813960,Sky Sports,Apple App Store,2026-02-21T16:22:12-07:00,1.0,"Unfortunately, the ESPN has been a frustration for years. It’s slow to load. It causes trouble with logging in to my TV provider at random times. It doesn’t seem to remember my favorite teams when displaying scores and live events and I have to search. I hope they improve it soon.",Jordan J,,
2026-02-24T08:26:40.818343,Sky Sports,Apple App Store,2026-02-21T16:13:01-07:00,5.0,Great app to watch games,Gonzaga jim,,
2026-02-24T08:26:40.821319,Sky Sports,Apple App Store,2026-02-21T15:42:58-07:00,1.0,I have paid for ESPN+ and I have YouTube tv and I still can’t watch anything. Always says not included with your plan. I don’t know how anyone stands this?,Kristi Sam,,
2026-02-24T08:26:40.920235,Sky Sports,Apple App Store,2026-02-21T13:58:52-07:00,1.0,Video never works. Cant favorite college baseball teams. This app is only good for football and basketball. Absolute trash,Cody738573,,
2026-02-24T08:26:40.923351,Sky Sports,Apple App Store,2026-02-21T12:31:08-07:00,1.0,"Never works, even though I have subscribed to every espn account imaginable. You’ll get lucky enough for it to work for half a game and then when change apps for a few minutes the app completely forgets how to function. Terrible. I have rarely had a good experience with this app. I’m surprised it has the amount of stars it does because I hear the same thing from everyone who uses it.",Nateg2306,,
2026-02-24T08:26:40.988098,Sky Sports,Apple App Store,2026-02-21T12:21:29-07:00,1.0,It is impossible to close and reopen without freezing. I’d they didn’t have a monopoly on the sports market then this app would get destroyed. It’s almost like it hasn’t been updated once. Your better off googling the score of your game,CYALDHE,,
2026-02-24T08:26:41.289659,Sky Sports,Apple App Store,2026-02-21T12:14:45-07:00,1.0,"Spent an hour trying to connect my fubo account to espn to watch an espn plus game. It sent me on the same loop for 30 minutes. When I finally figured a way out of it, and it said it connected with my fubo account, I clicked on a game and it said I had no active subscription. This isn't the first time something similar has happened but it's the first time it's made me and my friends mad enough to leave a review.",Jay Osh,,
2026-02-24T08:26:41.660734,Sky Sports,Apple App Store,2026-02-21T11:59:52-07:00,5.0,I like watching short videos of basketball games,kenni cat,,
2026-02-24T08:26:41.738721,Sky Sports,Apple App Store,2026-02-21T11:59:36-07:00,5.0,ESPN is great but they need to focus more on college baseball and let you pick your favorite team and let the scores pull up on your screen but besides that they are great and I really enjoy it,Lawcarr23,,
2026-02-24T08:26:41.742692,Sky Sports,Apple App Store,2026-02-21T10:38:00-07:00,1.0,"Whose idea was it to change the format? It’s horrible. Also, scores are not updated in real time. They are about 5 minutes behind.",Dukez0,,
2026-02-24T08:26:41.745165,Sky Sports,Apple App Store,2026-02-21T10:17:34-07:00,1.0,Very bad app for a billion dollar company that is taking $20 from me every month.,Oneal27481863,,
2026-02-24T08:26:41.748463,Sky Sports,Apple App Store,2026-02-21T09:28:49-07:00,5.0,Lo mejor de lo mejor en transmisiones,Gerardo(10)-,,
2026-02-24T08:26:41.756458,Sky Sports,Apple App Store,2026-02-21T09:27:19-07:00,1.0,Horrible feedback when trying to watch espn+ with current subscription,MarissaRw,,
2026-02-24T08:26:41.775829,Sky Sports,Apple App Store,2026-02-21T09:12:26-07:00,3.0,This app provides great content but the user experience isn’t what it could be because selection of anything is laggy. Try turing on notifications for game start times and see for yourself.,_mxfan,,
2026-02-24T08:26:41.782553,Sky Sports,Apple App Store,2026-02-21T08:42:35-07:00,1.0,"Great app, but the issue is mostly all the content is racist and misogynistic and mentally deranged; thank you Disney.",JustinAnfuso,,
2026-02-24T08:26:41.802764,Sky Sports,Apple App Store,2026-02-21T08:19:53-07:00,5.0,Lo mejor,lislique,,
2026-02-24T08:26:41.978839,Sky Sports,Apple App Store,2026-02-21T08:16:53-07:00,1.0,I pay for ESPN+ and I can’t watch anything in the app. When I click on live videos nothing happens. I have the same issue on my fire stick. Paid for a whole year and haven’t been able to watch anything. Absolute scam of a product.,ceeejus,,
2026-02-24T08:26:42.114269,Sky Sports,Apple App Store,2026-02-21T08:16:22-07:00,1.0,"I’ve used this app for years and years, but over the last few months  basically every day the app will crash and i have to close out the app and start over. It’s honestly starting to become unusable and if it’s not fixed soon I will be switching to another app.",Ksiebs,,
2026-02-24T08:26:42.116798,Sky Sports,Apple App Store,2026-02-21T07:31:46-07:00,1.0,"Opens when I don’t want it to. Opens screens I didn’t request. Basic stuff. Fix your UX to match user intent, not forced KPI achievement.",Obi-Wan Lebowski,,
2026-02-24T08:26:42.119303,Sky Sports,Apple App Store,2026-02-21T06:54:00-07:00,4.0,Why has the ESPN app removed the team scoring-by-quarter stat from their NBA coverage? It's ones of the most traditional stats about a game.,RoodooT,,
2026-02-24T08:26:42.122122,Sky Sports,Apple App Store,2026-02-21T04:23:22-07:00,5.0,All my sports needs when I can’t stay up to watch all of a game you can check the scores of all the games I check ESPN,Christopher.    567,,
2026-02-24T08:26:42.126580,Sky Sports,Apple App Store,2026-02-21T04:17:36-07:00,1.0,I’m very surprised no one has ever filed a class action lawsuit suit against espn.  The auto play settings cannot be controlled in the settings preferences and as a result always auto plays next video.  Videos I do not want to watch.   This no doubt is a revenue setting for espn.    In this day and age of technology control it stinks of fraud.,Gracskiii,,
2026-02-24T08:26:42.146300,Sky Sports,Apple App Store,2026-02-20T21:39:56-07:00,1.0,Very slow needs improvement !!!,BR968,,
2026-02-24T08:26:42.152749,Sky Sports,Apple App Store,2026-02-20T17:58:11-07:00,1.0,I pay for a service that gets me not one thing to watch but clips. Not worth it.  How do I cancel?,Now this is bs,,
2026-02-24T08:26:42.193752,Sky Sports,Apple App Store,2026-02-20T17:53:48-07:00,2.0,"When you watch a live game, the graphics are so slow on telling you what’s going on from when the scoreboard changes",forcucci23,,
2026-02-24T08:26:42.196507,Sky Sports,Apple App Store,2026-02-20T16:42:59-07:00,1.0,"For the love of anything decent, please make it where we can like or favorite college baseball/softball team. It’s 2026. Do better.",Drakescout,,
2026-02-24T08:26:42.199509,Sky Sports,Apple App Store,2026-02-20T16:23:28-07:00,1.0,It is slow and crashes all the time.,Doug Dimmadome 67,,
2026-02-24T08:26:42.201796,Sky Sports,Apple App Store,2026-02-20T16:12:47-07:00,3.0,Play by play is terrible and annoying!,Bootycheeks(.)(.),,
2026-02-24T08:26:42.338159,Sky Sports,Apple App Store,2026-02-20T16:08:06-07:00,1.0,App requires constant relogs and sometimes deleting before reinstalling. Hard to believe I pay for something that works so poorly.,Hox27,,
2026-02-24T08:26:42.493677,Sky Sports,Apple App Store,2026-02-20T16:00:31-07:00,5.0,I love this app but I can’t watch all of the games and sports I would like to watch even with the espn subscription,Gatorguy709,,
2026-02-24T08:26:42.903703,Sky Sports,Apple App Store,2026-02-20T15:49:48-07:00,1.0,Garbage…. Your account management in app is worthless.  You have no problem taking my money every month but your customer service is ****.,Mezman 17,,
2026-02-24T08:26:43.278548,Sky Sports,Apple App Store,2026-02-20T15:30:54-07:00,1.0,Why does it let me view it for about a minute before crashing out?,Cowboymdr,,
2026-02-24T08:26:43.387274,Sky Sports,Apple App Store,2026-02-20T15:25:10-07:00,5.0,This is so W they show you the score of any game and they know you favorite teams you have to try it!!!!!!!,W 👍🏻,,
2026-02-24T08:26:43.528401,Sky Sports,Apple App Store,2026-02-20T10:07:24-07:00,5.0,Easy website to use and get to see my Granddaughter’s play College softball!,Yorba Linda Lady!,,
2026-02-24T08:26:43.592146,Sky Sports,Apple App Store,2026-02-20T06:37:10-07:00,1.0,"Literally the worse and most disgusting feature on this app now, ruined it in one update",spaghettimonster4545,,
2026-02-24T08:26:43.710133,Sky Sports,Apple App Store,2026-02-20T03:57:09-07:00,3.0,Why does it a thousand years for the standings page to load. I’ve had this app for 5 years and it has never worked🙄,mowerss,,
2026-02-24T08:26:43.797974,Sky Sports,Apple App Store,2026-02-19T21:39:19-07:00,2.0,"Why keep updating the UX/UI without making any meaningful improvements to the user experience?! Some of the new UI has been pretty cool, but it hasn’t fixed any underlying UX issues. In fact, they’ve mostly been negative. For instance, in 2025 the change to the box score for NBA made it harder to see how many points were scored by a player. That was fortunately rolled back, but in 2026 the UI has been updated again but no UX issues have been addressed. Stop moving my cheese just for the sake of moving it! How about fixing the issue where the score updates before you list the play in the gamecast! Do you think any sports fan would ever watch a game and want to know a touchdown was scored before seeing the play?! Get to know your freaking users!",Dillfunk,,
2026-02-24T08:26:44.271883,Sky Sports,Apple App Store,2026-02-19T21:06:29-07:00,1.0,No longer give sports lines. Don’t like that.,bgsbrad,,
2026-02-24T08:26:44.785195,Sky Sports,Apple App Store,2026-02-19T20:57:34-07:00,5.0,She was great!!,Ldtzn,,
2026-02-24T08:26:44.792747,Sky Sports,Apple App Store,2026-02-19T18:52:28-07:00,1.0,"Absolutely hate the new update, I always watch live NBA and it is just terrible now",Vee27993,,
2026-02-24T08:26:45.235955,Sky Sports,Apple App Store,2026-02-19T18:47:26-07:00,1.0,"Disney makes way too much money to not have an app that is a smooth experience. Constant freezing, video isnt good quality, commercials longer than videos being pushed",Chuckkkkkkkkk m,,
2026-02-24T08:26:45.239017,Sky Sports,Apple App Store,2026-02-19T18:22:19-07:00,1.0,"Feed is a mess, never shows you the content you care about at the top. 30 second ads before every single highlight video every single time. App crashes if I have it open for more than 3 minutes. Makes streaming anything impossible. Such a joke! ESPN sucks!",Preston_Bland1,,
2026-02-24T08:26:45.655292,Sky Sports,Apple App Store,2026-02-19T15:49:10-07:00,1.0,Stop talking about color. Talk about the games and shove your platform up your racist asses,boilermakin,,
2026-02-24T08:26:45.943483,Sky Sports,Apple App Store,2026-02-19T14:49:15-07:00,1.0,I pay for espn plus because it says Spieth is featured..twice now and he is not featured!,No spieth,,
2026-02-24T08:26:45.946584,Sky Sports,Apple App Store,2026-02-19T13:56:35-07:00,5.0,Muy bien,Jesús nene,,
2026-02-24T08:26:46.640726,Sky Sports,Apple App Store,2026-02-19T13:37:05-07:00,3.0,The app is fine but adjusting font size should either be made available or the feature should be made more obvious. I end up on the website more often than not so I can zoom in when I read,Mustar11,,
2026-02-24T08:26:46.643312,Sky Sports,Apple App Store,2026-02-19T12:59:56-07:00,1.0,Will remove,Wendyele,,
2026-02-24T08:26:46.996124,Sky Sports,Apple App Store,2026-02-19T12:35:53-07:00,5.0,No adds and I get all the sports content whenever,TOE EATER 67,,
2026-02-24T08:26:47.577130,Sky Sports,Apple App Store,2026-02-19T12:21:23-07:00,2.0,I’ve had this app for years and it’s never had issues. But recently over the last few years it has become more unstable and commonly crashes. It’s so bad now that I can’t use it anymore because it will crash within 2 minutes of use. I just don’t know how it’s gotten this bad.,quarentine blows,,
2026-02-24T08:26:47.722343,Sky Sports,Apple App Store,2026-02-19T10:10:08-07:00,2.0,App crashes non stop. Impossible to even look up stats from a game or watch live events THAT YOU PAY FOR 🙄,Shameless viewer,,
2026-02-24T08:26:48.308403,Sky Sports,Apple App Store,2026-02-19T09:35:27-07:00,1.0,This has to be the worst sports app there is. Can’t scroll to see what games are on because it glitches everytime. Gets schedule days wrong too. How is this possible for a company like espn. Never redownloading,MosesOses,,
2026-02-24T08:26:48.316496,Sky Sports,Apple App Store,2026-02-19T08:09:34-07:00,1.0,Subscribed content won’t play,Dan Dotson.,,
2026-02-24T08:26:48.327257,Sky Sports,Apple App Store,2026-02-19T06:29:34-07:00,2.0,The app is ridiculous.  Too bogged down and slow.,Dave (LJCF),,
2026-02-24T08:26:48.330444,Sky Sports,Apple App Store,2026-02-18T19:05:35-07:00,1.0,"In past week, something happened and app is killing my iPad battery with background use. Please fix.",Gaymer321,,
2026-02-24T08:26:48.472773,Sky Sports,Apple App Store,2026-02-18T19:00:06-07:00,3.0,He’s horrible,Marco Camero,,
2026-02-24T08:26:48.482627,Sky Sports,Apple App Store,2026-02-18T18:15:54-07:00,1.0,"Horrible app, there’s more bugs and freeze issues than there are usable features… ESPN would be the worst network if it wasn’t for McAfee",Common sense123$,,
2026-02-24T08:26:48.489308,Sky Sports,Apple App Store,2026-02-18T16:44:04-07:00,1.0,App doesn’t work until you delete and reinstall every time you use it.,HECUBUSQ,,
2026-02-24T08:26:48.492024,Sky Sports,Apple App Store,2026-02-18T15:38:24-07:00,5.0,Previous post was removed by me - update below   Update - Developer responded and I have changed my rating. I did notice a couple months back the app was working and I had no issues. I think UVerse TV was finally set up by ESPN to work with the new streaming app. Thank You very much !,PanthersFan45,,
2026-02-24T08:26:48.615133,Sky Sports,Apple App Store,2026-02-18T12:54:56-07:00,1.0,"For YEARS, somehow ESPN fails over and over at getting video performance right. From highlights to talk shows to the new “verts” they cannot get video to simply play.  The videos continue to fail to launch, freeze the app, and launch into random other videos. The circle of death equivalent is basically all you can expect. You cant even get them to smoothly play their ads.  This is over years. Its not an update issue, internet speed, device glitch etc. its the ESPN standard and its sub par.",What the frock,,
2026-02-24T08:26:48.690589,Sky Sports,Apple App Store,2026-02-18T12:45:38-07:00,4.0,Good site for college basketball except for your anti Illinois bias. Articles are only written if they play one of your site favorites.,Strodester,,
2026-02-24T08:26:48.693965,Sky Sports,Apple App Store,2026-02-18T12:43:50-07:00,1.0,"App pause often, we have to close it and wait",Sporter810,,
2026-02-24T08:26:48.721695,Sky Sports,Apple App Store,2026-02-18T12:13:14-07:00,1.0,"The app is really good, but it crashes atleast 6 times during the game that I’m watching, and when I get off and restart the app it doesn’t want to play the game I was just watching. It only happens on the mobile app but the tv app works good 85% of the time, and I love it when it is working.",mullins1500,,
2026-02-24T08:26:48.727036,Sky Sports,Apple App Store,2026-02-18T04:53:14-07:00,1.0,"Constantly having issues with the app crashing, has been going on for awhile now and it’s the only app on my phone that does it. Anytime I open an article to read it crashes. Anytime I on the app for more than a minute it crashes, very annoying.",FUEA17,,
2026-02-24T08:26:48.729936,Sky Sports,Apple App Store,2026-02-17T22:43:32-07:00,1.0,The app continuously crashes annoyingly each time it is launched and used for a few seconds.,Emmzy010927,,
2026-02-24T08:26:48.747884,Sky Sports,Apple App Store,2026-02-17T20:36:25-07:00,1.0,"If I can’t stream the big game on my 55” TV, then the app is garbage and a complete waste of time!",bigcountrypapa2019,,
2026-02-24T08:26:48.755295,Sky Sports,Apple App Store,2026-02-17T18:52:13-07:00,1.0,"App constantly crashes when trying to read articles. I’ve uninstalled and reinstalled, nothing fixes it. My phone software is fully up to date.  Absolutely aggravating!! The app is completely unusable.",TechnoYosi,,
2026-02-24T08:26:48.782741,Sky Sports,Apple App Store,2026-02-17T18:41:03-07:00,2.0,Every time I use the ESPN app my iphone starts to overheat. It does this even without live-streaming games and no other app does this.,NoThanks000,,
2026-02-24T08:26:48.796547,Sky Sports,Apple App Store,2026-02-17T17:14:47-07:00,5.0,Best networks,junnbug2slug,,
2026-02-24T08:26:48.919212,Sky Sports,Apple App Store,2026-02-17T17:01:42-07:00,1.0,"I got the app and paid for a subscription to watch hoops, not jump through hoops to get the app to work.  Still not working and asking me to sign into my TV provider to watch, and still won’t work.  I have a paid subscription through my tv provider and you want me to pay a separate fee here too.  Not recommended",1209@129,,
2026-02-24T08:26:48.921564,Sky Sports,Apple App Store,2026-02-17T16:54:34-07:00,3.0,Crashes all the time when trying to read basic articles,Gk806,,
2026-02-24T08:26:48.928330,Sky Sports,Apple App Store,2026-02-17T16:30:58-07:00,5.0,ESPN is amazing!!! It is like TikTok but with sports!!! I will definitely be using ESPN everyday!!!🥎⚾️🏈⚽️🏀🏐🎾,ESPN REVIEW!!,,
2026-02-24T08:26:48.937979,Sky Sports,Apple App Store,2026-02-17T16:24:09-07:00,1.0,Ever since espn rolled out their new and improved app it’s been atrocious. I think they spent more on budget to market it than to build it. The app is way too heavy which results in it taking ages to load. Being on wifi or 5G doesn’t make a difference.,rjpletsch23,,
2026-02-24T08:26:48.964299,Sky Sports,Apple App Store,2026-02-17T16:22:27-07:00,4.0,Include the option to actually access college hockey teams and their stats and rosters if you’re going to show they’re even playing. Pretty weird and lol,Huntthewump,,
2026-02-24T08:26:48.975415,Sky Sports,Apple App Store,2026-02-17T15:51:16-07:00,5.0,"Great App!  Love the games you carry, including Troy University.",MID204,,
2026-02-24T08:26:49.001136,Sky Sports,Apple App Store,2026-02-17T15:49:23-07:00,1.0,I can no longer watch streaming after update. I have Disney + and cox cable and I can no longer stream the Gator basketball,gaturgirl,,
2026-02-24T08:26:49.004548,Sky Sports,Apple App Store,2026-02-17T15:34:01-07:00,1.0,ESPN is a straight up scam. You buy the plus package and still only can watch most games if you have cable or some other provider!?!? Like what’s the point of paying for your subscription if I can’t even watch 75% of stuff on your app. It’s ridiculous save your money go stream online til these companies stop being so greedy.,Jaydoe762,,
2026-02-24T08:26:49.007126,Sky Sports,Apple App Store,2026-02-17T14:59:35-07:00,5.0,"The absolute best way to watch all college sports everyday,",CaptainGator,,
2026-02-24T08:26:49.011027,Sky Sports,Apple App Store,2026-02-17T14:21:46-07:00,5.0,espn is the best sports app,roshaun monk,,
2026-02-24T08:26:49.013489,Sky Sports,Apple App Store,2026-02-17T13:26:29-07:00,1.0,Have to re-authenticate every single day. What a joke. Please do better.,SCG11,,
2026-02-24T08:26:51.653240,BT Sport,Trustpilot,2025-07-21T11:40:49.000Z,5.0,"SINCE I BECAME A PENSIONER LAST YEAR, THEY GAVE A GOOD DISCOUNT FOR BROADBAND & LANDLINE, BUT YOU HAVE TO PHONE THEM & TELL THEM ABOUT YOUR SITUATION, THEY WERE VERY HAPPY TO HELP ME . . .NB: BUT I MUST SAY THAT I HAD TO LEAVE THEIR PARTNER "" EE "" AS THEY ARE THE WORST MOBILE SERVICE IN THE UK BY FAR...",Luciano,,
2026-02-24T08:26:51.713811,BT Sport,Trustpilot,2025-05-06T21:16:59.000Z,1.0,"BT sport is a joke. Tonight, May 6th 2025, I was looking forward to watching Inter Milan v Barcelona in the Champions League semi final as this is what I pay my £23.00 subscription for. I switch on my BT box and search the listings but I don't see it listed so I search elsewhere only to find BT have sold out to Amazon Prime. The value for money is now 0%. I am now sat watching Partick Thistle v Ayr on BBC Scotland.",Kelvin Farnis,,
2026-02-24T08:26:51.787321,BT Sport,Trustpilot,2025-03-11T22:20:10.000Z,1.0,"I Paid a lot of money to watch British games in champions league and all seem to be on Amazon prime and no reduction in price, last straw, I like many others will cancel my subscription after many years.",John S,,
2026-02-24T08:26:51.816564,BT Sport,Trustpilot,2025-02-10T20:55:55.000Z,1.0,Poor value for money. Long term customer and offered no offers to stay. Poor business,Peter,,
2026-02-24T08:26:51.819462,BT Sport,Trustpilot,2025-01-06T13:08:06.000Z,5.0,"BTSport Fault engineer….named EdAbsolutely couldn't be better,Not only did he repair our TV and get the sports channel working again…. .he was incredibly helpful.We are both in our late 70’s and technically inept.He…explaining step by step what procedures he was making to repair our sports Channel and had it back in working order in no time.",Chris McKeefry,,
2026-02-24T08:26:51.924938,BT Sport,Trustpilot,2024-11-02T16:37:13.000Z,1.0,Signed up to watch the rugby but the app repeatedly won't let me log in! The worst experience as their help desk then says 30min so the game will be mostly over....just a joke!,Neil,,
2026-02-24T08:26:52.015404,BT Sport,Trustpilot,2024-06-14T17:38:37.000Z,1.0,"Acc 0222777528This account was for an old address in which was cancelled when I moved out in Jan 2023,They then tried to charge me an additional £58.25p and unbeknown to me sending a bill to that address, I showed them proof I had moved out and even changed the sky tv which is also dated at new address in Jan 2023, they then issued a default on my credit file for a bill I knew nothing about , Please Do Not Get BT Sport in will cause you no end of problems , I’m now have to go through the courts against a big company to prove how unprofessional they are and trust me they will pay my costs and more, it has to stop happening.they sold the debt to a company called Lowell who have been helpful and told BT on numerous occasions who have done NOTHING to help.",Steve b,,
2026-02-24T08:26:52.052541,BT Sport,Trustpilot,2024-04-30T13:05:54.000Z,5.0,Complaint Ref: VOL013-852734328302.I could not get to watch TNT Sports Football on Discovery remotely and called BT Sports to resolve.Over two days Rachel diligently went through everything and sought help from back office support. Called me on Saturday as that was when the next footie match was on.Now all resolved and appreciated the time and effort Rachel put in.,Vincent,,
2026-02-24T08:26:52.553490,BT Sport,Trustpilot,2023-11-22T22:09:42.000Z,1.0,"What utter garbage this iste is comared with Sky to which I also subscribe. Took me literally 5 minutes to find the football. They used to list the channels, but no longer. I'd scrap it if it were not for the european games",Jack Jennings,,
2026-02-24T08:26:52.564459,BT Sport,Trustpilot,2023-08-22T00:59:40.000Z,1.0,"I've been a long-standing BT Sport customer for many years and find the service infuriating. The content is good, but there are two major problems which are incredibly frustrating. First, the editorial of web and app content is an inconsistent mess. Some weeks you will find the event replay you want on the website only, another week it will be on the BT Player only, another week it will only be on the mobile app, etc etc. You get the picture. And, it will never be in the same place: Sometimes it will be in spoiler free, sometimes it will not so inevitably you often end up with spoilers. But, basically you have to go hunting round for the event you want through three different platforms sometimes I don't know why they make it so damn difficult to find content, because it's never where you think it will be.Secondly. All platforms are incredibly buggy and prone to faults and crashing. It doesn't matter if you use PC, Laptop, mobile, tablet, if you use this browser or that. The content is CONSTANTLY crashing or sometimes, like tonight (UFC Sterling Vs O'malley even replay) it simply won't play at all (it's not on the website at all , only on BT Player. Why? It doesn't really matter since the player crashes or just won't play it anyway). If you have to use BT Sport because it's your only way to view a particular sport then fair enough. But, if you have any other option then to save your sanity watch it else where with another broadcaster/provider.",Tom,,
2026-02-24T08:26:52.570994,BT Sport,Trustpilot,2023-06-04T18:57:08.000Z,1.0,"Rip off. £30 pcm and there is little UK sport (especially football) to watch. It is very hard to cancel too!! Ignore ""cancel anytime"" as you can't. When you try, you discover there is a 30 day notice required (ie. a £30 penalty). Half the time, the service isn't working. Can't wait to escape and shop elsewhere to watch football.UPDATE: Spent 95 minutes trying to resolve an issue. I then just gave up trying. I'll just need to cancel (if I can).",Chris,,
2026-02-24T08:26:52.579393,BT Sport,Trustpilot,2023-04-12T22:33:11.000Z,1.0,The most disgustingly biased commentary I’ve ever heard. This commentator RMA v Chelsea is a complete Chelsea Hater. I pay a lot of money to watch this channel & don’t need this northern clown spewing this crap.,Mr Martin Mcauliffe,,
2026-02-24T08:26:52.584649,BT Sport,Trustpilot,2023-04-12T22:14:15.000Z,1.0,"total con artists sold a tv package that is simply digital terrestrial freeview tv plus bt sport streamed. however customer services never checked what channels i could receive (none) (i didnt have a terrestrial aerial or free view digital signal where i live) everyone here has a sky dish and has had one for years assumed bt tv would all be streamed channels, just introduced broadband in area. should be fined by ofcom for miss selling bearing in mind there is no cooling off period as they claim you have immediate access to there streaming services  .  the coup de grace was having to return the set top box or get charged for it, would have preferred to have returned it after they had done a freeview postcode check. to sum up this is an iptv system with only bt sports with everything else subscription for 2 years avoid!",craig allen,,
2026-02-24T08:26:52.592307,BT Sport,Trustpilot,2023-04-11T14:31:54.000Z,1.0,Expensive on pay monthly at £25 pounds they don’t show much premier league football just random games here and there. Champion league is saving them but for £25 a month it’s expensive as it’s not on much. I think you should do a yearly deal at a big discount price. I won’t be paying anymore.,Honest Reviews Only,,
2026-02-24T08:26:52.620409,BT Sport,Trustpilot,2023-04-09T12:29:47.000Z,1.0,"This has to be the worst app ever!! Even though I pay a significant amount each month the app format is garbage. I set the app to Spoiler free so I can watch UFC without seeing the results of the fights. However, instead of allowing customers to select and watch individual fights you post clips on the Spoiler Free section such as 'Masvidal retires'. Absolutely disgusted with this service. I'd love to cancel it but its the only way to watch UFC.",Anonymous,,
2026-02-24T08:26:52.626547,BT Sport,Trustpilot,2023-04-05T21:41:45.000Z,1.0,I would avoid!! Awful customer service!! Cancelled contract gave a months notice and most of the month my son could not watch it as we did not have a subscription even though I was told we could watch it till end of March!!Would give zero stars if I could!!!,Donna,,
2026-02-24T08:26:52.638078,BT Sport,Trustpilot,2023-03-01T16:33:41.000Z,1.0,"very expensive and not worth it, the price of over £25 (sneakily add fees to, watch out!)  a month for average at best tv presenters and experts along with their customer service been non existent, surprising people pay it, hopefully they will lose out to the big networks sniffing around the premier league",Ben Pastor,,
2026-02-24T08:26:52.643718,BT Sport,Trustpilot,2023-02-11T10:39:04.000Z,1.0,"Once again BT Sport on Sky messes up WRC coverage! First recording got darts! The second recording only got the last 10 minutes of the program! Save your money use Red Bull TV instead, you get what you want to see.",Derek,,
2026-02-24T08:26:52.678845,BT Sport,Trustpilot,2022-10-25T21:11:28.000Z,1.0,Constantly buffers. Totally ruins viewing experience. Never have an issue with sky or amazon sports. My connection is 150mb. Please sort BT.,Mark,,
2026-02-24T08:26:52.682576,BT Sport,Trustpilot,2022-10-14T20:29:43.000Z,1.0,"I would like to echo what others have said in that I have tried to order a £25 per mth plan so I can watch MLB playoffs (which mlb has stolen from us members). BT sport could not connect, I could not get help, and I decided to cancel my order immediately. However...I could not find my order in 'MY BT.' I wonder how this company can stay afloat? Poor, poor management!",Tony,,
2026-02-24T08:26:52.687544,BT Sport,Trustpilot,2022-10-14T19:10:24.000Z,1.0,"I am no longer motivated to complain with any hope of improvement, only to warn others of the poor value and quality of service, so they don't make the mistake of subscribing !Tried to watch a replay of today's Aus v Eng T20, repeatedly it defaults to a message box 'Sorry there's a problem.........Error code. VC526It will cheerfully play a short 'highlights' clip which lasts a few minutes and is probably available later tonight on a regular tv channel, but watch the match I've paid a subscription to watch.......forget it.BT .... is it short for Blood y Terrible?",Alex Crawford,,
2026-02-24T08:26:52.695835,BT Sport,Trustpilot,2022-10-11T21:06:19.000Z,1.0,"Just signed up for BT Sport for the monthly pass of £25-00. Twice I have been left hanging on the phone not being able to login, I am wondering what I am paying for when I can't watch the footie. Why do they not have extra staff on the calls on match night? Technical error code:TS000-3.",Prakash,,
2026-02-24T08:26:52.875914,BT Sport,Trustpilot,2022-10-03T17:44:01.000Z,1.0,"Absolutely horrendous service. Tried to cancel online a dozen times but ended up going round in circles and therefore never actually getting to the point of confirming my cancellation (Shock). Left with no choice I had to call their Customer Services dept, wait on hold for at least 30mins only to be told that I am going to be charged one last time. Even when raising a complaint I was told this will do nothing. Disgusting customer service and it is no wonder that they are losing so many customers to Sky.",MH,,
2026-02-24T08:26:52.920717,BT Sport,Trustpilot,2022-10-01T23:08:29.000Z,1.0,"Rip Off with no Reward for Loyal customers!! I got BT Sports when it first came onto the scene and have a loyal customer ever since. My bill at that time was £17.99 per month which while it was pricey seeing that also had Sky Sports, i kept so i can have the option to watch the lunchtime premier league game and the odd champions league. I have seen my bill rise over the years and have not found it is at £37.99 which quite simply is extorinate for 2-4 hours a week max. I called them and was told there was no other deal available for me but it would be different if i took BT Broadband with them. When i said i would like to cancel, they did not even bother to try and keep me. It was only when i said i was angry they did not do anything to keep me that i got offered £5 off for 3 months if i lock into another 24 month contract at £37.99. Seriously!! It is clear they are not interested in doing anything else but ripping off people for 1-2 footie games per week. Disgraceful if you ask me especially in this hard economic climate!!",AC,,
2026-02-24T08:26:53.053016,BT Sport,Trustpilot,2022-09-08T21:01:11.000Z,1.0,"Bt sport has recently taken BT sports off windows the worst thing they could have done, while on windows my picture quality was brilliant better than sky but now its it's worse all it dose is buffer all the time. Why change something when it's not broken this problem is on BT wifi on my narrow boat my picture at home is no problem its must have something to do with money not Customer satisfaction",Rodney Nelson,,
2026-02-24T08:26:53.057858,BT Sport,Trustpilot,2022-09-03T19:41:50.000Z,1.0,Lucky to get 1 star.I subscribe to bt sport via virgin media. Why is it you're not consistent showing highlights. Especially tonight.I support a national league side and was looking forward to seeing the show tonight. To my disappointment it's not being shown. What a biased and poor service you supply. So I'm cancelling my subscription. Absolutely rubbishCrap,Rob Farrell,,
2026-02-24T08:26:53.082247,BT Sport,Trustpilot,2022-04-20T15:16:20.023Z,1.0,Sugar as Hell! I've taken legal action by first taking to the ombudsman and following with litigation unless they pay me compensation! These services are like holiday contracts as loss of amnesty is a matter...I couldn't watch the live matches I bought on EU leagues as their App is terrible. New Graduates from IT courses would create better Apps than BT sports Apps...Beware!!!,Bill G,,
2026-02-24T08:26:53.127333,BT Sport,Trustpilot,2022-04-09T11:52:43.000Z,1.0,"Absolutely crap. If you want to watch international Lacrosse at 1am it is perfect for you. Premiership football no chance. Just the VC011 error. No help. The package is with my phone but that is up I will take a cheaper phone deal and forget about BT Sport.Stick to the radio never goes wrong, costs nothing.",Scott,,
2026-02-24T08:26:53.131254,BT Sport,Trustpilot,2022-04-08T22:49:37.000Z,1.0,Drop the gambling adverts. Sick of watching endless gambling adverts,Matthew McCarthy,,
2026-02-24T08:26:53.133803,BT Sport,Trustpilot,2022-03-17T21:34:20.000Z,1.0,"The website says ""Monthly Pass gets you 30 days of BT Sport, contract free."" However, when I gave them my money, I later found that I was not able to watch the BT Sport channel I wanted to watch (BT Sport 2) and was asked to upgrade. I really don't understand what I just bought and trying to get my money back doesn't look easy (I couldn't complain because it rejected my login for some reason).",Jon,,
2026-02-24T08:26:53.136685,BT Sport,Trustpilot,2022-03-02T17:01:45.000Z,3.0,"We’ve always had reliable broadband from BT, but sadly we’re going elsewhere because of the recent price rise on what we felt was already an expensive product.",Susan Archer,,
2026-02-24T08:26:53.139463,BT Sport,Trustpilot,2022-02-08T20:45:38.000Z,1.0,"The BT Sport SD package is so poor, it makes BBC look like good value. It is vomit inducing at best. Thank God I wasn't watching Tottenham, or I may very well have blown chunks all over the coffee table.Seriously though, it's awful. Do not use. Save your money. If you do call up to complain, all they'll do is try to bribe you off with some ""offer"" that then ties you in for 24 months. And there's no cooling-off period either. You lay down £35 for literally nothing.",Benjamin Dungate,,
2026-02-24T08:26:53.143244,BT Sport,Trustpilot,2022-01-22T13:14:25.000Z,1.0,Just paid my monthly £102 to watch BT sport. But it won’t let me access it from my iPhone. Hugely disappointing,Garry Procter,,
2026-02-24T08:26:53.146993,BT Sport,Trustpilot,2022-01-16T20:44:14.000Z,4.0,"I only joined to watch the Ashes, I’m not a huge fan of bt having had phone and email with them for years and years. However I had an issue with bt sport, rang them to chat it through and they were golden on the phone, sorted my issue and we’re very helpful. BEST OF ALL when the ashes finished and I wanted to leave, it was a one click job. No hidden boxes, no pleading pages, just a click. Slightly annoyed at how impressed I am. Will happily rejoin next time England send out 11 men who have apparently never played cricket to face the Australians.",mr alex attwood,,
2026-02-24T08:26:53.163452,BT Sport,Trustpilot,2021-10-20T11:51:49.000Z,1.0,"Unauthorised Payment Taken!Previously Paid for the Fury fight and now BT Sport have taking another payment for £19.95 which we have no idea what it’s for. Unhelpful when you call, cut you off so you have to called back and still no idea what it’s for! All I want is my money back as this is classed as fraud!",Mandi,,
2026-02-24T08:26:53.167783,BT Sport,Trustpilot,2021-10-10T01:55:52.000Z,1.0,Was on a LiveChat with R.Corpuz for over 30 mins was trying to watch the boxing PPV as it wouldn’t let me get into my account. The replies were very long. I paid for the event and now missed half of the event. My questions were not getting and when I asked for my query to be escalated they just left and didn’t reply. And still not got any help on this matter very disappointing for such a simple query,Suraj Sunny,,
2026-02-24T08:26:53.173042,BT Sport,Trustpilot,2021-09-24T10:57:30.000Z,4.0,"Well priced and nice to not be contracted so I can cancel when the football season finishes.Watching in 4K HDR on my TV via my Xbox is amazing, and such good value for the money. I can also watch on my iPad at the same time if I’m in the garden or summer house.The only gripe I have with BT Sport is the commentary, it would be nice to have an option to switch it off as the ex-pros they employ can grate quite a bit and talk like they’ve never played the game.Other than that small gripe I’m really impressed though!",Dean Ince,,
2026-02-24T08:26:53.177097,BT Sport,Trustpilot,2021-09-21T19:33:52.000Z,1.0,"Watching boxing at 10.30pm on a Friday night, fight finishes goes back to woman presenter and guest pundit. While waiting for the result started to show highlights of fight, cut back to studio for result, ring empty result already given. What a shambles.",Mike Rowley,,
2026-02-24T08:26:56.031155,BT Sport,Google Play Store,2026-02-22T22:20:49,5.0,better sports,Buruhan Mafabi,,
2026-02-24T08:26:56.075434,BT Sport,Google Play Store,2026-02-14T00:16:23,5.0,excellent service,Keith Minton,,
2026-02-24T08:26:56.080626,BT Sport,Google Play Store,2026-02-06T14:09:11,5.0,This is very exciting 😄😃,Mathew Kibet,,
2026-02-24T08:26:56.083931,BT Sport,Google Play Store,2026-02-01T22:19:28,5.0,all good now that David Gower is on the cricket commentary. good tnt is covering world wide all forms of mens cricket,Andrew Smith,,
2026-02-24T08:26:56.086883,BT Sport,Google Play Store,2026-01-31T00:05:23,1.0,"None of your alerts lead to a story, but to an Olympics landing page. Fix!",John Nash,2026-01-31T00:22:27,"Hi John thank you for taking the time to leave a review, we always appreciate feedback regarding our app. We'll pass your comments to our team to help us improve future customer experience. If you need assistance, please email us at support@discoveryplus.co.uk. Kind regards, discovery+ Customer Support"
2026-02-24T08:26:56.091548,BT Sport,Google Play Store,2026-01-26T23:47:35,5.0,can catch up on latest football results.,Rozzane Mooney,,
2026-02-24T08:26:56.106897,BT Sport,Google Play Store,2026-01-21T13:28:10,5.0,Provides wide coverage of sports not visible elsewhere.,Richard Pattrick,,
2026-02-24T08:26:56.119219,BT Sport,Google Play Store,2026-01-20T19:37:20,5.0,like sky used to be .... only way better👍,Terry Spurgeon,,
2026-02-24T08:26:56.123006,BT Sport,Google Play Store,2026-01-13T16:10:01,5.0,I'm loving it 💛,Iguosadia ekhator,,
2026-02-24T08:26:56.142160,BT Sport,Google Play Store,2026-01-13T15:44:40,5.0,Nice 👍 app,Vinita,,
2026-02-24T08:26:56.144822,BT Sport,Google Play Store,2026-01-12T03:31:00,5.0,Excellent,Lukmon Abiola,,
2026-02-24T08:26:56.276181,BT Sport,Google Play Store,2026-01-10T12:40:22,4.0,"Good content, but sometimes clunky",Julia Firth,,
2026-02-24T08:26:56.279527,BT Sport,Google Play Store,2026-01-06T21:41:58,5.0,Great coverage!,Christopher BEST,,
2026-02-24T08:26:56.295817,BT Sport,Google Play Store,2025-12-18T09:07:23,2.0,poor,Tam Tomney,,
2026-02-24T08:26:56.308969,BT Sport,Google Play Store,2025-12-18T03:58:42,5.0,good,retina storm,,
2026-02-24T08:26:56.312668,BT Sport,Google Play Store,2025-12-13T08:29:29,5.0,very Good,Onyekachukwu Mark,,
2026-02-24T08:26:56.331916,BT Sport,Google Play Store,2025-12-04T20:58:42,5.0,very good,Zeeshan Zeeshan65,,
2026-02-24T08:26:56.350458,BT Sport,Google Play Store,2025-12-01T11:04:26,1.0,it's not working for those outside Europe.geographical restrictions,Kugonza Hassan,2025-12-01T13:47:17,"Hi Kugonza, thanks for your feedback. I understand you are unable to access TNT as you're outside of Europe. Please feel free to send us a DM via https://support.discoveryplus.com/gb/Home/Index and select 'Contact Us' and we'll be happy to assist you with further information. Thank you, discovery+ Customer Support"
2026-02-24T08:26:56.368927,BT Sport,Google Play Store,2025-11-30T18:09:00,1.0,"The app has no any link to watch live game it's only update and games highlight, you guy stop scumming us with fake apps, we need quality app,",Benardinho Musyoki,,
2026-02-24T08:26:56.442138,BT Sport,Google Play Store,2025-11-27T02:24:54,4.0,Broadly excellent but some of the commentators over do statistics. This can be a serious and annoying distraction. Keep it for gaps in the game. Less is more.,Huw Jones,,
2026-02-24T08:26:56.480596,BT Sport,Google Play Store,2025-11-26T06:03:20,5.0,"This App is absolutely sublime, beautifully designed , generous free highlights & expert analysis .",Anthony Fallon,,
2026-02-24T08:26:56.488046,BT Sport,Google Play Store,2025-11-23T22:09:47,5.0,good 👍,Kun Bak,,
2026-02-24T08:26:56.490842,BT Sport,Google Play Store,2025-11-17T11:25:34,5.0,EVERYTHING IS EXECELLENT,Colin Davies,,
2026-02-24T08:26:56.519733,BT Sport,Google Play Store,2025-11-10T01:06:12,5.0,TNT Sports Is Great 👍,Denis,,
2026-02-24T08:26:56.559844,BT Sport,Google Play Store,2025-11-09T12:35:10,5.0,Great fun to read about sports here,Michael MC Mullen,,
2026-02-24T08:26:56.680983,BT Sport,Google Play Store,2025-11-09T01:15:07,1.0,"its not just ths app this is rubbish the coverage is poor, the need to offer a ""crowd only"" option so you done have to lisen to the ex footballers going on and on, i assume the reply is AI, i dont need help have deleted the app and cancelled TNT sport much like the owner they dont deliver.",Martin Stedman,2025-11-09T01:10:57,"Good Evening Martin, thanks for taking the time to leave a review, we always appreciate feedback regarding our app. We will pass your comments to our team to help us improve future content for our customers. If you need assistance, please contact us at https://support.discoveryplus.com/gb/Home/Index. discovery+ Customer Support."
2026-02-24T08:26:56.786325,BT Sport,Google Play Store,2025-11-06T00:39:50,5.0,not work please check 😢,Jemal Obsaa,,
2026-02-24T08:26:56.793015,BT Sport,Google Play Store,2025-11-03T20:22:58,5.0,that okay for me no matter what is a good all sports .😊😊😊,Lenford Allen,,
2026-02-24T08:26:56.865441,BT Sport,Google Play Store,2025-11-02T14:18:45,5.0,Good sport!,Andrew Wilson,,
2026-02-24T08:26:56.881139,BT Sport,Google Play Store,2025-11-02T01:03:53,5.0,good💝,Arinze Emmanuel,,
2026-02-24T08:26:56.888137,BT Sport,Google Play Store,2025-10-31T03:35:46,5.0,app works well on Android tablet,Tony Jones,,
2026-02-24T08:26:56.928264,BT Sport,Google Play Store,2025-10-30T20:43:15,5.0,Good football games coverages from across the world with good pontentory,Sohrab Ghavami,,
2026-02-24T08:26:56.938003,BT Sport,Google Play Store,2025-10-28T02:42:52,5.0,"TNT.. When I First Downloaded & Connected I Was Unsure, Thought, Just A Wanna Be Sports Channel, I Can Honestly Say You've Grown And The Content Is Right Up There. The Sporting Journey Is Refreshing, The Information. Games & Reviews For Me Is Satisfying.. Thank You Very Much, Im Impressed. A Big Thank You To All The TNT Team Staff. Those Behind The Scenes Too May Your Success Continue.",Michael Small,,
2026-02-24T08:26:56.957122,BT Sport,Google Play Store,2025-10-23T22:52:55,5.0,good sport channel and app,Lee Charles Freeth (Charlie),,
2026-02-24T08:26:56.964579,BT Sport,Google Play Store,2025-10-22T01:03:59,1.0,let me make the perfectly clear to you. YOU DO NOT NEED TO SEND A NOTIFICATION ABOUT EVERY F..KING THING THAT HAPPENS. constant notifications about everything.,Mek Dawson,2025-10-22T15:17:07,"Good Afternoon Mek, thanks for taking the time to leave a review, we always appreciate feedback regarding our app. We will pass your comments to our team to help us improve future content for our customers. If you need assistance, please contact us at https://support.discoveryplus.com/gb/Home/Index. discovery+ Customer Support."
2026-02-24T08:26:56.969492,BT Sport,Google Play Store,2025-10-20T09:49:36,5.0,uhhhj,Ajay Singh,,
2026-02-24T08:26:56.973554,BT Sport,Google Play Store,2025-10-19T10:26:27,5.0,star sports live Sports Guide APK download link,Naresh Dhami,,
2026-02-24T08:26:56.977951,BT Sport,Google Play Store,2025-10-19T02:08:48,4.0,"I'm enjoying the content much better than SkySports biased take on the ""Big"" teans, but it's a bit slow to load at times.",Robert Bailey,,
2026-02-24T08:26:56.982627,BT Sport,Google Play Store,2025-10-18T11:26:34,5.0,Great to be able to customise your sports headlines!,Alex Drummond,,
2026-02-24T08:26:56.986070,BT Sport,Google Play Store,2025-10-18T10:25:38,5.0,Informative and interesting news snd articles,S & N Maclaurin,,
2026-02-24T08:26:56.988336,BT Sport,Google Play Store,2025-10-02T23:15:00,1.0,"can't log in, I pay so much money every month and can't even log in on the app. no reason, no movement, just nothing.",John Aucott,2025-10-03T15:05:08,"Hi John, thank you for contacting us. I understand you are unable to log in. Please contact us via our help centre for further support - https://support.discoveryplus.com/gb/Home/Index discovery+ Customer Support."
2026-02-24T08:26:57.091899,BT Sport,Google Play Store,2025-09-28T23:10:51,1.0,worst channel. stopped the final moments of the match was stopped.,Purva Patwari,2025-09-29T18:34:16,"Hi, thank you for contacting us. I appreciate your feedback and will make our team aware as we are always looking at improving our services. If you require any support please contact us via our help centre - https://support.discoveryplus.com/gb/Home/Index discovery+ Customer Support."
2026-02-24T08:26:57.104802,BT Sport,Google Play Store,2025-09-18T23:18:21,1.0,you can't watch the live games,DEEQA ABDIRAHMAN,2025-09-19T13:17:00,"Hi Deeqa, thanks for your feedback regarding the live games on TNT Sports. I'm sorry to hear you were unable to watch the live games, please could you contact us via https://support.discoveryplus.com/gb/Home/Index and select 'Engage With Us' so we can assist you further? Thank you! -discovery+ Customer Support"
2026-02-24T08:26:57.108316,BT Sport,Google Play Store,2025-09-11T15:45:55,5.0,it's good,Muganyizi,,
2026-02-24T08:26:57.180953,BT Sport,Google Play Store,2025-09-06T03:41:55,5.0,Terrific,Major John Lockie,,
2026-02-24T08:26:57.184660,BT Sport,Google Play Store,2025-08-31T21:38:43,1.0,Rip off.,D Riches,,
2026-02-24T08:26:57.187618,BT Sport,Google Play Store,2025-08-27T02:49:41,1.0,league cup and they won't even show who scored. Trash app.,Kevin Sinani,2025-08-27T22:31:10,"Hi Kevin, thank you for taking the time to leave a review, we always appreciate feedback regarding our app. We'll pass your comments to our team to help us improve future content for customers. Kind regards, discovery+ Customer Support"
2026-02-24T08:26:57.193715,BT Sport,Google Play Store,2025-08-27T02:25:32,5.0,Professional,Terence Fortune,,
2026-02-24T08:26:57.201571,BT Sport,Google Play Store,2025-08-22T23:40:35,5.0,very good,Awara Nkanu,,
2026-02-24T08:26:57.204445,BT Sport,Google Play Store,2025-08-21T01:37:21,5.0,💡🥇,Leon Campbell,,
2026-02-24T08:26:57.207567,BT Sport,Google Play Store,2025-08-20T23:47:56,5.0,excellent,William Comerford,,
2026-02-24T08:26:57.210796,BT Sport,Google Play Store,2025-08-19T19:25:51,5.0,very good sports app I like it,Anthony Hobson,,
2026-02-24T08:26:57.280264,BT Sport,Google Play Store,2025-08-17T15:34:51,5.0,it's Brilliant,Clifford Kerton,,
2026-02-24T08:26:57.284731,BT Sport,Google Play Store,2025-08-15T14:06:13,4.0,unfortunately I can't afford the real thing.,geoff woodward,,
2026-02-24T08:26:57.292510,BT Sport,Google Play Store,2025-08-13T12:58:20,5.0,very good thankyou,P Westgate,,
2026-02-24T08:26:57.325302,BT Sport,Google Play Store,2025-08-09T21:46:17,4.0,European football is a bonus,Michael Emss,,
2026-02-24T08:26:57.332242,BT Sport,Google Play Store,2025-08-08T23:25:52,5.0,Nice 🙂🙂,Sajid Mansuri,,
2026-02-24T08:26:57.341894,BT Sport,Google Play Store,2025-08-06T18:54:13,4.0,"very good, and getting better",clive cato,,
2026-02-24T08:26:57.344426,BT Sport,Google Play Store,2025-08-03T18:51:20,5.0,it's all there superb,Rob Burton,,
2026-02-24T08:26:57.702922,BT Sport,Google Play Store,2025-08-01T16:29:07,1.0,all my favourite sports have just disappeared because of technical error messages on app just now please fix this this needs to be updated had same issue when it was the eurosport app aswell when can I expect to see a fix for this problem it been nearly 4 months now and the above problem is still not fixed very unprofessional from you another week has passed and the above problem still not fixed come on will you get it sorted the update of today still hasn't fixed it how long does it take to fix,terry mcloughlin,2025-04-04T00:31:03,"Hi there Terry, thank you for your feedback! We are sorry to hear that all your favourite sports disappeared from the app. We will make sure to pass the feedback to our team. Kind regards, TNT Sports Customer Support"
2026-02-24T08:26:57.863799,BT Sport,Google Play Store,2025-07-26T13:03:22,5.0,Im downloaded TNT sport to stay close for all informations for all sport. And im very satisfied,Ismael Yapo,,
2026-02-24T08:26:57.867760,BT Sport,Google Play Store,2025-07-25T07:36:04,4.0,Indepth reviews and analyses of current issues and regular updates.,Jiokey Ogbuokiri,,
2026-02-24T08:26:57.898095,BT Sport,Google Play Store,2025-07-12T22:02:42,5.0,Was not allowed to Watch live Football in my region,MUBETO MUTOLEKA,,
2026-02-24T08:26:58.124185,BT Sport,Google Play Store,2025-07-04T19:15:10,1.0,Autoplay videos on every page! They remain on top as you scroll down while reading an article. Who can read an article and watch a video simultaneously? Access the same content from a browser without the videos.,Adam,2025-07-05T14:17:10,"Hi Adam, thanks for your feedback. I'm sorry to hear you are not happy with your experience on the TNT Sports app. We are always looking to improve our services so I have recorded your feedback to ensure this is passed on to the relevant team. I do apologise for any inconvenience caused. -TNT Sports"
2026-02-24T08:26:58.145982,BT Sport,Google Play Store,2025-06-15T04:49:46,1.0,"GARBAGE. Tried to watch the Le Mans 24hr race and the app was buffering every 10 seconds. Watching it on TNT, it became the Le Mans 72hr race",John Hilliard,2025-06-16T13:30:02,"Hi John, thanks for the feedback. I'm sorry to hear you have been experiencing buffering issues. Please visit https://bit.ly/4gUApmG to complete the troubleshooting steps provided to help try and resolve this issue. Please reach out via https://bit.ly/3Sr06BM if you require further assistance. Hope this helps. -TNT Sports"
2026-02-24T08:26:58.154204,BT Sport,Google Play Store,2025-06-08T00:02:56,4.0,very good for lastest sports bulleting...but some features aren't available for others location's outside US why?,Victor Mwango,,
2026-02-24T08:26:58.167988,BT Sport,Google Play Store,2025-06-06T23:26:58,5.0,"you should have 5 stars, but one star off for having that Cheating Hogg on - I have to record it so I can remove him from my screen! Get rid of him - no one wants him anymore - cannot believe so many of my friends - make and female doing the same!!",Patricia Chapman,,
2026-02-24T08:26:58.170713,BT Sport,Google Play Store,2025-06-05T23:25:30,5.0,awesome,Ayoade lateef,,
2026-02-24T08:26:58.174373,BT Sport,Google Play Store,2025-05-28T23:55:38,3.0,keeps freezing,Laura Corns,2025-05-29T13:35:28,"Hi Laura, thanks for your feedback. I'm sorry to hear you are experiencing buffering issues. We are always looking to improve our services so I have recorded your feedback to ensure this is passed on to the relevant team. Please contact us via https://bit.ly/3Sr06BM and we'll be happy to help you further. -TNT Sports"
2026-02-24T08:26:58.178615,BT Sport,Google Play Store,2025-05-27T13:14:23,2.0,no rugby league options. notification that the developer replied. as Google is a bit sh it I'm unable to see it,Scott Taylor,2025-05-23T14:57:14,"Hi Scott, thanks for your feedback. I understand you are experiencing issues finding rugby league options. We are always looking to improve so I have recorded your feedback to ensure this is passed on to the relevant team. Please DM us via https://support.discoveryplus.com/gb/Home/Index, select 'Engage With Us' for assistance. Thank you -TNT Sports"
2026-02-24T08:26:58.286411,BT Sport,Google Play Store,2025-05-26T01:38:31,1.0,Useless.,Azz Thom,,
2026-02-24T08:26:58.313313,BT Sport,Google Play Store,2025-05-24T13:37:28,1.0,"what a rubbish app. it only last 5min on my phone before deleting. I wanted to watch conference league final but the search engine couldn't even find ""chelsea"" or ""conference"". terrible. don't waste your time or money",C. W.B.,2025-05-24T17:38:24,"Hi there, thanks for your feedback. I understand you were having issues locating football on the app. We are always looking to improve our services so I have recorded your feedback to ensure this is passed on to the relevant team. Please send us a DM via https://support.discoveryplus.com/gb/Home/Index and select 'Engage With us'. Thanks -TNT Sports"
2026-02-24T08:26:58.319404,BT Sport,Google Play Store,2025-05-23T13:04:47,3.0,Not enough latest news!,Telaja,,
2026-02-24T08:26:58.330220,BT Sport,Google Play Store,2025-05-16T17:54:39,5.0,brilliant application top tier 👏,Glen Brown,,
2026-02-24T08:26:58.337118,BT Sport,Google Play Store,2025-05-14T12:07:02,5.0,In depth and excellent rugby coverage from the TNT Sports app.,Michael Reay,,
2026-02-24T08:26:58.344413,BT Sport,Google Play Store,2025-04-30T23:49:32,1.0,"nonsense,very useless app😡",raiyan sanusi,2025-05-01T00:34:47,"Good Evening Raiyan, thanks for taking the time to leave a review, we always appreciate feedback regarding our app. We will pass your comments to our team to help us improve future content for our customers. If you need assistance, please contact us at https://support.discoveryplus.com/gb/Home/Index. discovery+ Customer Support."
2026-02-24T08:26:58.346827,BT Sport,Google Play Store,2025-03-31T23:26:17,5.0,loved eurosports morphed into tnt seamless,Terry Cowie,,
2026-02-24T08:26:58.350307,BT Sport,Google Play Store,2025-03-24T22:09:17,4.0,Great but videos no longer correspondent to the headline/title/article - a bit random and frustrating.,CP Ooi,,
2026-02-24T08:26:58.376041,BT Sport,Google Play Store,2025-03-09T22:42:39,4.0,Great Content Brilliant Presenters..,Alan Hopkins,,
2026-02-24T08:26:58.379354,BT Sport,Google Play Store,2025-03-09T15:56:31,1.0,Your app needs lot of improvements every were on it app TNT orther ways it's load of rubbish 🗑 just like sky sports news and centre you need to remake TNT app ASAP,Derek Hassall,2025-03-09T16:34:55,"Hi Derek, thank you for taking the time to leave a review, and sorry to hear you've concern regarding our app. We'll pass your comments to our team to help us improve future content for customers. If you need assistance, please call on 0800 066 5855 or visit https://support.discoveryplus.com/gb/Home/Index. Kind regards, TNT Sports Customer Support."
2026-02-24T08:26:58.381639,BT Sport,Google Play Store,2025-03-08T02:08:32,1.0,"I've just signed up for this and I wish I hadn't, is this discovery plus? I THINK I WAS CONNED!!!",Old eyeman,2025-03-08T15:54:31,"Hi, thank you for taking the time to leave a review, and sorry to hear you have concerns regarding our service. We'll pass your comments to our team to help us improve future content for customers. If you need help, please call us on 08000665855 or visit https://support.discoveryplus.com/gb/Home/Index. Kind regards, TNT Sports Customer Support."
2026-02-24T08:26:58.413485,BT Sport,Google Play Store,2025-03-02T23:02:55,1.0,"Thanks for forcing me to install an app after you closed down ES that lacks basic features Now I need a account to MAYBE be able to change the country of the news feed? Why are you adding hoops to an app that was already barely fit for purpose? it's finally the day I leave Eurosport behind and find an app without grammar errors, basic html issues, forced ads popups with tiny X, totally idiotic recommendations and the absolute desperation for people to sign up and give you money. So long.",Matteo Calvo,2025-03-02T23:31:28,"Good Evening, thanks for taking the time to leave a review, we always appreciate feedback regarding our app. We will pass your comments to our team to help us improve future content for our customers. If you need assistance, please contact us at https://support.discoveryplus.com/gb/Home/Index. discovery+ Customer Support."
2026-02-24T08:26:58.552891,BT Sport,Google Play Store,2025-02-28T19:22:23,1.0,I can't change country in my settings,Alex Del Freo,2025-02-28T20:00:14,"Hi Alex, thank you for taking the time to leave a review, we always appreciate feedback regarding our app. We'll pass your comments to our team to help us improve future customer experience. For assistance with resetting your country or region, please email us at support@discoveryplus.co.uk. Kind regards, discovery+ Customer Support"
2026-02-24T08:26:58.671306,BT Sport,Google Play Store,2025-02-28T14:24:07,1.0,Don't use it,tracey harris,2025-02-28T15:00:36,"Hi Tracey, thanks for your feedback. If you are experiencing any issues, please can you send us a DM via https://support.discoveryplus.com/gb/Home/Index and select 'Engage With Us', we'll be happy to assist you where we can. Thank you. -TNT Sports Customer Support"
2026-02-24T08:26:58.674717,BT Sport,Google Play Store,2025-02-25T16:42:25,1.0,Expensive,kevin nutt,,
2026-02-24T08:26:58.678412,BT Sport,Google Play Store,2025-02-24T22:58:29,5.0,Just brilliant and fantastic,David Houghton,,
2026-02-24T08:26:58.681492,BT Sport,Google Play Store,2025-02-22T21:20:28,1.0,Where is EFL league 1 and 2 results? One star is too many. Have look at Flashscore they know to do it!,Phillip Reeve,2025-02-22T21:09:39,"Hi Phillip, thank you for your feedback! We are sorry to hear that the results are not available and we will pass this to our team. Kind regards, TNT Sports Customer Support"
2026-02-24T08:26:58.685468,BT Sport,Google Play Store,2025-02-17T21:49:03,5.0,Good for the rugby and football,Jess Blackwood,,
2026-02-24T08:26:58.687492,BT Sport,Google Play Store,2025-02-13T02:43:15,4.0,Easy,George Simpson,,
2026-02-24T08:26:58.689574,BT Sport,Google Play Store,2025-02-09T05:11:42,5.0,♥️,lasha lashkhi,,
2026-02-24T08:26:58.702481,BT Sport,Google Play Store,2025-02-03T12:52:26,5.0,Great app for all sport coverage. Highly recommended.,Phil H.,,
2026-02-24T08:26:58.722559,BT Sport,Google Play Store,2025-02-01T18:47:17,5.0,great channel,EggNchips66,,
2026-02-24T08:26:58.725755,BT Sport,Google Play Store,2025-01-25T22:15:30,5.0,Good 👍🏿,abdelhafeez alhaliki,,
2026-02-24T08:26:58.728623,BT Sport,Google Play Store,2025-01-22T02:37:24,5.0,Great viewings,Kevin Adams,,
2026-02-24T08:26:58.733783,BT Sport,Google Play Store,2025-01-13T14:10:13,5.0,brilliant 👍,David Roberts,,
2026-02-24T08:26:58.966272,BT Sport,Google Play Store,2025-01-05T12:07:44,5.0,we do not get a lot of Scottish football and when we do get it lts always celtic and rangers i think its a disgrace so I hope that you get it sorted out for more Scottish football,May Buchan,,
2026-02-24T08:26:59.043346,BT Sport,Google Play Store,2025-01-04T20:02:55,1.0,From 5 to 0 since the change to TNT. How can a company take over and ruin an application like TNT have done. The BT Sports app used to be amazing but now it's awful. What is the point in the app if it just sends you to another awful app in Discovery plus? I hope TNT looses the rights to football so I don't have to use this garbage. Uninstalled.,Michael “Mike” Heath,2025-01-04T20:53:55,"Hi Michael, thank you for your feedback! We are sorry to hear about your experience while using our app and we will make sure to pass your feedback to our team. Kind regards, TNT Customer Support"
2026-02-24T08:26:59.050244,BT Sport,Google Play Store,2024-12-19T02:36:19,1.0,"Unfortunately the app has gone down hill since the change from BT. The yanks have well and truly ruined it. Why should the Discovery rubbish be forced on us just so we can watch football games. I hate the fact that I have to leave the tnt sports app and open another app that I don't want just to watch my team. If it's not broken don't fix it, it in your case don't brake it.",Michael Heath,,
2026-02-24T08:26:59.072189,BT Sport,Google Play Store,2024-12-08T22:54:11,1.0,Ok,Zackary Holt,,
2026-02-24T08:26:59.075121,BT Sport,Google Play Store,2024-11-24T18:04:39,1.0,"If you want TNT sports on an Amazon tablet, don't buy! You can't download the discovery+ app on the Amazon Fire.",Rob Worsfold,2024-11-25T14:14:45,"Hi Rob, thank you for taking the time to leave a review, we always appreciate feedback regarding our app. We'll pass your comments to our team to help us improve future customer experience. Kind regards, discovery+ Customer Support"
2026-02-24T08:27:00.030021,BT Sport,Apple App Store,2026-02-22T13:25:11-07:00,1.0,Too many commercials  Can’t watch any games.,Loey 123,,
2026-02-24T08:27:00.045038,BT Sport,Apple App Store,2026-02-22T11:33:03-07:00,2.0,Since NCAA softball started I’ve noticed the app lags horribly. Also ESPN does not include any info on the Unrivaled basketball league or LOVB.,kiliancato,,
2026-02-24T08:27:00.074824,BT Sport,Apple App Store,2026-02-22T11:13:18-07:00,5.0,I love the ways you can watch different sports on live television,Adriancoolpro,,
2026-02-24T08:27:00.078089,BT Sport,Apple App Store,2026-02-22T09:51:10-07:00,1.0,Worst app in the store . Hate ESpN . Garbage .,rileyscottadams,,
2026-02-24T08:27:00.093381,BT Sport,Apple App Store,2026-02-22T09:44:09-07:00,1.0,Awful user experience to access highlights and scores. Overrun with ads,Loandogs,,
2026-02-24T08:27:00.108974,BT Sport,Apple App Store,2026-02-22T08:11:31-07:00,1.0,Need app🥺👎,Ask Jeeves 78,,
2026-02-24T08:27:00.180343,BT Sport,Apple App Store,2026-02-22T08:06:32-07:00,1.0,"I’m logged in and have added my favorite teams, but the shelf that had those teams’ pages for easy access to scores, schedule etc has disappeared!! Please add it back!!",Heyjoeyouknow,,
2026-02-24T08:27:00.185111,BT Sport,Apple App Store,2026-02-22T07:50:05-07:00,5.0,Thank you for your notifications!,Mothe Earth,,
2026-02-24T08:27:00.202130,BT Sport,Apple App Store,2026-02-22T07:25:10-07:00,1.0,Bad  anchor,Mike_KingBoi,,
2026-02-24T08:27:00.208979,BT Sport,Apple App Store,2026-02-22T06:44:32-07:00,1.0,"The new play by play for basketball is terrible. Way too much info and screen taken up. Way too hard to scroll down. Let’s say you want to just see the last couple mins of a game, if you try scrolling down, eventually it just stops and refreshes and takes you back to the top. The only way to get to the bottom is to take 5 mins and go very slow. So stupid. Will delete because of this “feature”.",T.S.9292,,
2026-02-24T08:27:00.222579,BT Sport,Apple App Store,2026-02-22T01:14:39-07:00,1.0,"This app is garbage. Clunky, not easy to use, and it constantly is messing up. Weekly I’ll try to watch a game that’s already started and the app says the game hasn’t began yet even though it’s 5 min into the first quarter or half. And the ads. If you want to watch more ads than game on a replay, this is the app for you! Ten out of ten wouldn’t recommend.",Chasekins,,
2026-02-24T08:27:00.226879,BT Sport,Apple App Store,2026-02-21T20:12:28-07:00,5.0,Yggg,Eyeshield15,,
2026-02-24T08:27:00.231595,BT Sport,Apple App Store,2026-02-21T19:41:19-07:00,2.0,When checking stats or looking at the play by play features the app updates like 2 minutes later. It could be five minutes left in the game and I’m looking at the play by play and it stop at 4:20 and will not update. I have to back out the game and go back in.,muse el,,
2026-02-24T08:27:00.235160,BT Sport,Apple App Store,2026-02-21T19:37:40-07:00,5.0,Get a scoreboard in the TV versions! That is all.,Kᐯᑕ,,
2026-02-24T08:27:00.247413,BT Sport,Apple App Store,2026-02-21T19:30:03-07:00,5.0,Great Sports.,GG 85,,
2026-02-24T08:27:00.255514,BT Sport,Apple App Store,2026-02-21T18:51:07-07:00,5.0,"News at my fingertips, it put my world in my hands and daily information in my mind.",Preacher4Life,,
2026-02-24T08:27:00.261081,BT Sport,Apple App Store,2026-02-21T18:28:04-07:00,1.0,ESPN is the worst.,rev4u2,,
2026-02-24T08:27:00.264308,BT Sport,Apple App Store,2026-02-21T18:13:18-07:00,1.0,"Capitalism at its finest: Taking all the money, and Putting minimal effort and revenue into the products",Fkapple100percent,,
2026-02-24T08:27:00.272738,BT Sport,Apple App Store,2026-02-21T17:45:18-07:00,5.0,Why do I have to reuthenticate MULTIPLE times a day?  I pay for this subscription!,Tom cat is awesome,,
2026-02-24T08:27:00.285087,BT Sport,Apple App Store,2026-02-21T16:54:46-07:00,1.0,"The old ESPN play-by-play was simple and easy to follow, and you could glance at it and instantly understand what just happened. Now the color scheme feels random and unintuitive, the boxes are oversized and blocky, and your eyes genuinely do not know where to land first. Everything competes for attention at the same time, so instead of following the game, you are trying to decode the layout. It is honestly hard to believe this version made it through design review and actually got approved.",LM789866214guy,,
2026-02-24T08:27:00.289161,BT Sport,Apple App Store,2026-02-21T16:37:03-07:00,1.0,"This is app is so undeniably terrible, yet when it comes to sports viewing, there are literally no other options when they own the viewership rights, so why bother make a good product. The streams constantly freeze, say I don’t have the rights to watch them (when I do), and shutter and glitch out to the point that when you can actually watch something, the viewing is unwatchable.",nkklz,,
2026-02-24T08:27:00.433570,BT Sport,Apple App Store,2026-02-21T16:22:12-07:00,1.0,"Unfortunately, the ESPN has been a frustration for years. It’s slow to load. It causes trouble with logging in to my TV provider at random times. It doesn’t seem to remember my favorite teams when displaying scores and live events and I have to search. I hope they improve it soon.",Jordan J,,
2026-02-24T08:27:00.436368,BT Sport,Apple App Store,2026-02-21T16:13:01-07:00,5.0,Great app to watch games,Gonzaga jim,,
2026-02-24T08:27:00.438923,BT Sport,Apple App Store,2026-02-21T15:42:58-07:00,1.0,I have paid for ESPN+ and I have YouTube tv and I still can’t watch anything. Always says not included with your plan. I don’t know how anyone stands this?,Kristi Sam,,
2026-02-24T08:27:00.441936,BT Sport,Apple App Store,2026-02-21T13:58:52-07:00,1.0,Video never works. Cant favorite college baseball teams. This app is only good for football and basketball. Absolute trash,Cody738573,,
2026-02-24T08:27:00.496731,BT Sport,Apple App Store,2026-02-21T12:31:08-07:00,1.0,"Never works, even though I have subscribed to every espn account imaginable. You’ll get lucky enough for it to work for half a game and then when change apps for a few minutes the app completely forgets how to function. Terrible. I have rarely had a good experience with this app. I’m surprised it has the amount of stars it does because I hear the same thing from everyone who uses it.",Nateg2306,,
2026-02-24T08:27:00.502402,BT Sport,Apple App Store,2026-02-21T12:21:29-07:00,1.0,It is impossible to close and reopen without freezing. I’d they didn’t have a monopoly on the sports market then this app would get destroyed. It’s almost like it hasn’t been updated once. Your better off googling the score of your game,CYALDHE,,
2026-02-24T08:27:00.509188,BT Sport,Apple App Store,2026-02-21T12:14:45-07:00,1.0,"Spent an hour trying to connect my fubo account to espn to watch an espn plus game. It sent me on the same loop for 30 minutes. When I finally figured a way out of it, and it said it connected with my fubo account, I clicked on a game and it said I had no active subscription. This isn't the first time something similar has happened but it's the first time it's made me and my friends mad enough to leave a review.",Jay Osh,,
2026-02-24T08:27:00.524167,BT Sport,Apple App Store,2026-02-21T11:59:52-07:00,5.0,I like watching short videos of basketball games,kenni cat,,
2026-02-24T08:27:00.539108,BT Sport,Apple App Store,2026-02-21T11:59:36-07:00,5.0,ESPN is great but they need to focus more on college baseball and let you pick your favorite team and let the scores pull up on your screen but besides that they are great and I really enjoy it,Lawcarr23,,
2026-02-24T08:27:00.653036,BT Sport,Apple App Store,2026-02-21T10:38:00-07:00,1.0,"Whose idea was it to change the format? It’s horrible. Also, scores are not updated in real time. They are about 5 minutes behind.",Dukez0,,
2026-02-24T08:27:00.656350,BT Sport,Apple App Store,2026-02-21T10:17:34-07:00,1.0,Very bad app for a billion dollar company that is taking $20 from me every month.,Oneal27481863,,
2026-02-24T08:27:00.659229,BT Sport,Apple App Store,2026-02-21T09:28:49-07:00,5.0,Lo mejor de lo mejor en transmisiones,Gerardo(10)-,,
2026-02-24T08:27:00.754552,BT Sport,Apple App Store,2026-02-21T09:27:19-07:00,1.0,Horrible feedback when trying to watch espn+ with current subscription,MarissaRw,,
2026-02-24T08:27:00.767427,BT Sport,Apple App Store,2026-02-21T09:12:26-07:00,3.0,This app provides great content but the user experience isn’t what it could be because selection of anything is laggy. Try turing on notifications for game start times and see for yourself.,_mxfan,,
2026-02-24T08:27:00.809937,BT Sport,Apple App Store,2026-02-21T08:42:35-07:00,1.0,"Great app, but the issue is mostly all the content is racist and misogynistic and mentally deranged; thank you Disney.",JustinAnfuso,,
2026-02-24T08:27:00.822786,BT Sport,Apple App Store,2026-02-21T08:19:53-07:00,5.0,Lo mejor,lislique,,
2026-02-24T08:27:00.834090,BT Sport,Apple App Store,2026-02-21T08:16:53-07:00,1.0,I pay for ESPN+ and I can’t watch anything in the app. When I click on live videos nothing happens. I have the same issue on my fire stick. Paid for a whole year and haven’t been able to watch anything. Absolute scam of a product.,ceeejus,,
2026-02-24T08:27:00.837158,BT Sport,Apple App Store,2026-02-21T08:16:22-07:00,1.0,"I’ve used this app for years and years, but over the last few months  basically every day the app will crash and i have to close out the app and start over. It’s honestly starting to become unusable and if it’s not fixed soon I will be switching to another app.",Ksiebs,,
2026-02-24T08:27:00.840708,BT Sport,Apple App Store,2026-02-21T07:31:46-07:00,1.0,"Opens when I don’t want it to. Opens screens I didn’t request. Basic stuff. Fix your UX to match user intent, not forced KPI achievement.",Obi-Wan Lebowski,,
2026-02-24T08:27:00.845617,BT Sport,Apple App Store,2026-02-21T06:54:00-07:00,4.0,Why has the ESPN app removed the team scoring-by-quarter stat from their NBA coverage? It's ones of the most traditional stats about a game.,RoodooT,,
2026-02-24T08:27:00.850279,BT Sport,Apple App Store,2026-02-21T04:23:22-07:00,5.0,All my sports needs when I can’t stay up to watch all of a game you can check the scores of all the games I check ESPN,Christopher.    567,,
2026-02-24T08:27:00.853427,BT Sport,Apple App Store,2026-02-21T04:17:36-07:00,1.0,I’m very surprised no one has ever filed a class action lawsuit suit against espn.  The auto play settings cannot be controlled in the settings preferences and as a result always auto plays next video.  Videos I do not want to watch.   This no doubt is a revenue setting for espn.    In this day and age of technology control it stinks of fraud.,Gracskiii,,
2026-02-24T08:27:00.948788,BT Sport,Apple App Store,2026-02-20T21:39:56-07:00,1.0,Very slow needs improvement !!!,BR968,,
2026-02-24T08:27:00.976287,BT Sport,Apple App Store,2026-02-20T17:58:11-07:00,1.0,I pay for a service that gets me not one thing to watch but clips. Not worth it.  How do I cancel?,Now this is bs,,
2026-02-24T08:27:01.069545,BT Sport,Apple App Store,2026-02-20T17:53:48-07:00,2.0,"When you watch a live game, the graphics are so slow on telling you what’s going on from when the scoreboard changes",forcucci23,,
2026-02-24T08:27:01.077373,BT Sport,Apple App Store,2026-02-20T16:42:59-07:00,1.0,"For the love of anything decent, please make it where we can like or favorite college baseball/softball team. It’s 2026. Do better.",Drakescout,,
2026-02-24T08:27:01.088044,BT Sport,Apple App Store,2026-02-20T16:23:28-07:00,1.0,It is slow and crashes all the time.,Doug Dimmadome 67,,
2026-02-24T08:27:01.090440,BT Sport,Apple App Store,2026-02-20T16:12:47-07:00,3.0,Play by play is terrible and annoying!,Bootycheeks(.)(.),,
2026-02-24T08:27:01.094833,BT Sport,Apple App Store,2026-02-20T16:08:06-07:00,1.0,App requires constant relogs and sometimes deleting before reinstalling. Hard to believe I pay for something that works so poorly.,Hox27,,
2026-02-24T08:27:01.155442,BT Sport,Apple App Store,2026-02-20T16:00:31-07:00,5.0,I love this app but I can’t watch all of the games and sports I would like to watch even with the espn subscription,Gatorguy709,,
2026-02-24T08:27:01.176455,BT Sport,Apple App Store,2026-02-20T15:49:48-07:00,1.0,Garbage…. Your account management in app is worthless.  You have no problem taking my money every month but your customer service is ****.,Mezman 17,,
2026-02-24T08:27:01.301676,BT Sport,Apple App Store,2026-02-20T15:30:54-07:00,1.0,Why does it let me view it for about a minute before crashing out?,Cowboymdr,,
2026-02-24T08:27:01.308815,BT Sport,Apple App Store,2026-02-20T15:25:10-07:00,5.0,This is so W they show you the score of any game and they know you favorite teams you have to try it!!!!!!!,W 👍🏻,,
2026-02-24T08:27:01.312375,BT Sport,Apple App Store,2026-02-20T10:07:24-07:00,5.0,Easy website to use and get to see my Granddaughter’s play College softball!,Yorba Linda Lady!,,
2026-02-24T08:27:01.326287,BT Sport,Apple App Store,2026-02-20T06:37:10-07:00,1.0,"Literally the worse and most disgusting feature on this app now, ruined it in one update",spaghettimonster4545,,
2026-02-24T08:27:01.331704,BT Sport,Apple App Store,2026-02-20T03:57:09-07:00,3.0,Why does it a thousand years for the standings page to load. I’ve had this app for 5 years and it has never worked🙄,mowerss,,
2026-02-24T08:27:01.348219,BT Sport,Apple App Store,2026-02-19T21:39:19-07:00,2.0,"Why keep updating the UX/UI without making any meaningful improvements to the user experience?! Some of the new UI has been pretty cool, but it hasn’t fixed any underlying UX issues. In fact, they’ve mostly been negative. For instance, in 2025 the change to the box score for NBA made it harder to see how many points were scored by a player. That was fortunately rolled back, but in 2026 the UI has been updated again but no UX issues have been addressed. Stop moving my cheese just for the sake of moving it! How about fixing the issue where the score updates before you list the play in the gamecast! Do you think any sports fan would ever watch a game and want to know a touchdown was scored before seeing the play?! Get to know your freaking users!",Dillfunk,,
2026-02-24T08:27:01.359052,BT Sport,Apple App Store,2026-02-19T21:06:29-07:00,1.0,No longer give sports lines. Don’t like that.,bgsbrad,,
2026-02-24T08:27:01.363655,BT Sport,Apple App Store,2026-02-19T20:57:34-07:00,5.0,She was great!!,Ldtzn,,
2026-02-24T08:27:01.374714,BT Sport,Apple App Store,2026-02-19T18:52:28-07:00,1.0,"Absolutely hate the new update, I always watch live NBA and it is just terrible now",Vee27993,,
2026-02-24T08:27:01.379042,BT Sport,Apple App Store,2026-02-19T18:47:26-07:00,1.0,"Disney makes way too much money to not have an app that is a smooth experience. Constant freezing, video isnt good quality, commercials longer than videos being pushed",Chuckkkkkkkkk m,,
2026-02-24T08:27:01.381317,BT Sport,Apple App Store,2026-02-19T18:22:19-07:00,1.0,"Feed is a mess, never shows you the content you care about at the top. 30 second ads before every single highlight video every single time. App crashes if I have it open for more than 3 minutes. Makes streaming anything impossible. Such a joke! ESPN sucks!",Preston_Bland1,,
2026-02-24T08:27:01.384072,BT Sport,Apple App Store,2026-02-19T15:49:10-07:00,1.0,Stop talking about color. Talk about the games and shove your platform up your racist asses,boilermakin,,
2026-02-24T08:27:01.386996,BT Sport,Apple App Store,2026-02-19T14:49:15-07:00,1.0,I pay for espn plus because it says Spieth is featured..twice now and he is not featured!,No spieth,,
2026-02-24T08:27:01.391282,BT Sport,Apple App Store,2026-02-19T13:56:35-07:00,5.0,Muy bien,Jesús nene,,
2026-02-24T08:27:01.415400,BT Sport,Apple App Store,2026-02-19T13:37:05-07:00,3.0,The app is fine but adjusting font size should either be made available or the feature should be made more obvious. I end up on the website more often than not so I can zoom in when I read,Mustar11,,
2026-02-24T08:27:01.422094,BT Sport,Apple App Store,2026-02-19T12:59:56-07:00,1.0,Will remove,Wendyele,,
2026-02-24T08:27:01.554117,BT Sport,Apple App Store,2026-02-19T12:35:53-07:00,5.0,No adds and I get all the sports content whenever,TOE EATER 67,,
2026-02-24T08:27:01.556241,BT Sport,Apple App Store,2026-02-19T12:21:23-07:00,2.0,I’ve had this app for years and it’s never had issues. But recently over the last few years it has become more unstable and commonly crashes. It’s so bad now that I can’t use it anymore because it will crash within 2 minutes of use. I just don’t know how it’s gotten this bad.,quarentine blows,,
2026-02-24T08:27:01.558890,BT Sport,Apple App Store,2026-02-19T10:10:08-07:00,2.0,App crashes non stop. Impossible to even look up stats from a game or watch live events THAT YOU PAY FOR 🙄,Shameless viewer,,
2026-02-24T08:27:01.561474,BT Sport,Apple App Store,2026-02-19T09:35:27-07:00,1.0,This has to be the worst sports app there is. Can’t scroll to see what games are on because it glitches everytime. Gets schedule days wrong too. How is this possible for a company like espn. Never redownloading,MosesOses,,
2026-02-24T08:27:01.580835,BT Sport,Apple App Store,2026-02-19T08:09:34-07:00,1.0,Subscribed content won’t play,Dan Dotson.,,
2026-02-24T08:27:01.589753,BT Sport,Apple App Store,2026-02-19T06:29:34-07:00,2.0,The app is ridiculous.  Too bogged down and slow.,Dave (LJCF),,
2026-02-24T08:27:01.592497,BT Sport,Apple App Store,2026-02-18T19:05:35-07:00,1.0,"In past week, something happened and app is killing my iPad battery with background use. Please fix.",Gaymer321,,
2026-02-24T08:27:01.627935,BT Sport,Apple App Store,2026-02-18T19:00:06-07:00,3.0,He’s horrible,Marco Camero,,
2026-02-24T08:27:01.632120,BT Sport,Apple App Store,2026-02-18T18:15:54-07:00,1.0,"Horrible app, there’s more bugs and freeze issues than there are usable features… ESPN would be the worst network if it wasn’t for McAfee",Common sense123$,,
2026-02-24T08:27:01.635381,BT Sport,Apple App Store,2026-02-18T16:44:04-07:00,1.0,App doesn’t work until you delete and reinstall every time you use it.,HECUBUSQ,,
2026-02-24T08:27:01.638348,BT Sport,Apple App Store,2026-02-18T15:38:24-07:00,5.0,Previous post was removed by me - update below   Update - Developer responded and I have changed my rating. I did notice a couple months back the app was working and I had no issues. I think UVerse TV was finally set up by ESPN to work with the new streaming app. Thank You very much !,PanthersFan45,,
2026-02-24T08:27:01.641093,BT Sport,Apple App Store,2026-02-18T12:54:56-07:00,1.0,"For YEARS, somehow ESPN fails over and over at getting video performance right. From highlights to talk shows to the new “verts” they cannot get video to simply play.  The videos continue to fail to launch, freeze the app, and launch into random other videos. The circle of death equivalent is basically all you can expect. You cant even get them to smoothly play their ads.  This is over years. Its not an update issue, internet speed, device glitch etc. its the ESPN standard and its sub par.",What the frock,,
2026-02-24T08:27:01.646343,BT Sport,Apple App Store,2026-02-18T12:45:38-07:00,4.0,Good site for college basketball except for your anti Illinois bias. Articles are only written if they play one of your site favorites.,Strodester,,
2026-02-24T08:27:01.648724,BT Sport,Apple App Store,2026-02-18T12:43:50-07:00,1.0,"App pause often, we have to close it and wait",Sporter810,,
2026-02-24T08:27:01.651321,BT Sport,Apple App Store,2026-02-18T12:13:14-07:00,1.0,"The app is really good, but it crashes atleast 6 times during the game that I’m watching, and when I get off and restart the app it doesn’t want to play the game I was just watching. It only happens on the mobile app but the tv app works good 85% of the time, and I love it when it is working.",mullins1500,,
2026-02-24T08:27:01.656078,BT Sport,Apple App Store,2026-02-18T04:53:14-07:00,1.0,"Constantly having issues with the app crashing, has been going on for awhile now and it’s the only app on my phone that does it. Anytime I open an article to read it crashes. Anytime I on the app for more than a minute it crashes, very annoying.",FUEA17,,
2026-02-24T08:27:01.661432,BT Sport,Apple App Store,2026-02-17T22:43:32-07:00,1.0,The app continuously crashes annoyingly each time it is launched and used for a few seconds.,Emmzy010927,,
2026-02-24T08:27:01.687137,BT Sport,Apple App Store,2026-02-17T20:36:25-07:00,1.0,"If I can’t stream the big game on my 55” TV, then the app is garbage and a complete waste of time!",bigcountrypapa2019,,
2026-02-24T08:27:01.693855,BT Sport,Apple App Store,2026-02-17T18:52:13-07:00,1.0,"App constantly crashes when trying to read articles. I’ve uninstalled and reinstalled, nothing fixes it. My phone software is fully up to date.  Absolutely aggravating!! The app is completely unusable.",TechnoYosi,,
2026-02-24T08:27:01.699923,BT Sport,Apple App Store,2026-02-17T18:41:03-07:00,2.0,Every time I use the ESPN app my iphone starts to overheat. It does this even without live-streaming games and no other app does this.,NoThanks000,,
2026-02-24T08:27:01.703244,BT Sport,Apple App Store,2026-02-17T17:14:47-07:00,5.0,Best networks,junnbug2slug,,
2026-02-24T08:27:01.705616,BT Sport,Apple App Store,2026-02-17T17:01:42-07:00,1.0,"I got the app and paid for a subscription to watch hoops, not jump through hoops to get the app to work.  Still not working and asking me to sign into my TV provider to watch, and still won’t work.  I have a paid subscription through my tv provider and you want me to pay a separate fee here too.  Not recommended",1209@129,,
2026-02-24T08:27:01.738837,BT Sport,Apple App Store,2026-02-17T16:54:34-07:00,3.0,Crashes all the time when trying to read basic articles,Gk806,,
2026-02-24T08:27:01.819507,BT Sport,Apple App Store,2026-02-17T16:30:58-07:00,5.0,ESPN is amazing!!! It is like TikTok but with sports!!! I will definitely be using ESPN everyday!!!🥎⚾️🏈⚽️🏀🏐🎾,ESPN REVIEW!!,,
2026-02-24T08:27:01.842342,BT Sport,Apple App Store,2026-02-17T16:24:09-07:00,1.0,Ever since espn rolled out their new and improved app it’s been atrocious. I think they spent more on budget to market it than to build it. The app is way too heavy which results in it taking ages to load. Being on wifi or 5G doesn’t make a difference.,rjpletsch23,,
2026-02-24T08:27:01.849825,BT Sport,Apple App Store,2026-02-17T16:22:27-07:00,4.0,Include the option to actually access college hockey teams and their stats and rosters if you’re going to show they’re even playing. Pretty weird and lol,Huntthewump,,
2026-02-24T08:27:01.854427,BT Sport,Apple App Store,2026-02-17T15:51:16-07:00,5.0,"Great App!  Love the games you carry, including Troy University.",MID204,,
2026-02-24T08:27:01.864430,BT Sport,Apple App Store,2026-02-17T15:49:23-07:00,1.0,I can no longer watch streaming after update. I have Disney + and cox cable and I can no longer stream the Gator basketball,gaturgirl,,
2026-02-24T08:27:01.867211,BT Sport,Apple App Store,2026-02-17T15:34:01-07:00,1.0,ESPN is a straight up scam. You buy the plus package and still only can watch most games if you have cable or some other provider!?!? Like what’s the point of paying for your subscription if I can’t even watch 75% of stuff on your app. It’s ridiculous save your money go stream online til these companies stop being so greedy.,Jaydoe762,,
2026-02-24T08:27:01.964297,BT Sport,Apple App Store,2026-02-17T14:59:35-07:00,5.0,"The absolute best way to watch all college sports everyday,",CaptainGator,,
2026-02-24T08:27:01.968710,BT Sport,Apple App Store,2026-02-17T14:21:46-07:00,5.0,espn is the best sports app,roshaun monk,,
2026-02-24T08:27:01.973676,BT Sport,Apple App Store,2026-02-17T13:26:29-07:00,1.0,Have to re-authenticate every single day. What a joke. Please do better.,SCG11,,
2026-02-24T08:27:08.253020,ESPN,Trustpilot,2026-02-24T02:42:04.000Z,1.0,Wrote review on the ESPN website and when I submitted it I received the all informed 404 can't find,Wayne Renn,,
2026-02-24T08:27:08.343558,ESPN,Trustpilot,2026-02-18T04:10:29.000Z,1.0,This is the absolute worst streaming app of all time. It’s disorganized and messy. Even with the search feature I frequently miss kickoff or tipoff due to the near impossibility of finding the game I want to watch.,Chenoa Shenandoah,,
2026-02-24T08:27:08.352102,ESPN,Trustpilot,2026-02-14T20:18:45.000Z,1.0,"They just keep getting WORSE. Now they have ESPN PLUS, which only adds to the utter frustration. NO CUSTOMER SUPPORT, NO WAY TO GET THINGS FIXED WHEN THEY INEVITABLY STOP WORKING.The only thing you can COUNT ON with these incompetent assholes is FAILURE.",Karl Mueller,,
2026-02-24T08:27:08.377209,ESPN,Trustpilot,2026-02-06T05:31:09.000Z,1.0,Absolutely garbage. You pay for the app then you get a get Access prompt when you go to watch the game. Don't waste your money.,Tony M,,
2026-02-24T08:27:08.424334,ESPN,Trustpilot,2026-02-02T17:13:22.000Z,1.0,ESPN site has their little legal disclaimer banner at the bottom of the page. Only problem is it always puts itself in the middle of your screen. Morons can’t even run their own website properly.,Kevin Balmer,,
2026-02-24T08:27:08.597489,ESPN,Trustpilot,2026-01-28T15:57:55.000Z,2.0,The app promised to show the Australian Open tennis grand slam but even though the quarterfinal match is over since 2 hours I still cannot see the replay of the match between Sinner and Shelton or other replays ;-(( so why not instantly showing the replay ?? it is also confusing because I constantly get updates on Football or Football match even though I want to watch tennis and not football and lastly it is confusing that on the ESPN app  on Samsung TV thru show less than on the ESPN phone app overall not a good app service for a tennis fan ;-(((,Ute Brödje,,
2026-02-24T08:27:08.608313,ESPN,Trustpilot,2026-01-28T13:49:42.000Z,1.0,Payment for a service but get commercials on and on and on.  I want to rewind? You'll have to watch another commercial.Want to see what's going on on another court? You'll have to watch another commercial.  THIS ABUSE IS WHAT HAPPENS WHEN COMPANIES GET A MONOPOLY.,Reviewer,,
2026-02-24T08:27:08.610832,ESPN,Trustpilot,2026-01-28T05:00:38.000Z,1.0,"Terrible fractured coverage of Australian Open. ESPN, ESPN2, ESPN app, ESPN+, ESPN Unlimited, ESPN News. In order to watch AO you need to pay for multiple services & waste time searching for matches. CORPORATE GREED at its worst!!!",Charles Keener,,
2026-02-24T08:27:08.614497,ESPN,Trustpilot,2026-01-26T19:13:14.000Z,1.0,"I am extremely disappointed with my new ESPN Unlimted subscription.  It performs as if it is still in beta.  I purchased the subscription to watch a playoff game and the Australian Open.  The football game repeatedly stopped and a shimmering ""E"" would appear on my screen - picture frozen.  This happened repeatedly.  The same occurs while watching the Australian open.  It won't reconnect.  My solution is to terminate the app and restart it.  Then it works for awhile and the same thing happens again.  I've been watching (trying?) the Aaustralian open for a week now.  I have yet to get through a match without issues.  The app is also problematic.  I can fast forward only once in a given playback.  If I fast forward again, the app resumes where I started, not to where I wanted to continue.  That's very frustrating.  The shimmering ""E"" stays on way to long while the app tries to T-up programming.I've had this issue on a Fire TV Cube, firestick, Sony TVs Android TV app and my Android phone.  All other apps work fine so I'm not concerned about connectivity.  It's just very poor service from ESPN.This is a substandard service that I payed $29.99 for a month of use.  I can't use it as you intend because it fails.  You should give me my money back.",Michael Szynal,,
2026-02-24T08:27:08.646477,ESPN,Trustpilot,2026-01-26T14:49:59.000Z,2.0,"I pay for the Disney bundle deal and NOT be able to watch some of Barca soccer games because of their TV RIGHT DEALS scam; well that sucks!!! but I deal with it. Now NOT being able to watch the games on demand narrated Spanish is so frustrating to me!!! WHY?? If I ALSO PAY!!! I have been dealing with this situation for a while back now where if I don't get to watch it live in Spanish narrative, I can't watched it later on demand! So I don't watch it and that defeats the purpose of paying the main reasons and is to see and hear the games in Spanish narrative.!!!",Daniel Figueroa,,
2026-02-24T08:27:08.906501,ESPN,Trustpilot,2026-01-23T23:48:21.000Z,1.0,"I paid $13.96 (including tax) for ESPN+ even though I already have ESPN on cable, because I wanted to watch complete Australian Open tennis matches rather than general coverage of multiple matches. Unfortunately, matches of higher ranked players are only available on ESPN Unlimited, which is $29.99+ tax. If I had known this, I wouldn't have signed up for ESPN+ in the first place, because I already get ESPN with my TV provider.",Srinath Viswanathan,,
2026-02-24T08:27:08.910935,ESPN,Trustpilot,2026-01-23T11:20:03.000Z,1.0,I NEVER  write a review but it's time!!ESPN is a shame that it has become such a money sucking piece of s+it!!!!!!! Only the good games are played on the plus shit! I know they don't care about what people think because we are nothing to them.,Ryan Runge,,
2026-02-24T08:27:08.915608,ESPN,Trustpilot,2026-01-23T03:50:00.000Z,1.0,Ur coverage sucks!!! Wtf do we hafta watch the fn jokovic for 2 hrs!?!?! Why don't u show the Americans???? This IS America btw!!!,customer,,
2026-02-24T08:27:09.038215,ESPN,Trustpilot,2026-01-21T16:50:52.000Z,1.0,The website is unreadable. Articles rarely open. When they do open they never load properly. This is an ongoing issue. I use Yahoo and any other sports media venues. ESPN is considerably overrated for a pay venue.,Dana Dennis,,
2026-02-24T08:27:09.044195,ESPN,Trustpilot,2026-01-20T06:09:43.000Z,1.0,They are so biased and favor one team every time.,Sandra Bates,,
2026-02-24T08:27:09.061871,ESPN,Trustpilot,2026-01-18T19:39:05.000Z,1.0,Truly sucks. Why are they allowed to rip people off and not provide services?  Consumers have no protection!,Olga Dubin,,
2026-02-24T08:27:09.078875,ESPN,Trustpilot,2026-01-18T06:28:19.000Z,1.0,"Dear ESPN,I have 186 apps on my phone.  If I ignore the apps for work, the cameras and fire alarms I use to protect my home and pets, and the one that warns me when my wife is within two miles of my home (to prevent her walking in on me watching porn)… that leaves ONE APP from which my phone allows notifications.  It’s your app… the one I’m forced to watch endless commercials about every morning while I eat food that has nothing to do with mornings off the cafeteria tray I stole from my college many, many years ago.  This app is supposed to be so good, the Jews stop talking about the Palestinians.  Yet, somehow… it’s a FU(K!NG DAILY occurrence that your app delivers the WRONG outcome of at least one game!  That’s saying a lot since I have very few teams I even give a shit about.  Your app has left me wondering if I know someone on your production staff that is fu(k!ng with me.  Then, I think of my friend in my Fantasy Football League, who isn’t even in the league (we just let him hang around like the retarded kid that gets to be the “manager” of the basketball team, except he’s never hit the three pointer to make Top Plays because every time we pass him the ball he starts humping it like he wants to see if breeding a basketball will result in free tennis balls that he can out in his dryer to save money on fabric softener). I think of him because he pretends he’s not on the IT Team at the company we work for, but I know he really is because he’s behind the dumpster fire of bullshit notifications from YOUR APP!  That doesn’t get you off the hook.  Either you suck and have no business reporting sporting event outcomes… or the security used to protect your app is so poor, the guy who fingers his mouse while watching porn has been able to hack you.Get your shit together!One day, someone that actually cares about how bad their sports bets are is going to rely on the data you spew.",Spam Account,,
2026-02-24T08:27:09.100953,ESPN,Trustpilot,2026-01-18T06:26:23.000Z,1.0,ESPN plus is horrible. First half of GU game had no sound. And cameras have been all over the place,Heather Carroll,,
2026-02-24T08:27:09.172481,ESPN,Trustpilot,2026-01-10T03:42:00.000Z,1.0,"Two many people streaming so cutoffs are common. But I can put up with that if you will get rid of Herbi. What a bias jerk! And what's with him saying ""baby jesus"" baby jesus"". Is this the new ESPN?",Doug Toye,,
2026-02-24T08:27:09.175585,ESPN,Trustpilot,2026-01-07T04:13:20.000Z,1.0,"ESPN+ is by far the worst streaming experience I’ve ever had, and that’s really saying something because there is plenty of strong competition in that department. It’s not worth its ridiculous price, the app often barely works, and the only reason people use it is because there are often no other options.Streams are usually a chore to watch, as they are consistently plagued by unstable connections, causing video lag/poor quality, which is often so bad, that the web page just randomly crashes. The UI feels like it was specifically designed to be as annoying as possible to navigate, so much so, I use external direct links to find specific games. Additionally, many of the in app features, including the log in page, struggle to load, or straight up just don’t work, so you can’t even use the service you’ve already paid too much money for.Sports fans deserve better, and big sports leagues on the platform, like the NBA and NHL, need to seriously reconsider their partnership with this awful company.",Ethan Meyer,,
2026-02-24T08:27:09.179558,ESPN,Trustpilot,2026-01-03T15:19:10.000Z,1.0,I can not stand the singung,Eduardo Labarthe Villena,,
2026-02-24T08:27:09.188069,ESPN,Trustpilot,2025-12-16T03:38:25.000Z,1.0,"Even 1 star is generous. Only thing worth adding for a bundle was for occasional MNF. Now you have to pay extra for that. No thank you, go scam someone else with your program changes.",Jeff Brown,,
2026-02-24T08:27:09.191332,ESPN,Trustpilot,2025-12-13T06:20:26.000Z,1.0,"What garbage,  can’t see what  I want to see without 10 pop ups or having to select “All Scores”, used to be my go to sight now  I avoid at all cost and get from CBS so sad ESPN",Jonathan Ash,,
2026-02-24T08:27:09.224718,ESPN,Trustpilot,2025-12-09T11:17:37.000Z,3.0,Why does Troy Aikman always look drunk or high. His eyes are always red and glassy.,Rick,,
2026-02-24T08:27:09.227837,ESPN,Trustpilot,2025-12-03T15:18:06.000Z,4.0,"with espn susbcricption  i get live sport events... i am a fan of boxing, so the ones that are partners with espn those mathces I do not miss.I can say that the pricing model is not so expensive, considering the perks and speciall access I get here. Just one thing is that sometimes durib live broadcasting, there can be small delays, not a huge issue though",Boris DDD,,
2026-02-24T08:27:09.251324,ESPN,Trustpilot,2025-11-30T02:14:05.000Z,1.0,Espn you need to get your s*** together with as many people wanting to tune in to watch WWE or football or basketball or whatever and it's buffering all the time That ain't right You're going to lose a lot of damn customers.,Elaine,,
2026-02-24T08:27:09.311338,ESPN,Trustpilot,2025-11-25T03:45:33.000Z,1.0,Please remove the Peyton/Eli talk boxes.  They are awful and go back to what ESPN was!!! Please,Jacqueline Frazier,,
2026-02-24T08:27:09.330992,ESPN,Trustpilot,2025-11-16T06:08:54.000Z,1.0,"Wow!  Where to even begin...ESPN has wormed its way into controlling so much of the sporting world that they need to be broken up by the FTC for anti-trust violations.  I finally gave in and upgraded my Hulu to one of the bundles that included ESPN in order to watch a few games that are only available through ESPN.  I selected what I thought was a premium bundle without commercials.  Apparently, ""premium"" includes ESPN Select.  Now my only experience with ESPN is what you get on cable, such as ESPN, ESPN 2, ESPNU. SEC Network, etc.  Apparently, my ""premium"" subscription only includes items that were previously only available on ESPN + (whatever that is).  When I realized my new upgrade would not let me watch the game I was trying to watch I called customer service who explained the ESPN Select subscription does not include ESPN, nor does it include items on ESPN 2, ESPNU, or the SEC Network.  Nope!  It only includes items previously on ESPN +, which are the games that could never even make ESPN8!  You know, community college men's hacky sack games!  So to get any teams that anyone has ever heard of, you have to get an additional upgrade for even more money!  Now don't dare make this mistake mid game like I did!  I had planned to watch most of the game out and watch the rest on my newly upgraded subscription when I returned home.  Ha!  Nope!  The game wouldn't load because it wasn't a women's basketball game from Orlando community College!  So when I called customer service to figure out why my football game wouldn't load, he explained to me that I bought the Temu ESPN subscription that didn't play any sports anyone actually wants to watch.  So I said let's upgrade this so I can catch the last of the game.  Poor guy had to read 20 minutes of disclaimers while I'm cussing under my breath as I'm missing the last of my game.  Then he finally finished and I was able to log in as the game ended.  Now all of this feels like some horrible deja vu because last year I went through a similar process where I upgraded, the game wouldn't play, so I canceled the very next day.  I was refunded, my services canceled, and then they charged me for the bundle I had cancelled for the next 13 months!  I finally realized this when I had the stupid idea to try this again, only to find I had been paying for it for the last 13 months!  In all fairness, I should have watched my bill and I could have corrected this a year ago, but everything is automatic these days.  The customer service reps were always super nice, but they work for a horrible company .  After this experience, I will pay my month to watch the rest of college football season and I will immediately cancel.  In fact, my experience was so annoying, I will probably cancel the entire bundle and Disney, Hulu, and especially ESPN can go bankrupt fore all I care.  They are a horrible company, I hope their stock tanks, and the idiots that run the company go unemployed.   Why even offer ESPN Select?  It is truly the TEMU of the sporting world.",Chad tucker,,
2026-02-24T08:27:09.334587,ESPN,Trustpilot,2025-11-15T18:59:19.000Z,1.0,"Nothing but corporate greed! Paid for subscription to watch sporting events. In addition, they want more money for boxing events. Scam company",Charles,,
2026-02-24T08:27:09.337853,ESPN,Trustpilot,2025-11-13T06:07:46.000Z,1.0,ESPN You should be ashamed. I buy a subscription and can’t get logged on to me account. You suck. There should be a class action suit against you. You suck our money but don’t provide access. Classless!!!!!!!!,Consumer,,
2026-02-24T08:27:09.340403,ESPN,Trustpilot,2025-11-12T22:41:05.000Z,1.0,"I have paid for full access to ESPN for one month. But almost every time I try to launch a show, I'm taken to a sign up page, ostensibly to enroll in a longer/more expensive package. Usually I back out 4 or 5 times, and then it lets me watch the show, but sometimes not, so I end up giving up and not watching the service that I paid for.",Francis McNally,,
2026-02-24T08:27:09.343047,ESPN,Trustpilot,2025-11-12T20:32:31.000Z,1.0,"I would give less than 1 if I could.  I paid for ESPN Select through Apple on my iPhone subscriptions.  Yet, I cannot connect my paid subscription to my ESPN account.  On my ESPN it gives me a link to connect to iTunes, but when I click on the link, I just get an endless spinning blue circle.  I have spent hours talking/emailing ESPN support but am ignored.  They just want money but have no concerns about their customers.  I guess I will just have to listen to radio broadcasts.  ESPN is worthless and took my money with no intend to provide any service.",Kent Manuel,,
2026-02-24T08:27:09.345701,ESPN,Trustpilot,2025-11-11T03:14:29.000Z,1.0,Get ESPN back on YouTube TVStop being greedy.I will do everything I can to avoid Disney,Ronald Fritz,,
2026-02-24T08:27:09.348014,ESPN,Trustpilot,2025-11-08T06:20:01.000Z,1.0,"There is quite literally nothing in the world worse than these people. Nothing works that they put out and they exercise  control over it so it is our only option. Something must step up to compete with them, it can’t be hard with this level of disrespect to the consumer",Robert Parker,,
2026-02-24T08:27:09.386511,ESPN,Trustpilot,2025-11-08T05:56:08.000Z,1.0,"Can't rewind or fast-forward at any point controlling you like cable. Garbage service, I already pay you monthly to watch games and you kill what makes the service useful and cool. Absolutely trash company",Scott Comerford,,
2026-02-24T08:27:09.393239,ESPN,Trustpilot,2025-11-07T01:03:36.000Z,2.0,The new app sucks. It is hard to navigate and find the games I want to watch. Why is the betting lines more important than seeing the actual game? Bring back a simple and easy to use app please. I will not continue to subscribe to this mess,Mike Burnell,,
2026-02-24T08:27:09.492663,ESPN,Trustpilot,2025-11-04T03:40:34.000Z,1.0,terrible app. wastes your money,Landon,,
2026-02-24T08:27:09.501598,ESPN,Trustpilot,2025-11-04T03:38:01.000Z,1.0,Espn is a worthless joke. Espn and the nfl deserve each other. Worthless.,Greg Kennedy,,
2026-02-24T08:27:09.512480,ESPN,Trustpilot,2025-11-02T01:28:54.000Z,1.0,"Poor navigation, sluggish response to inputs and constant freezing during commercials. I'm done, definitely not going to renew this one once ufc moves on!",Michael Fine,,
2026-02-24T08:27:09.530151,ESPN,Trustpilot,2025-10-31T21:58:41.000Z,1.0,"WORST COMPANY ON EARTH.  POWERED BY GREED, THEY ONLY CARE ABOUT MAKING MORE MONEY.  THE LATEST YOUTUBE TV SCAM IS RIDICULOUS.  TOO BAD THE USA NO LONGER ENFORCES MONOPOLY LAWS.  I HATE YOUR COMPANY WITH EVERY FIBER OF MY BEING AND PRAY FOR YOUR FAILURE.",Ted Danglefarts,,
2026-02-24T08:27:09.651869,ESPN,Trustpilot,2025-10-29T03:03:06.000Z,1.0,Dude!! Wtf. I'm so over these commentators BIAS SO BIAS. And why are they splitting the screen to watch two games. .. give me the option to watch just my game. I could care less about any other team 🤦🏻‍♀️ now I have to watch my team half the size bc they legit split the screen. Wtf. I hate this network so much. HATE THEM.,HotMess Mom,,
2026-02-24T08:27:09.670079,ESPN,Trustpilot,2025-10-20T02:30:36.000Z,1.0,"ESPN should change their name to the dc network, for the dallas cowboy network,for coverage of their favorite team. All the interviews,is BS..There are 31 other teams that do not get that coverage…",Michael Krause,,
2026-02-24T08:27:09.686525,ESPN,Trustpilot,2025-10-16T04:33:57.000Z,1.0,"Garbage websites and TV. Clickbait headlines and sensationalist shows. An embarrassment to Disney, they should be blasted into the sun where they can't do any more harm. Just the absolute worst.",Mark,,
2026-02-24T08:27:09.732876,ESPN,Trustpilot,2025-10-11T15:50:14.000Z,1.0,"So much glitching! Wwe has crossed over to ESPN from Peacock. Peacock had no glitching and espn is glitching every 5 minutes, making me miss the good stuff. I unfortunately have to have a few different apps to watch Wwe but the most glitching happens when it’s on ESPN. Hopefully they get it together because I pay a lot of money to miss out on the good parts.",Jr,,
2026-02-24T08:27:09.745960,ESPN,Trustpilot,2025-10-05T01:53:29.000Z,1.0,Espn literally charges a crazy amount of money for ESPN unlimited and u can’t watch anything with the regular subscription anymore. absolute waste of money and a scam. Will not be buying.,Sammantha Lim (sammilim502),,
2026-02-24T08:27:09.754779,ESPN,Trustpilot,2025-10-01T02:45:03.000Z,1.0,"I’m watching Game 1 of the MLB game between Boston and Yankees. I’ve never in my life heard such bias from the announcers!!!!  Pathetic, unbelievable and down right obnoxious!!!!  Really ESPN you couldn’t pick better announcers than this!!!",cruisinaol.com,,
2026-02-24T08:27:09.838050,ESPN,Trustpilot,2025-09-29T23:43:53.000Z,1.0,"What's this Big Man Ballin bullshit on ESPN?? Is there really a need to glorify such willful over-the-top ignorance? Or is the other 90% supposed to respect it as though it's some kind of alternative culture?Which ever ESPN execs decided to put such a blatantly disgusting display of pop culture ignorance at the forefront, must have little serious hope for the notion of perceived racial equality to ever be achieved.",richard c,,
2026-02-24T08:27:09.846072,ESPN,Trustpilot,2025-09-27T19:24:08.000Z,1.0,We will be dropping ESPN stream. Espn as usual charges extra for NOTHING! NO COLLEGE FOOTBALL JUST A BUNCH OF SH$T!!!!!!! BYE BYE Easily Stupid Pathetic Nonsense!!!!!!,Dave D,,
2026-02-24T08:27:09.853705,ESPN,Trustpilot,2025-09-27T02:50:51.000Z,1.0,Turning off women’s volleyball to listen to “mlb and baseball drama” is slap in the face to all women athletes. That’s misogynistic and disrespectful. Piece of shit company for sure,Aspen Cullen,,
2026-02-24T08:27:10.107689,ESPN,Trustpilot,2025-09-25T14:41:46.000Z,1.0,"I watched the Cubs game on 9/24/25 on ESPN.  It was disgusting that the broadcaster kept calling Michael Busch ""Matthew Busch"".    If you don't know who you are talking about SHUT your mouth.  I think Michael needs an apology for someone being so ignorant.  It didn't happen just once - it was a few times.",Robin U,,
2026-02-24T08:27:10.196355,ESPN,Trustpilot,2025-09-21T13:53:36.000Z,1.0,I HATE WWE ON ESPN!!! ITS NOT A SPORT! PLEASE TAKE IT OFF ESPN!!! OR I BOYCOTT YOUR CHANNEL!!!,Luke Matson,,
2026-02-24T08:27:10.203744,ESPN,Trustpilot,2025-09-21T04:12:16.000Z,1.0,"I would give this service 0 stars if I could. I just paid for the espn, Disney and Hulu bundle and I still can’t watch the gamecocks game. Not worth the money and I wish I could get a refund. I do not recommend you waste your money.",Kyle Thompson,,
2026-02-24T08:27:10.245468,ESPN,Trustpilot,2025-09-08T22:26:16.000Z,1.0,Cheap looking app that is out dated. An awfully app for such a rich company. Channels are difficult to navigate. Looking for a certain game takes time. Thumbing through content requires arrowing back to start. App doesn't show what's on like the streaming services do.,Steve C. Guillory,,
2026-02-24T08:27:10.267614,ESPN,Trustpilot,2025-09-08T12:23:55.000Z,1.0,The website is a catastrophe.  Every time you access it you have to log in again.  Sometimes the page doesn't fully load you can't even log in.  It never remembers your settings and quite often has a serious processing lag for its fantasy leagues.  Really a third world web site which is shocking for a company pretending to be a leader.,Bing Tashkent,,
2026-02-24T08:27:10.272008,ESPN,Trustpilot,2025-09-08T02:55:43.000Z,1.0,Bought their expensive bundle to watch the us open. I am now watching the REPLAY IN SPANISH!!!+ THEY DO NOT HAVE IT ENGLISH. THIS STINKS!!!!,Wanda Simmons,,
2026-02-24T08:27:10.326628,ESPN,Trustpilot,2025-09-07T14:04:11.000Z,1.0,Streaming is the worst customer service decision I’ve seen in years.  Terrible coverage   No way to record.  Playback experience is terrible. Halftime coverage was shockingly unprofessional. And all of this after being manipulated to pay for the privilege of being disappointed and being treated like a rube to be taken advantage of.    And on top of that multiple of their feedback sites don’t work.  What a surprise.   They are ripe for a new entry into the market to eat their lunch. I’m here for it.,Brian Gard,,
2026-02-24T08:27:10.336015,ESPN,Trustpilot,2025-09-06T03:48:24.000Z,1.0,"This review is for the ESPN app on Roku.  I subscribe every year to watch the tennis grand slams such as the French & US Open.  As per usual once the women's singles go into the quarterfinals, espn doesn't have the matches on demand even though they advertise that they do and you can't find them anywhere.  They have some men's but it's random.  It also continues to ask me to sign up or go to my cable carrier which I don't have.  This usually takes anywhere from 10 min. to 1 day to resolve.  The organization of the replays is also non existent so you have to scroll through everything to find what you're looking for.  They could organize it by day or men's/women's or rounds but it's just one long stream of matches",BROOKS/MARGO,,
2026-02-24T08:27:10.345336,ESPN,Trustpilot,2025-09-03T23:02:15.000Z,1.0,"Selfish, greedy company. Ruins everything they touch. Commercials on redzone is unacceptable",Daniel McWilliams,,
2026-02-24T08:27:10.397823,ESPN,Trustpilot,2025-09-02T19:36:11.000Z,1.0,"Always an issue... the falsely advertise all the time ""watch US OPEN tournament"" and when it comes to finals, they squeeze more money out of you.  Happens every year.  Their tech support doesn't even know what can and can't be shown.  They told me they just weren't showing the finals and it is a LIE.  I had to open a new account to watch my finals.  Horrible Horrible way of treating their clients by lying and falsely advertising.",Not a fan,,
2026-02-24T08:27:10.421267,ESPN,Trustpilot,2025-09-02T17:45:35.000Z,1.0,"Get Up has gotten so boring.All you have to do is watch the first hour. Only three topics are talked about over and over for two hour's? Plenty of more sports that deserve to be talked about  every day,except the same stories and topics everyday. I'm no longer a fan,or watching.",Joey,,
2026-02-24T08:27:10.426492,ESPN,Trustpilot,2025-08-31T23:28:44.000Z,1.0,"This is an absolute scammer..,I want to watch ncaa football game so it says must get subscription.. offers bundle ( Disney, Hulu, etc) which I don’t want, then find 11.99 for espn select, so I open app sign in after account formed and payment made still no access to the specific game currently on live, so go back in 30 min later and cancel subscription, then go in account again it DIDNT cancel or refund what I paid for zero access but says subscription cancels a month from now( September, 30 days later) So I try to find a customer service number or contact, there is none it says for questions go to espn fan page on X… wth.. I don’t use X and not app I’m going to download to my phone..,Complete scammer, refund my 11.99 as this was only game, team interested in watching…..Scam………",D bennett,,
2026-02-24T08:27:10.432655,ESPN,Trustpilot,2025-08-31T21:36:08.000Z,1.0,"It’s clear that ESPN does not care about running a decent company. It used to be something worth watching. Now we have to listen Finebaum, Klatt and Stephen. They are the most clueless sports casters of all time. Finebaums terrible take on Arch Manning earned him a contract extension. Will not watch this again until they figure out how to do a job.",Dillon Ringle,,
2026-02-24T08:27:10.446155,ESPN,Trustpilot,2025-08-31T20:38:41.000Z,1.0,"I watching the Syracuse/Tennessee game and they cut it off and went to the Alabama /Florida State game with 6 minutes to go. Espn then I could watch the conclusion on the ESPN app. When I tried to that, all I got is they were experiencing technical difficulties. After about 5 minutes, I got a message that my event had been concluded. When I reached out to ESPN customer service,all I got after about being on the phone, was nobody I could talk was available,nor did they know how to get in touch with someone who could answer my questions The same thing happened 3 times last year.James Pitaro (Chairman of ESPN) should find another job,because he's not any good at the one he's got.t",Doug Coats,,
2026-02-24T08:27:10.456096,ESPN,Trustpilot,2025-08-30T23:36:53.000Z,1.0,ESPN sucks and their customer service is nonexistent. Tired of paying for a subscription service that NEVER works!!!  The fact that they can negotiate a near monopoly on College Football means they don’t give a damn about how poor their service is. UNACCEPTABLE!!!,OMay,,
2026-02-24T08:27:10.485311,ESPN,Trustpilot,2025-08-30T19:22:28.000Z,1.0,Why did ESPN App go away from customizing multiview? They are supposed to have at least pre-built ones and during week 1 of college football there aren't any! ESPN get your shit together.,Rich T,,
2026-02-24T08:27:10.501577,ESPN,Trustpilot,2025-08-29T03:35:30.000Z,1.0,"ESPN+ + is a terrible service! It’s problematic when watching on different computers and TVs, and it’s extremely difficult to manage.",Paul Swales,,
2026-02-24T08:27:10.535965,ESPN,Trustpilot,2025-08-29T02:11:51.000Z,1.0,We have espn+ and the telecast is terrible. Can’t believe I have to pay for this. It freezes up during commercials. How can you make this viewing more enjoyable?,Jerry Morris,,
2026-02-24T08:27:10.622059,ESPN,Trustpilot,2025-08-28T18:57:36.000Z,5.0,This comments relates to the removal of Doris Burke from the NBA Finals Broadcast Team. Congrats to management for demoting Burke. She is the worst. Her comments seem to be in the superlative. Every player and play is the greatest. Her voice is unnerving and grating. Tim Legler will be a 5 star improvement !!,Terry,,
2026-02-24T08:27:10.666578,ESPN,Trustpilot,2025-08-20T23:00:58.000Z,1.0,"My problem isn't so much with the service but the prgramming , I am sick of Stephen A. retoric most irritating person on television and the first thing I hera when reading an article.",Brian Jackson,,
2026-02-24T08:27:10.671198,ESPN,Trustpilot,2025-08-17T18:16:05.000Z,1.0,The ESPN app is so horrible. Couldn’t even buy the UfC fight last night. So many “log into your account” after already being logged in my account. Cant watch WNBA cause I need to have a tv provider? That was such a pain. I will be uninstalling the app.,Samantha Flores,,
2026-02-24T08:27:10.697121,ESPN,Trustpilot,2025-08-03T06:44:53.000Z,1.0,"Horrible streaming application, I don’t know where to start. Between the app crashes, login issues, lack of stream quality. I’ve bought paper-view’s only to be unable to access them.  I hope that ufc doesn’t renew their media contract with them. I won’t pretend to know the difficulties in their job but for years the experience has been abysmal, it seems this issues are never addressed. Just horrible",August Queirolo,,
2026-02-24T08:27:10.733776,ESPN,Trustpilot,2025-07-20T03:03:10.000Z,2.0,These announcers you have for cubs are terrible. They talk about everything but the damn game two goofballs. My god 7/19/25,Richard LaPorte,,
2026-02-24T08:27:10.736886,ESPN,Trustpilot,2025-07-17T04:18:15.000Z,2.0,MC was a total joke -,Kirk,,
2026-02-24T08:27:10.777019,ESPN,Trustpilot,2025-07-17T03:58:40.000Z,1.0,"Spreads misinformation, reports to the CCCP, and should not be trusted.",Jason Smith,,
2026-02-24T08:27:10.784248,ESPN,Trustpilot,2025-07-04T21:43:25.000Z,5.0,"ESPN Tennis coverage is excellent., Much better than the tennis channel. More live coverage than the tennis channel. Less talking.,Can’t compare the two. I can’t believe the difference.",natalie ettenger,,
2026-02-24T08:27:10.797910,ESPN,Trustpilot,2025-06-30T14:08:50.000Z,1.0,"ESPN Wimbledon coverage is terrible.  Instead of showing live matches that are exciting and significant, they have anouncers just chatting about irrelevant things.",Jimmy A. Wool,,
2026-02-24T08:27:10.808683,ESPN,Trustpilot,2025-06-23T03:30:54.000Z,2.0,"Watching Phillies/Mets game. Your Announcers are bad.They have boring conversations, irrelevant trivia, and don't seem to focus on what is happening in the game. Crowd noise seems to get their attention at times. Your ""pitch predictor"" is an annoying distraction. Does it really offer a significant insight to the game?  Taking up part of my TV screen with that junk is a waste. You guys should be doing better if you call yourself a sports network.",Dave Pangburn Jr,,
2026-02-24T08:27:10.821563,ESPN,Trustpilot,2025-06-22T23:12:19.000Z,1.0,I do not like the umpire camera at the college world series. I want to feel like I'm at the game...not an umpire,Jan Davis,,
2026-02-24T08:27:10.900098,ESPN,Trustpilot,2025-06-20T03:36:27.000Z,1.0,ESPN is obviously one sided. They make it so clear that they are for the pacers. I hope the thunder wins and the have to eat there words.,Keith Cotten,,
2026-02-24T08:27:10.918427,ESPN,Trustpilot,2025-06-18T03:02:57.000Z,1.0,"Service sucks! Games constantly buffer, and freeze ! Another taking the money and not providing. Trump loving JOs",Anthony,,
2026-02-24T08:27:10.943272,ESPN,Trustpilot,2025-06-12T04:25:33.000Z,1.0,very very biased,Robert Gammon,,
2026-02-24T08:27:10.958162,ESPN,Trustpilot,2025-06-05T11:18:38.000Z,1.0,"I spent a good amount of money and this casino is too cheap to give you a bonus!  Also, I can’t win at this place!  Not worth your time or money!",Donna Treemarchi,,
2026-02-24T08:27:11.268127,ESPN,Trustpilot,2025-06-05T03:52:02.000Z,1.0,When will Beth Mullins retire? The game has left her. When will the commentators of the WCWS series not be so biased? They pick their favorite and ride it out. They really diminish the experience of watching a championship series.,Ted Kapera,,
2026-02-24T08:27:11.313756,ESPN,Trustpilot,2025-06-01T19:22:24.000Z,1.0,Feed freezes and cuts out constantly..Always stressful when I know I have to use it...Complete garbage..,Michael d,,
2026-02-24T08:27:11.504272,ESPN,Trustpilot,2025-06-01T03:14:04.000Z,1.0,ESPN is a joke when you want to show games you show them longer you don't transfer the game over and regional areas you're leaving on there and then if you want to watch your game you want to try to have us buy a subscription to ESPN plus which is a joke to watch a game it's laughable,Eric Dennison,,
2026-02-24T08:27:11.543947,ESPN,Trustpilot,2025-05-23T14:12:41.000Z,1.0,"I purchased espn + and it didn’t even show the game I wanted to watch unless I had a tv provider to login in with. That was not specified. So when I asked for a refund moments after discovering this they claimed they couldn’t find my account. Like a silly person I used leftover Apple Cash to pay and haven’t been able to get a refund. 11.99 wasted on this channel.. their website says they won’t give refunds, how is that right? Just greedy.",Ele B,,
2026-02-24T08:27:11.646627,ESPN,Trustpilot,2025-05-22T21:34:48.000Z,1.0,I wasn't getting the codes to get into my account and all customer service told me was to try it againworst customer service experience of my life,Colin Kaftarian,,
2026-02-24T08:27:11.658680,ESPN,Trustpilot,2025-05-18T23:44:56.000Z,1.0,"I have been watching ESPN since it’s inception and for the most part the first 30 years it was pretty good. But recently their programming is horrible, they’re in-house coverage is even worse and above all their announcers make me want to never watch ESPN again, particularly Scott Van Pelt, who is a moron and has the most monotone and redundant voice in sports announcing. The only reason I’m watching ESPN is because it’s following the PGA championship but other than that I will never and I mean never watch a ESPN coverage of even tiddly wings.",Cris Weed,,
2026-02-24T08:27:11.662339,ESPN,Trustpilot,2025-05-12T22:53:41.000Z,1.0,Dan Graziano is a joke. Anyone who knows a little sports can report better than him! He never has any real news. Just says what every talking head says.Get rid of him!!,Frank Yula,,
2026-02-24T08:27:11.664765,ESPN,Trustpilot,2025-05-09T04:44:06.000Z,1.0,Every NHL Playoff game has streaming issues. Never experienced this kind of other streaming issues from other sports apps for television. #Disappointing#Unreliable,Charlie M,,
2026-02-24T08:27:11.827481,ESPN,Trustpilot,2025-04-26T23:02:49.000Z,1.0,I'm trying to watch the NFL draft and see the selections live from the stage but they won't shut up yapping about picks that happened 1-2 picks ago.,Braizin,,
2026-02-24T08:27:11.830683,ESPN,Trustpilot,2025-04-22T09:06:24.000Z,1.0,Putting 2 NHL games on the same channel back to back is dumb.. they have infinite overtimes.   ESPN has multiple channels and when the first game goes over second game gets put on another channel.. For those who have to record lose the second game transfered to other channel.. should just schedule them for different channels,Richard Hawley,,
2026-02-24T08:27:11.834541,ESPN,Trustpilot,2025-04-21T11:16:35.000Z,1.0,They take money for a subscription and THEN tell you you need a cable provider to watch your NHL playoff game. A TOTAL SCAM!,L.T. Trembling,,
2026-02-24T08:27:11.837066,ESPN,Trustpilot,2025-04-21T18:56:00.000Z,1.0,"How can this company improve?? They can't. ESPN has totally ruined professional sports. We have an account which is paid up currently and we should be able to watch the Stanley Cup playoffs, just like we did last year. When we try to watch a game we get a message that says, ""cannot access your account"". So we went to ESPN.com and they are asking us to create an account - duh - we already have an account which we have been paying for all along. There is no customer service whatsoever, no one with whom we can speak to straighten out their debacle. ESPN is the first company ever to EXCEED Walmart for bad customer service. Walmart at least HAS customer service, bad as it is. ESPN has none at all, the worst company in history. And The Masters!?! Whoever produced that absurd presentation hasn't the foggiest idea of what golf is all about. Every tournament wee watch only allows you to see about half of the holes played. Wanna see what's going on at holes 1-3? Forget it, they don't show it. And there's another set of holes excluded as well. But get this, when the last groups are getting ready to play the final three holes, the only announcers available are in Spanish - no English available. So we have to go to The Masters.com and finish watching it on the computer. Do yourselves a favor and get a real service like Sling TV, YouTube TV, Peacock. Those are reliable services which give you what you paid for. ESPN is a total loser, don't waste a penny on them. It's like they're being run by a bunch of 10-year olds. (P. S. We have permanently cancelled ESPN - you should too. If enough people cancel, it will incentivize a newer, well-run company to fill this vast void)",Micheal MJF,,
2026-02-24T08:27:11.840334,ESPN,Trustpilot,2025-04-12T17:14:11.000Z,1.0,Why is golf headlining SC!!!!!! You have NBA playoff teams playing for spots and play-ins and you have damn golf on for 10 minutes f#cj! Ridiculous. Golf really damn...stupid just stupid!,Arthur James,,
2026-02-24T08:27:11.934597,ESPN,Trustpilot,2025-04-11T19:35:14.000Z,1.0,"No sports experience among broadcasting staff. Masters coverage is a joke, the  broadcaster was Miss Fla. no golfing background. Pitiful. Can’t watch baseball and basketball anymore because of the inexperience of broadcasters. Watched ESPN since the 70’s. Every night I watched it. Haven’t watch in over 10 yrs. Now. They fire the athletes and bring young men and women that don’t have a clue about sports. Politics and everyday events is all they talk about. It’s a shame!!!!",David Weiler,,
2026-02-24T08:27:11.955461,ESPN,Trustpilot,2025-04-05T03:01:51.000Z,1.0,"Well, I'm watching the women's Final Four, and the two former basketball stars you have as your announcers are ruining the telecast. They keep jabbering about this and that you can't follow the game because they are too busy talking old times together. A fine way for ESPN to show no respect for the college teams competing in this tournament. Who is the fool who decided to put these two in as professional announcers? They are not making watching this game enjoyable",Sydney Reeve,,
2026-02-24T08:27:12.144082,ESPN,Trustpilot,2025-04-01T23:09:14.000Z,1.0,ESPN’s role in spreading rumors about a young woman is unacceptable.  Take action against your commentators.,Peter Thomsen,,
2026-02-24T08:27:12.262337,ESPN,Trustpilot,2025-03-22T21:56:39.000Z,1.0,I've had ESPN + for years . The audio is always cutting out on live UFC fights. It's annoying because they should have fixed it after years with the same issue.,Ricardo Hernandez,,
2026-02-24T08:27:12.338130,ESPN,Trustpilot,2025-03-21T20:36:08.000Z,5.0,The announcers on espn+ softball houston vs byu were some oh the best I've heard on the channel!!  No bias and complimentary of both teams.,Scott,,
2026-02-24T08:27:14.357415,ESPN,Google Play Store,2026-02-23T07:35:01,5.0,Very very nice. Thank you.,Roger Willis,,
2026-02-24T08:27:14.499014,ESPN,Google Play Store,2026-02-23T06:05:16,5.0,great sports coverage,James Douglas,,
2026-02-24T08:27:14.502479,ESPN,Google Play Store,2026-02-23T03:40:39,2.0,"Very slow loading screen. Good app when it works, but 30% of the time I have been stuck on the loading screen that either times out or finished loading after a minute.",Randy Suwandee,,
2026-02-24T08:27:14.505473,ESPN,Google Play Store,2026-02-23T02:54:12,5.0,very good,Joe Burger,,
2026-02-24T08:27:14.521501,ESPN,Google Play Store,2026-02-23T01:50:54,5.0,it's great. Thank You 👍😊,elliott Michacel,,
2026-02-24T08:27:14.524201,ESPN,Google Play Store,2026-02-23T01:06:16,3.0,"The app is useful for seeing scores, standings, news, and schedules. the worst part of the app is watching and recaps or videos because every clip has a 30s ad even if it's a short video and the video freezes constantly. it'll only be a tool to see news and scores.",Emmanuel Nini (Noel),,
2026-02-24T08:27:14.527624,ESPN,Google Play Store,2026-02-22T22:50:32,2.0,"This app has become almost unusable. Constantly requires login, which it handles terribly.",Mike Humphreys,,
2026-02-24T08:27:14.611429,ESPN,Google Play Store,2026-02-22T21:52:23,5.0,"The best place for news, scores and updates on practically any sport!",john hopper,,
2026-02-24T08:27:14.629398,ESPN,Google Play Store,2026-02-22T19:51:28,5.0,works as it should,Todd Fetchko,,
2026-02-24T08:27:14.643209,ESPN,Google Play Store,2026-02-22T19:41:28,1.0,stupid.do not try,Anto Felix,,
2026-02-24T08:27:14.651672,ESPN,Google Play Store,2026-02-22T19:39:17,1.0,More ads than stats.,Nick,,
2026-02-24T08:27:14.654121,ESPN,Google Play Store,2026-02-22T18:14:45,4.0,"Programs like First Take are not available in all countries,,,, you have fans all over the world, figure it out.",Nahashon Gatu,,
2026-02-24T08:27:14.656476,ESPN,Google Play Store,2026-02-22T17:19:24,5.0,awesome,Reginald Burns,,
2026-02-24T08:27:14.755099,ESPN,Google Play Store,2026-02-22T17:16:50,1.0,the ads before every highlight video make this app unusable for anything except score updates.,Jerry Gehling,,
2026-02-24T08:27:14.761443,ESPN,Google Play Store,2026-02-22T16:47:42,1.0,"Wow, it keeps getting worse.",Con Phillips,,
2026-02-24T08:27:14.768285,ESPN,Google Play Store,2026-02-22T15:53:20,5.0,I Love ESPN,Stephanie Houston,,
2026-02-24T08:27:14.787130,ESPN,Google Play Store,2026-02-22T12:15:46,5.0,It's good 👍,Bugatti Herron,,
2026-02-24T08:27:14.821592,ESPN,Google Play Store,2026-02-22T11:19:48,1.0,"ESPN is trash. The app is glitchy, the commercials are ridiculous, the NBA coverage is absurdly bad with very few exceptions, and why do we need 5 streaming services AND League Pass to watch the games. Oh right...because greed. smh. Prime works. Peacock works. NBA TV works. FanDuel works, for God's sake. Please, Disney, just let ESPN die.",David Oliver,,
2026-02-24T08:27:14.825526,ESPN,Google Play Store,2026-02-22T09:10:58,1.0,"Changes now force us to view ads even though we pay for the service. I will personally stop buying from anyone who buys ads here, I would encourage everyone to do the same.",Raul Garcia,,
2026-02-24T08:27:14.931888,ESPN,Google Play Store,2026-02-22T07:53:10,1.0,Horrible App. The interface needs a major overhaul. It is very difficult to navigate. It KEEPS telling me I need to sign up for an account when I already have a plan. It's almost impossible to watch anything.,Tony J,,
2026-02-24T08:27:14.980294,ESPN,Google Play Store,2026-02-22T07:15:24,2.0,"I get headlines, but it never story never comes up (never loads) when clicked on. junk app.",Bruce Hutcherson,,
2026-02-24T08:27:14.986580,ESPN,Google Play Store,2026-02-22T05:02:03,1.0,dreadful. trying to cast from this app to Chromecast is just a nightmare. you'd think the worldwide leader could figure that out.,D Frey,,
2026-02-24T08:27:15.055214,ESPN,Google Play Store,2026-02-22T04:26:05,1.0,Terrible lag. World wide leader in sports. World wide leader in lagging app.,jesus serratos,,
2026-02-24T08:27:15.101327,ESPN,Google Play Store,2026-02-22T04:00:55,5.0,Good app,Carlos Hinkson,,
2026-02-24T08:27:15.253735,ESPN,Google Play Store,2026-02-22T03:48:28,1.0,"If you enjoy having to force stop, clear the cache, then eventually delete and reinstall an app almost every time you try to use an app then this is the app for you! Almost every time I try to watch college baseball on this app I have to uninstall and reinstall, then you get to login again and then authorize your TV provider again. It is a pain and always has been. How can a giant media company like Disney/ESPN not get an app to work well. Also how does this app have 4.4 rating, all are 1*",J. O.,,
2026-02-24T08:27:15.280141,ESPN,Google Play Store,2026-02-22T02:35:08,1.0,hardly ever works for me,Kenneth Teasley,,
2026-02-24T08:27:15.335174,ESPN,Google Play Store,2026-02-22T00:59:30,4.0,why isn't the CFL on here!?,K Kakowski,,
2026-02-24T08:27:15.337771,ESPN,Google Play Store,2026-02-21T23:39:47,1.0,espn sucks,Jason Friend,,
2026-02-24T08:27:15.345924,ESPN,Google Play Store,2026-02-21T23:26:11,1.0,too expensive and live viewing glitches all the time. subscription canceled!,Oscar G,,
2026-02-24T08:27:15.352746,ESPN,Google Play Store,2026-02-21T22:47:25,3.0,Good coverage but too expensive for people who do more than watch sports non-stop.,RJ Clemons,,
2026-02-24T08:27:15.355847,ESPN,Google Play Store,2026-02-21T22:35:36,5.0,"Excellent coverage of local and world sports events including basketball, baseball, and football.",George Middlebrook,,
2026-02-24T08:27:15.358491,ESPN,Google Play Store,2026-02-21T21:02:39,1.0,terrible user interface and didn't the Deportivo de La Coruña game,Franklin Otero,,
2026-02-24T08:27:15.361347,ESPN,Google Play Store,2026-02-21T20:48:46,1.0,"It asked you what your favorite team is and when you are done, it shows you everything except your team or football. why even ask?",Marino Acosta,,
2026-02-24T08:27:15.406698,ESPN,Google Play Store,2026-02-21T09:27:46,1.0,"The app is incredibly slow if it's even able to load, rarely let's me stream live content, and in game notifications seem to be random at best despite setting up choices/preferences",Jarrett Burgess,,
2026-02-24T08:27:15.421090,ESPN,Google Play Store,2026-02-21T07:17:23,5.0,great sports coverage!,joseph Valencia,,
2026-02-24T08:27:15.441971,ESPN,Google Play Store,2026-02-20T22:51:39,1.0,Always stops,Donna Schneider,,
2026-02-24T08:27:15.453841,ESPN,Google Play Store,2026-02-20T18:34:29,2.0,need to make getting to girls sports simple like guys. if you want notice from a guys sport you just type in the team and tap it. girls sports you have to through every game and get notice,Kellie McLaughlin,,
2026-02-24T08:27:15.564660,ESPN,Google Play Store,2026-02-20T08:13:57,5.0,I been a fan of ESPN since1988,Ricky Ervin,,
2026-02-24T08:27:15.570415,ESPN,Google Play Store,2026-02-20T07:01:43,5.0,Great 👍,Elijha Rose,,
2026-02-24T08:27:15.576738,ESPN,Google Play Store,2026-02-20T04:52:50,1.0,this app appear on my phone w/o me installing it! the permissions it has automatically are invasive & unnecessary for the type of app it is.,D M,,
2026-02-24T08:27:15.584090,ESPN,Google Play Store,2026-02-20T04:46:44,1.0,if I can give this a 0 star I would. constantly buffers. can never search for prior games. absolutely horrible,Cody Hanley,,
2026-02-24T08:27:15.587256,ESPN,Google Play Store,2026-02-20T03:14:15,1.0,failed to login TV providers!,Daniel Harrison,,
2026-02-24T08:27:15.686066,ESPN,Google Play Store,2026-02-20T03:03:56,1.0,"the new NBA play-by-play view is doin way too much, its so much unnecessary fluff now that makes it harder to follow",Andrew,,
2026-02-24T08:27:15.821867,ESPN,Google Play Store,2026-02-20T01:13:12,1.0,I have score turned off for notifications but ESPN thinks it's still okay to push notifications for articles that have the games final score in the title. Very disappointing when you can't watch a game live and defeats the point of having a setting specifically intended to prevent knowing the outcome of a game when you have to watch it on replay.,Joseph Walker,,
2026-02-24T08:27:15.824544,ESPN,Google Play Store,2026-02-19T23:25:38,5.0,Magically miraculous,Peter Montoya,,
2026-02-24T08:27:15.827025,ESPN,Google Play Store,2026-02-19T17:59:37,1.0,"Barely works, always glitching.",Brandon Marshall,,
2026-02-24T08:27:15.830415,ESPN,Google Play Store,2026-02-19T17:20:03,1.0,it actually keeps getting worse. unbelievable amounts of trash filling between every gaps. I have read a reasonably written article on this app in years. luckily there are much more capable apps available now.,Joshua Schmitt,,
2026-02-24T08:27:15.832817,ESPN,Google Play Store,2026-02-19T11:04:25,3.0,ads are way too long for 20 second high light clips,Amalio Gamboa,,
2026-02-24T08:27:15.841296,ESPN,Google Play Store,2026-02-19T09:24:07,5.0,great product,Stu Matthews,,
2026-02-24T08:27:15.843880,ESPN,Google Play Store,2026-02-19T04:08:07,1.0,I can't get it to open to watch my game,LEE MILLER,,
2026-02-24T08:27:15.853085,ESPN,Google Play Store,2026-02-18T14:26:11,1.0,doesn't run properly,wayne finco,,
2026-02-24T08:27:15.855985,ESPN,Google Play Store,2026-02-18T06:28:13,5.0,outstanding,Darrel Hervey,,
2026-02-24T08:27:15.862163,ESPN,Google Play Store,2026-02-18T06:22:31,3.0,needs more game stats for college baseball and softball. at least a box score and the ability to follow a favorite team.,Adam Buckingham,,
2026-02-24T08:27:15.872765,ESPN,Google Play Store,2026-02-18T04:44:47,2.0,The commercials play over the content very often. It's also constantly buffering and freezing. It even switches to other material other than the selected game (random NFL content during a live NCAAM game). It's so frustrating this is the main way to get a bunch of NCAA games.,Eric Bowen,,
2026-02-24T08:27:15.888359,ESPN,Google Play Store,2026-02-18T02:30:24,1.0,Can't even select TV provider,Carter McAlilly,,
2026-02-24T08:27:15.896186,ESPN,Google Play Store,2026-02-18T02:22:27,2.0,I thought ESPN plus would have more soccer games to watch live. There are better apps for soccer.,Pete Kozlowski,,
2026-02-24T08:27:16.124972,ESPN,Google Play Store,2026-02-17T21:44:52,1.0,"Can't stream through the app because it either is too blurry and buffering too often to watch anything, or just decides to play something other than what I clicked on. No smart tv app even available and the Xbox app doesn't let me watch anything anymore. The most awful app I've EVER used!",Justin “DetroitVsEverybody” Farnsworth,,
2026-02-24T08:27:16.175135,ESPN,Google Play Store,2026-02-17T20:35:53,1.0,I wouldn't pay no 30.00 just to watch WWE. I'll watch it on YouTube free when someone records it and post it on YouTube. no commentators talking. Just the one recording the matches. or I could get Bitlord and save the show to my laptop and watch it anytime. Called Pirating. I still have 1 wrestlemania over 2 days saved to my Google account. I can look up any match alone and see it on YouTube whenever I want. You should left it on Peacock. nobody else wants to watch other sports. I don't.,Carl Johnson,,
2026-02-24T08:27:16.178706,ESPN,Google Play Store,2026-02-17T08:42:42,5.0,Great,Michael Waller,,
2026-02-24T08:27:16.182590,ESPN,Google Play Store,2026-02-17T01:39:05,1.0,Canceled. I wanted to watch the Australian Open with my paid plan and it wasn't enough. I had to buy a more expensive plan. Not a customer anymore.,Don Navatto Jr,,
2026-02-24T08:27:16.185379,ESPN,Google Play Store,2026-02-16T23:16:18,3.0,it could be a little quicker with instant game results,Christian Heredia,,
2026-02-24T08:27:16.188819,ESPN,Google Play Store,2026-02-16T23:11:09,5.0,🇺🇲,Dwayne Crumity,,
2026-02-24T08:27:16.191436,ESPN,Google Play Store,2026-02-16T21:05:09,4.0,overall great but lately its not letting me read articles or watch the videos,Hayden,,
2026-02-24T08:27:16.194298,ESPN,Google Play Store,2026-02-16T12:33:57,5.0,Best app.,Sameeranilwadekar Wadekar,,
2026-02-24T08:27:16.197300,ESPN,Google Play Store,2026-02-16T11:09:56,5.0,Great app. Always available to show all scores throughout the sports field.,Willie DeJesus,,
2026-02-24T08:27:16.200035,ESPN,Google Play Store,2026-02-16T10:58:45,3.0,Just not the same. Difficult to navigate. I could go on...,Harold Johnson,,
2026-02-24T08:27:16.202326,ESPN,Google Play Store,2026-02-16T07:53:18,1.0,App is trash. Won't load any article. Only good for checking scores.,Brian Edwards,,
2026-02-24T08:27:16.205360,ESPN,Google Play Store,2026-02-16T05:11:44,5.0,best thing going!!,Bryan Breland,,
2026-02-24T08:27:16.207834,ESPN,Google Play Store,2026-02-16T05:09:05,1.0,This app sucks! Half the time it doesn't work. I don't even want to use it. I'm using mobile web and it gets forced on me. Just let me use mobile web through my browser.,William Stuart,,
2026-02-24T08:27:16.210414,ESPN,Google Play Store,2026-02-16T03:44:29,1.0,The app has been streaming very jumpy and lagging a lot on Chromecast. Fix this.,Megan Morgan,,
2026-02-24T08:27:16.213616,ESPN,Google Play Store,2026-02-16T02:04:33,5.0,ESPN all around app!😽,Leopardini Castellanos,,
2026-02-24T08:27:16.216490,ESPN,Google Play Store,2026-02-16T00:12:14,1.0,"Currently only streams for me once. when I go back to the App later, I need to clear all data and re login for streams to work again. Just started happening recently.",Matthew Hoffmeyer,,
2026-02-24T08:27:16.220144,ESPN,Google Play Store,2026-02-15T22:20:00,1.0,all of a sudden there is no TV login with Xfinity option,Jaren Lerner,,
2026-02-24T08:27:16.829018,ESPN,Google Play Store,2026-02-15T19:12:05,5.0,keep doing a great job and God Bless,Scotty Rogers,,
2026-02-24T08:27:17.000689,ESPN,Google Play Store,2026-02-15T19:04:19,1.0,"""Woke"" programming. The staff is bad.",Joseph Laskarzewski,,
2026-02-24T08:27:17.137971,ESPN,Google Play Store,2026-02-15T16:45:25,1.0,to many adds for the amount of content you receive. HUGE WAS OF SPACE,Dan,,
2026-02-24T08:27:17.146241,ESPN,Google Play Store,2026-02-15T12:27:54,5.0,best coverage,Stephen Jacobs,,
2026-02-24T08:27:17.197297,ESPN,Google Play Store,2026-02-15T04:52:50,5.0,awesome,Bill Bonney,,
2026-02-24T08:27:17.252916,ESPN,Google Play Store,2026-02-15T00:18:50,1.0,nu werk de app helemaal niet meer niet op de telefoon of op de tablet heb het voetbal maar vanaf mijn pc gecast.,henk lourens,,
2026-02-24T08:27:17.396090,ESPN,Google Play Store,2026-02-15T00:16:30,1.0,"worst streaming quality of ANY service/app. the ONLY time there are any quality issues with a streaming service are with ESPN/Disney. if you cannot provide quality service without image/sound issues, please stop bidding to cover soccer and other sports.",adam house,,
2026-02-24T08:27:17.424899,ESPN,Google Play Store,2026-02-14T23:32:51,1.0,"how's the money coming in lol not good huh what where y'all thinking putting wwe ppv on your app, really, it's predetermined athletic entertainment it's not a sport stupid",Travis Deshotel,,
2026-02-24T08:27:17.427831,ESPN,Google Play Store,2026-02-14T20:33:29,5.0,A+,Leon Hill,,
2026-02-24T08:27:17.445030,ESPN,Google Play Store,2026-02-14T20:13:11,1.0,horrible,A Google user,,
2026-02-24T08:27:17.541640,ESPN,Google Play Store,2026-02-14T20:08:21,1.0,stop adds,Aubaid Bhat,,
2026-02-24T08:27:17.589635,ESPN,Google Play Store,2026-02-14T19:01:30,1.0,I already turned off the setting to not get news every 2 minutes from teams that are not mine. the function doesn't work you're going to get annoying notifications from every team in the world all day anyway. been an issue in this app for years across multiple phones,Jen Rodriguez,,
2026-02-24T08:27:17.610557,ESPN,Google Play Store,2026-02-14T10:50:50,1.0,"Historically has always been a terrible app at any moment in time. Dark mode in 2025 is a win, but the redesign is rough; seeing stat leaders for a game is convoluted now with different lines and font sizes. Verts are low quality media. It's essentially a gambling app and sports in general are just harder to enjoy with gambling everywhere. What responsibile parent would expose their kids to this? ESPN use to be cool, but now your the product, not sports. Stay safe, don't give your money away.",A Google user,,
2026-02-24T08:27:17.630013,ESPN,Google Play Store,2026-02-14T02:12:30,1.0,always glitching,Matt P,,
2026-02-24T08:27:17.642579,ESPN,Google Play Store,2026-02-14T00:14:47,1.0,Please STOP sending NASCAR notifications - unless we sign up for them specifically!,John Azevedo,,
2026-02-24T08:27:17.726114,ESPN,Google Play Store,2026-02-13T22:44:32,1.0,I've never experienced an app that's as buggy and ineffective as this one. for years it's the worst app I have never used.,Rand Pinson,,
2026-02-24T08:27:17.768974,ESPN,Google Play Store,2026-02-13T20:25:56,2.0,D!,Anthony Bovian,,
2026-02-24T08:27:17.787990,ESPN,Google Play Store,2026-02-13T08:39:01,1.0,The app sends me notifications but when you click on news stories the story doesn't open.,Alecia McGuire,,
2026-02-24T08:27:17.796408,ESPN,Google Play Store,2026-02-13T03:46:08,2.0,"when I tap a notification the app opens and never gets past the loading screen. it's insane to me that after not using this app for years, it still fails at arguably its main job.",Nick Bove,,
2026-02-24T08:27:17.800655,ESPN,Google Play Store,2026-02-13T03:32:21,5.0,IF YOU LOVE SPORTS LIKE I DO IT'S A MUST YOU HAVE THE ESPN APP! THE APP HAS UP 2 SECOND INFORMATION ABOUT ALL SPORTS BEING PLAYED ALL OVER ✝️ WORLD! ESPECIALLY YOUR FAV TEAMS 😍,Michael King,,
2026-02-24T08:27:17.936995,ESPN,Google Play Store,2026-02-13T03:27:38,5.0,excellent,Michaael Nightingale,,
2026-02-24T08:27:17.939862,ESPN,Google Play Store,2026-02-12T07:58:02,1.0,"ESPN+ is no way to watch a game. No one can take that much buffering. Update: sound is all over the place, can't use rewind or fast forward without it crashing. ESPN continues to hire technical idiots to run their app. I'm cancelling. Id rather not watch the game and live longer than support losers at ESPN/Disney/ABC.",SD RB Family,,
2026-02-24T08:27:17.942786,ESPN,Google Play Store,2026-02-12T07:13:20,2.0,I am paid my account. Why can't I get my account to show WARRIORS HAMES,DF GRILHO,,
2026-02-24T08:27:17.945542,ESPN,Google Play Store,2026-02-11T19:33:51,1.0,"The app was updated for Android 16 and it still doesn't fix the light theme. On Android the light theme tab bar is white but the gesture area is black. This should not be the case. The gesture area should be white, to match the tab area when using the light theme. This works fine on IOS, it should be the same. Please fix.",C. B. S,,
2026-02-24T08:27:17.948189,ESPN,Google Play Store,2026-02-11T15:36:32,5.0,it is good to look at scores and see what happens around the word with sports.,Vincent Bernard,,
2026-02-24T08:27:17.950752,ESPN,Google Play Store,2026-02-11T06:15:50,1.0,Beyond awful. Switches game mid viewing. Search function rarely returns the expected result. Bring back the Watch App. At least it worked. update. still awful.,Tracy Rowe,,
2026-02-24T08:27:17.953285,ESPN,Google Play Store,2026-02-11T05:54:09,5.0,Yes idy,Idy Udofia,,
2026-02-24T08:27:18.397223,ESPN,Apple App Store,2026-02-22T13:25:11-07:00,1.0,Too many commercials  Can’t watch any games.,Loey 123,,
2026-02-24T08:27:18.408405,ESPN,Apple App Store,2026-02-22T11:33:03-07:00,2.0,Since NCAA softball started I’ve noticed the app lags horribly. Also ESPN does not include any info on the Unrivaled basketball league or LOVB.,kiliancato,,
2026-02-24T08:27:18.413429,ESPN,Apple App Store,2026-02-22T11:13:18-07:00,5.0,I love the ways you can watch different sports on live television,Adriancoolpro,,
2026-02-24T08:27:18.429554,ESPN,Apple App Store,2026-02-22T09:51:10-07:00,1.0,Worst app in the store . Hate ESpN . Garbage .,rileyscottadams,,
2026-02-24T08:27:18.453114,ESPN,Apple App Store,2026-02-22T09:44:09-07:00,1.0,Awful user experience to access highlights and scores. Overrun with ads,Loandogs,,
2026-02-24T08:27:18.467237,ESPN,Apple App Store,2026-02-22T08:11:31-07:00,1.0,Need app🥺👎,Ask Jeeves 78,,
2026-02-24T08:27:18.471214,ESPN,Apple App Store,2026-02-22T08:06:32-07:00,1.0,"I’m logged in and have added my favorite teams, but the shelf that had those teams’ pages for easy access to scores, schedule etc has disappeared!! Please add it back!!",Heyjoeyouknow,,
2026-02-24T08:27:18.486392,ESPN,Apple App Store,2026-02-22T07:50:05-07:00,5.0,Thank you for your notifications!,Mothe Earth,,
2026-02-24T08:27:18.515233,ESPN,Apple App Store,2026-02-22T07:25:10-07:00,1.0,Bad  anchor,Mike_KingBoi,,
2026-02-24T08:27:18.522652,ESPN,Apple App Store,2026-02-22T06:44:32-07:00,1.0,"The new play by play for basketball is terrible. Way too much info and screen taken up. Way too hard to scroll down. Let’s say you want to just see the last couple mins of a game, if you try scrolling down, eventually it just stops and refreshes and takes you back to the top. The only way to get to the bottom is to take 5 mins and go very slow. So stupid. Will delete because of this “feature”.",T.S.9292,,
2026-02-24T08:27:18.527502,ESPN,Apple App Store,2026-02-22T01:14:39-07:00,1.0,"This app is garbage. Clunky, not easy to use, and it constantly is messing up. Weekly I’ll try to watch a game that’s already started and the app says the game hasn’t began yet even though it’s 5 min into the first quarter or half. And the ads. If you want to watch more ads than game on a replay, this is the app for you! Ten out of ten wouldn’t recommend.",Chasekins,,
2026-02-24T08:27:18.765473,ESPN,Apple App Store,2026-02-21T20:12:28-07:00,5.0,Yggg,Eyeshield15,,
2026-02-24T08:27:18.778980,ESPN,Apple App Store,2026-02-21T19:41:19-07:00,2.0,When checking stats or looking at the play by play features the app updates like 2 minutes later. It could be five minutes left in the game and I’m looking at the play by play and it stop at 4:20 and will not update. I have to back out the game and go back in.,muse el,,
2026-02-24T08:27:18.799519,ESPN,Apple App Store,2026-02-21T19:37:40-07:00,5.0,Get a scoreboard in the TV versions! That is all.,Kᐯᑕ,,
2026-02-24T08:27:18.856190,ESPN,Apple App Store,2026-02-21T19:30:03-07:00,5.0,Great Sports.,GG 85,,
2026-02-24T08:27:18.859163,ESPN,Apple App Store,2026-02-21T18:51:07-07:00,5.0,"News at my fingertips, it put my world in my hands and daily information in my mind.",Preacher4Life,,
2026-02-24T08:27:18.862037,ESPN,Apple App Store,2026-02-21T18:28:04-07:00,1.0,ESPN is the worst.,rev4u2,,
2026-02-24T08:27:18.880870,ESPN,Apple App Store,2026-02-21T18:13:18-07:00,1.0,"Capitalism at its finest: Taking all the money, and Putting minimal effort and revenue into the products",Fkapple100percent,,
2026-02-24T08:27:18.909638,ESPN,Apple App Store,2026-02-21T17:45:18-07:00,5.0,Why do I have to reuthenticate MULTIPLE times a day?  I pay for this subscription!,Tom cat is awesome,,
2026-02-24T08:27:19.023143,ESPN,Apple App Store,2026-02-21T16:54:46-07:00,1.0,"The old ESPN play-by-play was simple and easy to follow, and you could glance at it and instantly understand what just happened. Now the color scheme feels random and unintuitive, the boxes are oversized and blocky, and your eyes genuinely do not know where to land first. Everything competes for attention at the same time, so instead of following the game, you are trying to decode the layout. It is honestly hard to believe this version made it through design review and actually got approved.",LM789866214guy,,
2026-02-24T08:27:19.026662,ESPN,Apple App Store,2026-02-21T16:37:03-07:00,1.0,"This is app is so undeniably terrible, yet when it comes to sports viewing, there are literally no other options when they own the viewership rights, so why bother make a good product. The streams constantly freeze, say I don’t have the rights to watch them (when I do), and shutter and glitch out to the point that when you can actually watch something, the viewing is unwatchable.",nkklz,,
2026-02-24T08:27:19.034832,ESPN,Apple App Store,2026-02-21T16:22:12-07:00,1.0,"Unfortunately, the ESPN has been a frustration for years. It’s slow to load. It causes trouble with logging in to my TV provider at random times. It doesn’t seem to remember my favorite teams when displaying scores and live events and I have to search. I hope they improve it soon.",Jordan J,,
2026-02-24T08:27:19.054869,ESPN,Apple App Store,2026-02-21T16:13:01-07:00,5.0,Great app to watch games,Gonzaga jim,,
2026-02-24T08:27:19.223764,ESPN,Apple App Store,2026-02-21T15:42:58-07:00,1.0,I have paid for ESPN+ and I have YouTube tv and I still can’t watch anything. Always says not included with your plan. I don’t know how anyone stands this?,Kristi Sam,,
2026-02-24T08:27:19.264894,ESPN,Apple App Store,2026-02-21T13:58:52-07:00,1.0,Video never works. Cant favorite college baseball teams. This app is only good for football and basketball. Absolute trash,Cody738573,,
2026-02-24T08:27:19.284393,ESPN,Apple App Store,2026-02-21T12:31:08-07:00,1.0,"Never works, even though I have subscribed to every espn account imaginable. You’ll get lucky enough for it to work for half a game and then when change apps for a few minutes the app completely forgets how to function. Terrible. I have rarely had a good experience with this app. I’m surprised it has the amount of stars it does because I hear the same thing from everyone who uses it.",Nateg2306,,
2026-02-24T08:27:19.329643,ESPN,Apple App Store,2026-02-21T12:21:29-07:00,1.0,It is impossible to close and reopen without freezing. I’d they didn’t have a monopoly on the sports market then this app would get destroyed. It’s almost like it hasn’t been updated once. Your better off googling the score of your game,CYALDHE,,
2026-02-24T08:27:19.453033,ESPN,Apple App Store,2026-02-21T12:14:45-07:00,1.0,"Spent an hour trying to connect my fubo account to espn to watch an espn plus game. It sent me on the same loop for 30 minutes. When I finally figured a way out of it, and it said it connected with my fubo account, I clicked on a game and it said I had no active subscription. This isn't the first time something similar has happened but it's the first time it's made me and my friends mad enough to leave a review.",Jay Osh,,
2026-02-24T08:27:19.535917,ESPN,Apple App Store,2026-02-21T11:59:52-07:00,5.0,I like watching short videos of basketball games,kenni cat,,
2026-02-24T08:27:19.602686,ESPN,Apple App Store,2026-02-21T11:59:36-07:00,5.0,ESPN is great but they need to focus more on college baseball and let you pick your favorite team and let the scores pull up on your screen but besides that they are great and I really enjoy it,Lawcarr23,,
2026-02-24T08:27:19.609137,ESPN,Apple App Store,2026-02-21T10:38:00-07:00,1.0,"Whose idea was it to change the format? It’s horrible. Also, scores are not updated in real time. They are about 5 minutes behind.",Dukez0,,
2026-02-24T08:27:19.620548,ESPN,Apple App Store,2026-02-21T10:17:34-07:00,1.0,Very bad app for a billion dollar company that is taking $20 from me every month.,Oneal27481863,,
2026-02-24T08:27:19.690217,ESPN,Apple App Store,2026-02-21T09:28:49-07:00,5.0,Lo mejor de lo mejor en transmisiones,Gerardo(10)-,,
2026-02-24T08:27:19.694191,ESPN,Apple App Store,2026-02-21T09:27:19-07:00,1.0,Horrible feedback when trying to watch espn+ with current subscription,MarissaRw,,
2026-02-24T08:27:19.701935,ESPN,Apple App Store,2026-02-21T09:12:26-07:00,3.0,This app provides great content but the user experience isn’t what it could be because selection of anything is laggy. Try turing on notifications for game start times and see for yourself.,_mxfan,,
2026-02-24T08:27:19.834030,ESPN,Apple App Store,2026-02-21T08:42:35-07:00,1.0,"Great app, but the issue is mostly all the content is racist and misogynistic and mentally deranged; thank you Disney.",JustinAnfuso,,
2026-02-24T08:27:19.859010,ESPN,Apple App Store,2026-02-21T08:19:53-07:00,5.0,Lo mejor,lislique,,
2026-02-24T08:27:20.073513,ESPN,Apple App Store,2026-02-21T08:16:53-07:00,1.0,I pay for ESPN+ and I can’t watch anything in the app. When I click on live videos nothing happens. I have the same issue on my fire stick. Paid for a whole year and haven’t been able to watch anything. Absolute scam of a product.,ceeejus,,
2026-02-24T08:27:20.117665,ESPN,Apple App Store,2026-02-21T08:16:22-07:00,1.0,"I’ve used this app for years and years, but over the last few months  basically every day the app will crash and i have to close out the app and start over. It’s honestly starting to become unusable and if it’s not fixed soon I will be switching to another app.",Ksiebs,,
2026-02-24T08:27:20.163539,ESPN,Apple App Store,2026-02-21T07:31:46-07:00,1.0,"Opens when I don’t want it to. Opens screens I didn’t request. Basic stuff. Fix your UX to match user intent, not forced KPI achievement.",Obi-Wan Lebowski,,
2026-02-24T08:27:20.181414,ESPN,Apple App Store,2026-02-21T06:54:00-07:00,4.0,Why has the ESPN app removed the team scoring-by-quarter stat from their NBA coverage? It's ones of the most traditional stats about a game.,RoodooT,,
2026-02-24T08:27:20.200301,ESPN,Apple App Store,2026-02-21T04:23:22-07:00,5.0,All my sports needs when I can’t stay up to watch all of a game you can check the scores of all the games I check ESPN,Christopher.    567,,
2026-02-24T08:27:20.206339,ESPN,Apple App Store,2026-02-21T04:17:36-07:00,1.0,I’m very surprised no one has ever filed a class action lawsuit suit against espn.  The auto play settings cannot be controlled in the settings preferences and as a result always auto plays next video.  Videos I do not want to watch.   This no doubt is a revenue setting for espn.    In this day and age of technology control it stinks of fraud.,Gracskiii,,
2026-02-24T08:27:20.408274,ESPN,Apple App Store,2026-02-20T21:39:56-07:00,1.0,Very slow needs improvement !!!,BR968,,
2026-02-24T08:27:20.564956,ESPN,Apple App Store,2026-02-20T17:58:11-07:00,1.0,I pay for a service that gets me not one thing to watch but clips. Not worth it.  How do I cancel?,Now this is bs,,
2026-02-24T08:27:20.569866,ESPN,Apple App Store,2026-02-20T17:53:48-07:00,2.0,"When you watch a live game, the graphics are so slow on telling you what’s going on from when the scoreboard changes",forcucci23,,
2026-02-24T08:27:20.575226,ESPN,Apple App Store,2026-02-20T16:42:59-07:00,1.0,"For the love of anything decent, please make it where we can like or favorite college baseball/softball team. It’s 2026. Do better.",Drakescout,,
2026-02-24T08:27:20.577784,ESPN,Apple App Store,2026-02-20T16:23:28-07:00,1.0,It is slow and crashes all the time.,Doug Dimmadome 67,,
2026-02-24T08:27:20.585859,ESPN,Apple App Store,2026-02-20T16:12:47-07:00,3.0,Play by play is terrible and annoying!,Bootycheeks(.)(.),,
2026-02-24T08:27:20.639186,ESPN,Apple App Store,2026-02-20T16:08:06-07:00,1.0,App requires constant relogs and sometimes deleting before reinstalling. Hard to believe I pay for something that works so poorly.,Hox27,,
2026-02-24T08:27:20.646813,ESPN,Apple App Store,2026-02-20T16:00:31-07:00,5.0,I love this app but I can’t watch all of the games and sports I would like to watch even with the espn subscription,Gatorguy709,,
2026-02-24T08:27:20.649915,ESPN,Apple App Store,2026-02-20T15:49:48-07:00,1.0,Garbage…. Your account management in app is worthless.  You have no problem taking my money every month but your customer service is ****.,Mezman 17,,
2026-02-24T08:27:20.702010,ESPN,Apple App Store,2026-02-20T15:30:54-07:00,1.0,Why does it let me view it for about a minute before crashing out?,Cowboymdr,,
2026-02-24T08:27:20.893070,ESPN,Apple App Store,2026-02-20T15:25:10-07:00,5.0,This is so W they show you the score of any game and they know you favorite teams you have to try it!!!!!!!,W 👍🏻,,
2026-02-24T08:27:20.936382,ESPN,Apple App Store,2026-02-20T10:07:24-07:00,5.0,Easy website to use and get to see my Granddaughter’s play College softball!,Yorba Linda Lady!,,
2026-02-24T08:27:20.949622,ESPN,Apple App Store,2026-02-20T06:37:10-07:00,1.0,"Literally the worse and most disgusting feature on this app now, ruined it in one update",spaghettimonster4545,,
2026-02-24T08:27:20.953900,ESPN,Apple App Store,2026-02-20T03:57:09-07:00,3.0,Why does it a thousand years for the standings page to load. I’ve had this app for 5 years and it has never worked🙄,mowerss,,
2026-02-24T08:27:20.965247,ESPN,Apple App Store,2026-02-19T21:39:19-07:00,2.0,"Why keep updating the UX/UI without making any meaningful improvements to the user experience?! Some of the new UI has been pretty cool, but it hasn’t fixed any underlying UX issues. In fact, they’ve mostly been negative. For instance, in 2025 the change to the box score for NBA made it harder to see how many points were scored by a player. That was fortunately rolled back, but in 2026 the UI has been updated again but no UX issues have been addressed. Stop moving my cheese just for the sake of moving it! How about fixing the issue where the score updates before you list the play in the gamecast! Do you think any sports fan would ever watch a game and want to know a touchdown was scored before seeing the play?! Get to know your freaking users!",Dillfunk,,
2026-02-24T08:27:20.973946,ESPN,Apple App Store,2026-02-19T21:06:29-07:00,1.0,No longer give sports lines. Don’t like that.,bgsbrad,,
2026-02-24T08:27:20.978041,ESPN,Apple App Store,2026-02-19T20:57:34-07:00,5.0,She was great!!,Ldtzn,,
2026-02-24T08:27:20.984923,ESPN,Apple App Store,2026-02-19T18:52:28-07:00,1.0,"Absolutely hate the new update, I always watch live NBA and it is just terrible now",Vee27993,,
2026-02-24T08:27:21.135499,ESPN,Apple App Store,2026-02-19T18:47:26-07:00,1.0,"Disney makes way too much money to not have an app that is a smooth experience. Constant freezing, video isnt good quality, commercials longer than videos being pushed",Chuckkkkkkkkk m,,
2026-02-24T08:27:21.145744,ESPN,Apple App Store,2026-02-19T18:22:19-07:00,1.0,"Feed is a mess, never shows you the content you care about at the top. 30 second ads before every single highlight video every single time. App crashes if I have it open for more than 3 minutes. Makes streaming anything impossible. Such a joke! ESPN sucks!",Preston_Bland1,,
2026-02-24T08:27:21.212530,ESPN,Apple App Store,2026-02-19T15:49:10-07:00,1.0,Stop talking about color. Talk about the games and shove your platform up your racist asses,boilermakin,,
2026-02-24T08:27:21.257635,ESPN,Apple App Store,2026-02-19T14:49:15-07:00,1.0,I pay for espn plus because it says Spieth is featured..twice now and he is not featured!,No spieth,,
2026-02-24T08:27:21.261448,ESPN,Apple App Store,2026-02-19T13:56:35-07:00,5.0,Muy bien,Jesús nene,,
2026-02-24T08:27:21.270125,ESPN,Apple App Store,2026-02-19T13:37:05-07:00,3.0,The app is fine but adjusting font size should either be made available or the feature should be made more obvious. I end up on the website more often than not so I can zoom in when I read,Mustar11,,
2026-02-24T08:27:21.272877,ESPN,Apple App Store,2026-02-19T12:59:56-07:00,1.0,Will remove,Wendyele,,
2026-02-24T08:27:21.276106,ESPN,Apple App Store,2026-02-19T12:35:53-07:00,5.0,No adds and I get all the sports content whenever,TOE EATER 67,,
2026-02-24T08:27:21.314132,ESPN,Apple App Store,2026-02-19T12:21:23-07:00,2.0,I’ve had this app for years and it’s never had issues. But recently over the last few years it has become more unstable and commonly crashes. It’s so bad now that I can’t use it anymore because it will crash within 2 minutes of use. I just don’t know how it’s gotten this bad.,quarentine blows,,
2026-02-24T08:27:21.319243,ESPN,Apple App Store,2026-02-19T10:10:08-07:00,2.0,App crashes non stop. Impossible to even look up stats from a game or watch live events THAT YOU PAY FOR 🙄,Shameless viewer,,
2026-02-24T08:27:21.323301,ESPN,Apple App Store,2026-02-19T09:35:27-07:00,1.0,This has to be the worst sports app there is. Can’t scroll to see what games are on because it glitches everytime. Gets schedule days wrong too. How is this possible for a company like espn. Never redownloading,MosesOses,,
2026-02-24T08:27:21.381618,ESPN,Apple App Store,2026-02-19T08:09:34-07:00,1.0,Subscribed content won’t play,Dan Dotson.,,
2026-02-24T08:27:21.388979,ESPN,Apple App Store,2026-02-19T06:29:34-07:00,2.0,The app is ridiculous.  Too bogged down and slow.,Dave (LJCF),,
2026-02-24T08:27:21.408968,ESPN,Apple App Store,2026-02-18T19:05:35-07:00,1.0,"In past week, something happened and app is killing my iPad battery with background use. Please fix.",Gaymer321,,
2026-02-24T08:27:21.438621,ESPN,Apple App Store,2026-02-18T19:00:06-07:00,3.0,He’s horrible,Marco Camero,,
2026-02-24T08:27:21.443142,ESPN,Apple App Store,2026-02-18T18:15:54-07:00,1.0,"Horrible app, there’s more bugs and freeze issues than there are usable features… ESPN would be the worst network if it wasn’t for McAfee",Common sense123$,,
2026-02-24T08:27:21.451422,ESPN,Apple App Store,2026-02-18T16:44:04-07:00,1.0,App doesn’t work until you delete and reinstall every time you use it.,HECUBUSQ,,
2026-02-24T08:27:21.472615,ESPN,Apple App Store,2026-02-18T15:38:24-07:00,5.0,Previous post was removed by me - update below   Update - Developer responded and I have changed my rating. I did notice a couple months back the app was working and I had no issues. I think UVerse TV was finally set up by ESPN to work with the new streaming app. Thank You very much !,PanthersFan45,,
2026-02-24T08:27:21.516577,ESPN,Apple App Store,2026-02-18T12:54:56-07:00,1.0,"For YEARS, somehow ESPN fails over and over at getting video performance right. From highlights to talk shows to the new “verts” they cannot get video to simply play.  The videos continue to fail to launch, freeze the app, and launch into random other videos. The circle of death equivalent is basically all you can expect. You cant even get them to smoothly play their ads.  This is over years. Its not an update issue, internet speed, device glitch etc. its the ESPN standard and its sub par.",What the frock,,
2026-02-24T08:27:21.555719,ESPN,Apple App Store,2026-02-18T12:45:38-07:00,4.0,Good site for college basketball except for your anti Illinois bias. Articles are only written if they play one of your site favorites.,Strodester,,
2026-02-24T08:27:21.559974,ESPN,Apple App Store,2026-02-18T12:43:50-07:00,1.0,"App pause often, we have to close it and wait",Sporter810,,
2026-02-24T08:27:21.562827,ESPN,Apple App Store,2026-02-18T12:13:14-07:00,1.0,"The app is really good, but it crashes atleast 6 times during the game that I’m watching, and when I get off and restart the app it doesn’t want to play the game I was just watching. It only happens on the mobile app but the tv app works good 85% of the time, and I love it when it is working.",mullins1500,,
2026-02-24T08:27:21.572191,ESPN,Apple App Store,2026-02-18T04:53:14-07:00,1.0,"Constantly having issues with the app crashing, has been going on for awhile now and it’s the only app on my phone that does it. Anytime I open an article to read it crashes. Anytime I on the app for more than a minute it crashes, very annoying.",FUEA17,,
2026-02-24T08:27:21.576857,ESPN,Apple App Store,2026-02-17T22:43:32-07:00,1.0,The app continuously crashes annoyingly each time it is launched and used for a few seconds.,Emmzy010927,,
2026-02-24T08:27:21.579796,ESPN,Apple App Store,2026-02-17T20:36:25-07:00,1.0,"If I can’t stream the big game on my 55” TV, then the app is garbage and a complete waste of time!",bigcountrypapa2019,,
2026-02-24T08:27:21.583119,ESPN,Apple App Store,2026-02-17T18:52:13-07:00,1.0,"App constantly crashes when trying to read articles. I’ve uninstalled and reinstalled, nothing fixes it. My phone software is fully up to date.  Absolutely aggravating!! The app is completely unusable.",TechnoYosi,,
2026-02-24T08:27:21.586764,ESPN,Apple App Store,2026-02-17T18:41:03-07:00,2.0,Every time I use the ESPN app my iphone starts to overheat. It does this even without live-streaming games and no other app does this.,NoThanks000,,
2026-02-24T08:27:21.589172,ESPN,Apple App Store,2026-02-17T17:14:47-07:00,5.0,Best networks,junnbug2slug,,
2026-02-24T08:27:21.592001,ESPN,Apple App Store,2026-02-17T17:01:42-07:00,1.0,"I got the app and paid for a subscription to watch hoops, not jump through hoops to get the app to work.  Still not working and asking me to sign into my TV provider to watch, and still won’t work.  I have a paid subscription through my tv provider and you want me to pay a separate fee here too.  Not recommended",1209@129,,
2026-02-24T08:27:21.595031,ESPN,Apple App Store,2026-02-17T16:54:34-07:00,3.0,Crashes all the time when trying to read basic articles,Gk806,,
2026-02-24T08:27:21.598902,ESPN,Apple App Store,2026-02-17T16:30:58-07:00,5.0,ESPN is amazing!!! It is like TikTok but with sports!!! I will definitely be using ESPN everyday!!!🥎⚾️🏈⚽️🏀🏐🎾,ESPN REVIEW!!,,
2026-02-24T08:27:21.626422,ESPN,Apple App Store,2026-02-17T16:24:09-07:00,1.0,Ever since espn rolled out their new and improved app it’s been atrocious. I think they spent more on budget to market it than to build it. The app is way too heavy which results in it taking ages to load. Being on wifi or 5G doesn’t make a difference.,rjpletsch23,,
2026-02-24T08:27:21.635065,ESPN,Apple App Store,2026-02-17T16:22:27-07:00,4.0,Include the option to actually access college hockey teams and their stats and rosters if you’re going to show they’re even playing. Pretty weird and lol,Huntthewump,,
2026-02-24T08:27:21.638473,ESPN,Apple App Store,2026-02-17T15:51:16-07:00,5.0,"Great App!  Love the games you carry, including Troy University.",MID204,,
2026-02-24T08:27:21.641322,ESPN,Apple App Store,2026-02-17T15:49:23-07:00,1.0,I can no longer watch streaming after update. I have Disney + and cox cable and I can no longer stream the Gator basketball,gaturgirl,,
2026-02-24T08:27:21.643464,ESPN,Apple App Store,2026-02-17T15:34:01-07:00,1.0,ESPN is a straight up scam. You buy the plus package and still only can watch most games if you have cable or some other provider!?!? Like what’s the point of paying for your subscription if I can’t even watch 75% of stuff on your app. It’s ridiculous save your money go stream online til these companies stop being so greedy.,Jaydoe762,,
2026-02-24T08:27:21.649132,ESPN,Apple App Store,2026-02-17T14:59:35-07:00,5.0,"The absolute best way to watch all college sports everyday,",CaptainGator,,
2026-02-24T08:27:21.665660,ESPN,Apple App Store,2026-02-17T14:21:46-07:00,5.0,espn is the best sports app,roshaun monk,,
2026-02-24T08:27:21.687197,ESPN,Apple App Store,2026-02-17T13:26:29-07:00,1.0,Have to re-authenticate every single day. What a joke. Please do better.,SCG11,,
2026-02-24T08:27:23.383741,Eurosport,Trustpilot,2026-02-01T09:30:28.000Z,1.0,Regarder la finale de l’open tennis Melbourne SANS  les commentaires de Justin Henin ? C’est possible  ! Si si ! TNT sports 1 (UK) ou Eurosport 1 ( DE) …. De rien,Eric Kohlmuller,,
2026-02-24T08:27:23.492897,Eurosport,Trustpilot,2025-09-01T15:23:25.000Z,1.0,If he’ll take from a child🤫🫠 he’ll take from you,Adam Whaley,,
2026-02-24T08:27:23.501792,Eurosport,Trustpilot,2025-01-18T13:58:08.000Z,1.0,"Iam sitting here trying to watch the Australian open tennis on eurosport and the channel continuesly freezes on screen , also we never know what is going to be on the TV , is it all just guessing?  Halfway through a tennis match they decided to switch it off and put on skiing,  what an utt3r waste of time,  they are complete incompetents, and we have to pay for their rubbish,  ii bet they don't reply to this",george mylett,,
2026-02-24T08:27:23.521371,Eurosport,Trustpilot,2024-08-02T22:08:28.000Z,1.0,Eurosport=eurobeauf,Catherine Struyf,,
2026-02-24T08:27:23.524499,Eurosport,Trustpilot,2024-01-21T10:07:50.000Z,1.0,Le programme ne correspond pas au direct.,falao falao,,
2026-02-24T08:27:23.530279,Eurosport,Trustpilot,2022-09-24T01:25:41.000Z,1.0,I paid to watch Roger Federer’s last ever match with friends. We were really enjoying the whole occasion when Eurosport cut out. It was in the dying minutes of set 2 so we have no idea if Federer and Nadal won or if it went to a tie break. As a historic match and being a special Friday night for all concerned this is completely rubbish and inexcusable. Tried to log back in multiple times but with no luck. Absolutely rubbish way to watch live sport.,Lasa,2022-09-27T13:08:21.516Z,"Hello Lasa, thanks for reaching out! We appreciate you sharing your feedback with us and we assure you that it will be shared with the relevant department. I wish you a great day."
2026-02-24T08:27:23.537401,Eurosport,Trustpilot,2020-10-07T14:49:46.000Z,3.0,D'accord avec Jean-Michel Delicourt au sujet d'eurosports players impossible de faire de pause ou en arrière.,ROGER CHEVALLIER,,
2026-02-24T08:27:23.565683,Eurosport,Trustpilot,2020-07-21T18:47:09.000Z,1.0,je regarde le snooker en direct sur eurosport 1Dites au commentateur de se taireRas le bol de ce monsieur,Odile Valour,,
2026-02-24T08:27:27.129537,Eurosport,Google Play Store,2026-02-16T17:14:34,1.0,"it's the rugby 6th Nations tournament now.. And not one word (or if there is any, well done in hiding them so well!!). Maybe because GB sucks right now and the Frogs are so good?!?🤣🤣🤣🤢🤢🤢",Eric Magal Richards,2024-07-08T12:26:55,"Hi Charlie, thank you for your feedback! We will pass this to our technical team. ~ Eurosport Customer Support"
2026-02-24T08:27:27.196319,Eurosport,Google Play Store,2026-02-04T14:39:44,3.0,Advertisement panel is too sensitive for A faint touch.,Boon Keat Yee,,
2026-02-24T08:27:27.341097,Eurosport,Google Play Store,2026-02-02T00:04:06,3.0,"UPDATE: 01/02/26: Still no update of outdated ATP players in notification settings. Is this app section abandoned? UPDATE: 01/03/26: No, I won't contact you in other channel. It's your task to continue. UPDATE: 01/01/26: Ridiculously high number of ads. ORIGINAL: Could you please update the list of mainstream tennis players I can set a notification to. Also there are many retired ones that are still there.",László Bővíz,,
2026-02-24T08:27:27.350031,Eurosport,Google Play Store,2026-01-28T23:30:25,1.0,forceful update policy,Niko Saryah,2026-01-29T00:12:54,"Hi there Niko, thank you for taking the time to leave a review, we always appreciate feedback regarding our app. We'll pass your comments to our team to help us improve future customer experience. Kind regards, discovery+ Customer Support"
2026-02-24T08:27:27.404269,Eurosport,Google Play Store,2025-12-21T16:38:39,1.0,Huge bug for about a week. Results section doesn't show any match. Fix it asap!,Dean Brock,2025-12-21T16:55:47,Thank you for your review. We always appreciate feedback on our platform so we can offer a better streaming experience in the future. Thank you from Eurosports.
2026-02-24T08:27:27.541855,Eurosport,Google Play Store,2025-12-20T09:04:31,1.0,"It can't show Results for reasons best known to you. Says no sporting events, like really?? Disappointed",nb nkiwane,2025-02-13T14:47:07,"Hi there, thank you for taking the time to leave a review, and sorry to hear you're having issues with our app. We'll pass your comments to our team to help us improve future content for customers. If you need assistance, please call on 0800 066 5855 or email us at support@discoveryplus.co.uk. Kind regards, Eurosport Customer Support."
2026-02-24T08:27:27.590664,Eurosport,Google Play Store,2025-12-05T17:27:05,4.0,still Not updated on time,Rabih Youness,2020-02-29T22:20:13,"Thank you for your feedback, we will take a look at this."
2026-02-24T08:27:27.605469,Eurosport,Google Play Store,2025-11-27T10:08:06,3.0,The Ads completely ruin the app. Constantly clicking on ads when scrolling. Please fix!,Ballyb,2025-11-27T13:49:29,"Hi there, thank you for taking the time to leave a review, we always appreciate feedback regarding our app. All our subscription plans have adverts: this enables us to offer the best content at the best value. We'll pass your comments to our team to help us improve future customer experience. Kind regards, discovery+ Customer Support"
2026-02-24T08:27:27.657122,Eurosport,Google Play Store,2025-11-22T19:10:29,1.0,antara app yang paling banyak bug. update la banyak mana pun tetap ada bug,Fathull Hussein,,
2026-02-24T08:27:27.684546,Eurosport,Google Play Store,2025-11-16T23:33:07,1.0,Les vidéos qui s'incrustent dans l'écran à chaque fois qu'on ouvre un article et qu'on scroll vers le bas sont juste insupportables. Si cela ne change pas je désinstallerais l'application.,Stan,2019-12-28T14:44:54,Merci Stanislas d'avoir pris le temps de noter notre application et de nous remonter tous ces problèmes. Je suis vraiment désolé pour ces désagréments. Vous pouvez nous contacter en allant sur: https://help.eurosport.com/hc/fr ou via Twitter ou Facebook si le problème persiste et nous nous ferons un plaisir de vous aider.CK
2026-02-24T08:27:27.687559,Eurosport,Google Play Store,2025-11-15T14:38:17,1.0,"I like the app itself, but the privacy is awful. Trying to set up minimal data sharing, but over 70 eurosport partners would need access to my data just for security & fixes ?",Marcel Sao Paulo,2025-11-15T21:14:06,"Good Evening Marcel, thanks for taking the time to leave a review, we always appreciate feedback regarding our app. We will pass your comments to our team to help us improve future content for our customers. If you need assistance, please contact us at https://support.discoveryplus.com/gb/Home/Index. discovery+ Customer Support."
2026-02-24T08:27:27.694298,Eurosport,Google Play Store,2025-11-02T11:07:17,1.0,There's an issue with the results screen. It shows yesterday's results on today's date.,bulareanu gheorghe aurelian,2025-11-03T13:42:09,"Hi there, thank you for taking the time to leave a review, we always appreciate feedback regarding our app. We'll pass your comments to our team to help us improve future customer experience. f you need assistance, please email us at support@discoveryplus.co.uk. Kind regards, discovery+ Customer Support"
2026-02-24T08:27:27.699849,Eurosport,Google Play Store,2025-10-28T11:29:11,5.0,Great all round coverage of various sports. However it's the winter sports coverage why I really subscribe to Eurosport every year for approximately 6 months.,Wayne Dodwell,,
2026-02-24T08:27:27.746152,Eurosport,Google Play Store,2025-10-26T04:50:18,3.0,"as asia, video region lock",Noor Azhar,2025-10-26T22:10:59,"Good Evening Noor, thanks for taking the time to leave a review, we always appreciate feedback regarding our app. We will pass your comments to our team to help us improve future content for our customers. If you need assistance, please contact us at https://support.discoveryplus.com/gb/Home/Index. discovery+ Customer Support."
2026-02-24T08:27:27.773570,Eurosport,Google Play Store,2025-10-19T12:23:34,4.0,Keeps you up to date on what is happening in the world of sport.,Philip M Lee,,
2026-02-24T08:27:27.777256,Eurosport,Google Play Store,2025-10-14T09:46:19,2.0,"It has been a while since all results displayed are 1 day behind.... It's annoying. If I want to check today's games, I have to check the next day's date and not all games are displayed....",Patrick Ramman,2025-10-14T13:27:21,"Hi Patrick, thank you for taking the time to leave a review, we always appreciate feedback regarding our app. We'll pass your comments to our team to help us improve future customer experience. If you need assistance, please email us at support@discoveryplus.co.uk. Kind regards, discovery+ Customer Support"
2026-02-24T08:27:27.789715,Eurosport,Google Play Store,2025-10-10T09:33:12,4.0,"cela fait quelques semaines que dans les résultats, la liste des évènements du jour est celle du jour d'avant, et pour voir ceux du jour, on doit regarder le jour d'après. ce n'était pas le cas avant et c'est assez dérangeant",Sébastien Gygli,,
2026-02-24T08:27:27.806154,Eurosport,Google Play Store,2025-09-30T08:03:01,5.0,great,JOHN BENJAMIN,,
2026-02-24T08:27:27.809790,Eurosport,Google Play Store,2025-09-29T22:08:24,2.0,are you going to fix the issue with today's games being displayed in tomorrow's games? then we cannot see tomorrow's game in the main event tab...,Xavier G,,
2026-02-24T08:27:27.815000,Eurosport,Google Play Store,2025-09-21T22:14:58,1.0,In the results section a very large number of events are missing. Today's ongoing matches are shown under tomorrow's date. This has been happening since many days but hasn't been corrected. Day by day the app experience is deteriorating rather than improving,ajit janagond,2025-09-21T23:39:22,"Good Evening Ajit, thanks for taking the time to leave a review, we always appreciate feedback regarding our app. We will pass your comments to our team to help us improve future content for our customers. If you need assistance, please contact us at https://support.discoveryplus.com/gb/Home/Index. discovery+ Customer Support."
2026-02-24T08:27:27.828083,Eurosport,Google Play Store,2025-09-15T17:42:30,5.0,"hello when i press the results buttom all events and scores appear one day late i.e. showing in the day after the event itself (eg the liverpool game is showing today monday sep 15 instead of sun 14, with the result already mentioned (0-1) does this issue come from your side or do i need to make some settings adjustments on my phone app ?",Bassam Daoun,2021-01-18T15:59:16,"Hi Bassam, I am really sorry to hear that you are not able to reset your password. We would be more than happy to help you further with this. Please contact us via Chat or E-mail under: https://cutt.ly/hjbfLx9 or tag us @EurosportCare on Facebook or Twitter. KT"
2026-02-24T08:27:27.842781,Eurosport,Google Play Store,2025-09-10T14:53:03,1.0,"Such a big disgrace for Europe. For Country Region I selected ""Cyprus"" and the language changes to Turkish instead of Greece!!! It seems that Europe's official sport channel is either missing Geography or History or Dignity lessons. Turkey invaded Cyprus in 1974 and still holds illegal territory, now Turkey is invading Europe... Is this a corrupted application or a corrupted system ?",Petros Violaris,2025-09-11T14:54:03,"Hi Petros, thank you for taking the time to leave a review, we always appreciate feedback regarding our app. We're sorry about the region/language issue and will pass your comments to our team to help us improve future customer experience. If you need assistance, please email support@discoveryplus.co.uk. Kind regards, discovery+ Customer Support"
2026-02-24T08:27:27.880584,Eurosport,Google Play Store,2025-08-30T16:44:47,1.0,"follow last update, it's totally messed. result section missing events even main like Vuelta or F1, ""today"" selection represent yesterday games results. many other issues and misalignment in application.",Igal Amiton,2025-08-31T15:58:47,"Good Afternoon Igal, thanks for taking the time to leave a review, we always appreciate feedback regarding our app. We will pass your comments to our team to help us improve future content for our customers. If you need assistance, please contact us at https://support.discoveryplus.com/gb/Home/Index. discovery+ Customer Support."
2026-02-24T08:27:27.962583,Eurosport,Google Play Store,2025-08-24T21:32:32,1.0,Please don't download this app..the worst App and doesn't work at all...realy fed up with this app...pls don't download..my advice dont,wilsonrajan wilson,,
2026-02-24T08:27:27.966541,Eurosport,Google Play Store,2025-08-15T20:37:23,5.0,"Easy to use,accurate ,perfect!",Γιώργος Μαυρογιαννακης Ν.,,
2026-02-24T08:27:27.978049,Eurosport,Google Play Store,2025-08-11T14:44:45,1.0,pubblicità invasiva,Claudio Semenzato,2025-08-11T15:27:47,"Buongiorno Claudio, Per garantire un'assistenza rapida e personalizzata la invitiamo a contattare il nostro team di assistenza clienti via email.  Puó inviarci una dettagliata email a: 📧 help-it@eurosport.com  Il nostro team è pronto ad ascoltarla e a rispondere a tutte le sue domande riguardo alla pubblicità. - Eurosport Support"
2026-02-24T08:27:28.243361,Eurosport,Google Play Store,2025-07-22T17:06:04,5.0,very much interested,Ajala Abbey kalio,,
2026-02-24T08:27:28.278775,Eurosport,Google Play Store,2025-07-05T09:15:06,5.0,great app for international sports events,Michael Jankelowitz,,
2026-02-24T08:27:28.286507,Eurosport,Google Play Store,2025-06-18T12:55:48,3.0,"The app itself is designed properly, I used to be updated on the main competitions of sports I like. One big problem is: some sports, like rugby, which is my favourite, are not updated in terms of competitions and games, for instance: the whole British and Irish lions tour is not present on the app, despite being an extremely important event for international rugby.",Giovanni Magnani,,
2026-02-24T08:27:28.291944,Eurosport,Google Play Store,2025-06-16T23:54:44,1.0,"nothing works, cancer capitalism stage",Sisi Dodo,,
2026-02-24T08:27:28.304621,Eurosport,Google Play Store,2025-05-31T18:28:17,1.0,can't even watch the FREE TV stuff anymore without paying... the greed knows no end,Matthias Seidel,2025-05-31T23:08:53,"Good Evening Matthias, thanks for taking the time to leave a review, we always appreciate feedback regarding our app. We will pass your comments to our team to help us improve future content for our customers. If you need assistance, please contact us at https://support.discoveryplus.com/gb/Home/Index. discovery+ Customer Support."
2026-02-24T08:27:28.589955,Eurosport,Google Play Store,2025-03-06T18:57:24,5.0,rip Eurosport,Zac Fearn,,
2026-02-24T08:27:28.600881,Eurosport,Google Play Store,2025-03-05T16:41:12,1.0,Since tnt took over its terrible.,Emmanuel Hedin,2025-03-05T19:16:21,"Good Afternoon, thanks for taking the time to leave a review, we always appreciate feedback regarding our app. We will pass your comments to our team to help us improve future content for our customers. If you need assistance, please contact us at https://support.discoveryplus.com/gb/Home/Index. discovery+ Customer Support."
2026-02-24T08:27:28.610276,Eurosport,Google Play Store,2025-03-04T22:59:51,5.0,Good,Amit Patel,,
2026-02-24T08:27:28.887794,Eurosport,Google Play Store,2025-03-02T02:21:34,1.0,"since Eurosport is stremead by Max, even is localized in my country, the commentary is not availble for a sort of sports ... 1 star",Iohann Fustasu,2025-03-02T15:30:03,"Good Morning, thanks for taking the time to leave a review, we always appreciate feedback regarding our app. We will pass your comments to our team to help us improve future content for our customers. If you need assistance, please contact us at https://support.discoveryplus.com/gb/Home/Index. discovery+ Customer Support."
2026-02-24T08:27:28.895958,Eurosport,Google Play Store,2025-02-26T12:16:29,1.0,why is there tnt sports app not on the playstore app in Ireland if it's replacement for this app and is this app closing down the same as your tv stations on Friday 28th February,terry mcloughlin,2020-10-16T15:35:17,"Hi Terry, we thank you for your feedback and would very much like the opportunity to work with you directly to address the issues described. If you would like to you can write to us via https://help.eurosport.com/hc/uk and we will reply promptly. TG"
2026-02-24T08:27:28.902234,Eurosport,Google Play Store,2025-02-18T22:48:09,5.0,Super and help me alot as a sports personality,OGEMA BILLY,,
2026-02-24T08:27:29.023934,Eurosport,Google Play Store,2025-02-03T02:45:57,5.0,Excellent,William Comerford,,
2026-02-24T08:27:29.026364,Eurosport,Google Play Store,2025-02-02T03:09:24,3.0,Great app however a slight issue is most videos are not available in my country (SA),Thanduxolo Fata,2025-02-02T15:53:45,"Hi, thank you for contacting us. Please PM us so we can have a look at your account and investigate of why you would not have access to the content. Thanks"
2026-02-24T08:27:29.029305,Eurosport,Google Play Store,2025-01-31T14:07:59,1.0,I'm not getting good update,Samson Ememeh,2025-01-31T14:55:39,"Hi Samson, thanks for reaching out and providing your feedback. I understand you may need some assistance regarding updates. In order for us to best assist you, please could you send us a DM via https://support.discoveryplus.com/gb/Home/Index and select 'Engage With Us' and we'll be happy to help. Thanks. -Eurosport Customer Support"
2026-02-24T08:27:29.032866,Eurosport,Google Play Store,2025-01-31T12:35:26,4.0,A little bit choppy when scrolling and loading the feed and it's in dire need for a dark mode .,Victor D,,
2026-02-24T08:27:29.068030,Eurosport,Google Play Store,2025-01-28T05:48:40,1.0,"The app got worse. Used to be my favorite app. I tried to contact them about fixing some stuff and no result. Edit: After me compaining about the issues, they sent me a few updates, after last one it just crashes all the time now. Terrible!",Pavlo Voytsekhovskyy,2025-01-21T13:36:20,"Hi there, thanks for your feedback. I understand you are experiencing some issues you wish to be fixed. Please could you send us a DM via https://support.discoveryplus.com/gb/Home/Index and select 'Engage With Us' and we'll be happy to see if we can assist you further. -Eurosport Customer Support"
2026-02-24T08:27:29.070612,Eurosport,Google Play Store,2025-01-27T12:25:52,1.0,non stop crashes over the last few weeks,Etienne Leconte,2025-01-27T14:51:53,"Hi Etienne, thank you for taking the time to leave a review, we always appreciate feedback regarding our app. We're sorry our stream is crashing: if you need assistance, please email us at support@discoveryplus.co.uk. We'll pass your comments to our team to help us improve future customer experience. Kind regards, discovery+ Customer Support"
2026-02-24T08:27:29.206920,Eurosport,Google Play Store,2025-01-22T23:17:47,5.0,great app for sport results,Alberto Gallo,,
2026-02-24T08:27:29.211001,Eurosport,Google Play Store,2025-01-18T19:03:13,1.0,Crappiest app ever. They are so focused on their ads that's opening the articles crash the app so often even android warned me to remove it!!!,William Dupre,,
2026-02-24T08:27:29.520243,Eurosport,Google Play Store,2025-01-16T13:12:37,1.0,Badminton is not there,harshit goyal,2025-01-16T16:24:41,"Hi Harshit, thank you for taking the time to leave a review. We'll pass your comments to our team to help us improve future content for customers. If you need assistance, please call on 0800 066 5855 or email us at support@discoveryplus.co.uk. Kind regards, discovery+ Customer Support."
2026-02-24T08:27:29.560795,Eurosport,Google Play Store,2025-01-10T09:13:13,1.0,Full of old news 😁 It cannot give you latest news 😞🗞️ All football and One football apps are better 😁 copy from them,Tick Chong,2025-01-10T13:26:00,"Hi there, thank you for taking the time to leave a review, we always appreciate feedback regarding our app. We're sorry you're disappointed with the app: we'll pass your comments to our team to help us improve future content for customers. Kind regards, discovery+ Customer Support"
2026-02-24T08:27:29.571566,Eurosport,Google Play Store,2025-01-03T01:01:47,5.0,very good,Rob Burton,,
2026-02-24T08:27:29.736281,Eurosport,Google Play Store,2024-12-21T12:12:38,5.0,"dream, in europe",Razvan Purcarea,,
2026-02-24T08:27:29.744071,Eurosport,Google Play Store,2024-12-16T00:41:55,2.0,Not a single time I can read news without falling into Amazon due to dancing banner. Really bad.,Michele Ciammaruconi,2024-12-16T01:22:38,"Hi Michele, thank you for your feedback! We are sorry to hear about the experience you have while reading the news. We will make sure to pass this to our team. Kind regards, Eurosport Customer Support"
2026-02-24T08:27:29.746855,Eurosport,Google Play Store,2024-12-03T18:32:13,5.0,Done,Wandu Fikadu,,
2026-02-24T08:27:29.750484,Eurosport,Google Play Store,2024-11-25T23:06:46,1.0,Snooker used to be all on one channel.. Not any more.. so l am gone aswell...,Voyo Lazni,,
2026-02-24T08:27:29.759935,Eurosport,Google Play Store,2024-11-25T11:52:03,3.0,To expensive,Andrew Roberts,,
2026-02-24T08:27:29.764032,Eurosport,Google Play Store,2024-10-31T16:52:57,5.0,Very interesting !,Michel A GREGOIRE,,
2026-02-24T08:27:29.767371,Eurosport,Google Play Store,2024-10-21T12:44:47,3.0,widget is not being updated,Сергей Озеров,2024-10-21T13:48:41,"Hi there, thank you for your feedback! We will make sure to pass this to our technical team. Kind regards, Eurosport Customer Support"
2026-02-24T08:27:29.780405,Eurosport,Google Play Store,2024-10-19T10:58:43,3.0,I miss Eurosport Player,Zsolt Szalai,2024-10-19T12:23:01,"Hi there Zsolt, thank you for your feedback! We will make sure to pass this to our team. Kind regards, Eurosport Customer Support"
2026-02-24T08:27:29.824032,Eurosport,Google Play Store,2024-10-12T20:21:57,5.0,Good,Thierno Madiou Bah,,
2026-02-24T08:27:29.827416,Eurosport,Google Play Store,2024-10-12T11:54:12,1.0,"This app is fake nowadays. It used to be my go-to app. Maybe they sold it. It has many glitches, ads. I've been gutted from last year. The UI was downgraded massively. Such a shame. One star is enough 🙌 I'm deleting...",Ostwald Rutherford,2024-10-12T13:19:54,"Good Morning, thanks for taking the time to leave a review, we always appreciate feedback regarding our app. We'll pass your comments to our team to help us improve future content for customers. If you need assistance, please contact us at https://help.discoveryplus.com/. discovery+ Customer Support."
2026-02-24T08:27:29.837159,Eurosport,Google Play Store,2024-10-02T09:09:23,5.0,Excellent,James Sorgwe,2024-10-06T18:30:13,"Good Afternoon, thanks for taking the time to leave a review, we always appreciate feedback regarding our app. We'll pass your comments to our team to help us improve future content for customers. If you need assistance, please call us on 0800 066 5855 or email support@discoveryplus.co.uk. discovery+ Customer Support."
2026-02-24T08:27:29.848857,Eurosport,Google Play Store,2024-09-28T21:41:33,1.0,Zły Eurosport pobrałem... A wszystko przez to ze reklama mi przerwała,Mateusz Kwieciński,,
2026-02-24T08:27:29.852570,Eurosport,Google Play Store,2024-09-27T16:00:09,1.0,"This app getting worse every update, instead of fixing the issues, they keep adding more ads.! Finally uninstall",Yaas Erame,2024-09-27T16:32:57,"Good Afternoon, thanks for taking the time to leave a review, we always appreciate feedback regarding our app. We'll pass your comments to our team to help us improve future content for customers. If you need assistance, please call us on 0800 066 5855 or email support@discoveryplus.co.uk. discovery+ Customer Support."
2026-02-24T08:27:29.886464,Eurosport,Google Play Store,2024-09-27T14:50:08,1.0,I added this channel pack to watch moto gp and sometimes they don't put it like 2024 Indonesian hp Tissot sprint what us this please broadcast everything of motogp this is not good orelse u dont sign the contract other channel can broadcast everything,Gagan Deep C.G,2024-09-27T14:58:33,"Good Afternoon, thanks for taking the time to leave a review, we always appreciate feedback regarding our app. We'll pass your comments to our team to help us improve future content for customers. If you need assistance, please call us on 0800 066 5855 or email support@discoveryplus.co.uk. discovery+ Customer Support."
2026-02-24T08:27:30.446161,Eurosport,Google Play Store,2024-09-22T01:47:08,1.0,"Awful app. Glad it's here, so at least can get snooker updates, but so appalling to search and navigate, often end up on Google! To find latest scores (2023). New interface is even worse - finally deleted it. Can't find anything, don't like navigation (2024)",Lizzie Bloxham,2024-09-22T14:59:14,"Hi there Lizzie, thank you for your feedback! We are sorry to see that you are unhappy with our service. We will make sure we will pass your feedback to our technical team. Kind regards, Eurosport Customer Support"
2026-02-24T08:27:30.826125,Eurosport,Google Play Store,2024-09-19T15:20:07,2.0,this app used to be great but has gotten crappier and crappier with each passing year. it js literally deteriorating as I watch. please update and pay someone to add play by play to matches (again). you can't even see who scored in football matches - perhaps ot is just me?,William Campbell,2024-09-19T14:52:02,"Good Afternoon, thanks for taking the time to leave a review, we always appreciate feedback regarding our app. We'll pass your comments to our team to help us improve future content for customers. If you need assistance, please call us on 0800 066 5855 or email support@discoveryplus.co.uk. discovery+ Customer Support."
2026-02-24T08:27:30.855109,Eurosport,Google Play Store,2024-09-11T22:25:25,5.0,I like the app,Mohamed Mtenzi,,
2026-02-24T08:27:30.886965,Eurosport,Google Play Store,2024-09-09T03:31:06,5.0,good app,Azeez Abdulwahab,,
2026-02-24T08:27:30.964138,Eurosport,Google Play Store,2024-09-08T02:54:15,5.0,great and free,Phil Wu,,
2026-02-24T08:27:31.002890,Eurosport,Google Play Store,2024-09-05T21:18:32,5.0,great sport. sometimes buffers,David Exley,,
2026-02-24T08:27:31.024062,Eurosport,Google Play Store,2024-09-04T12:48:56,2.0,Way too many ads that get on the way of everything. I would pay a small subscription to remove these but there doesn't seem to be that option.,Annonomous Me,2024-09-04T13:28:55,"Hi, thanks for taking the time to leave a review, we always appreciate feedback regarding our app. We'll pass your comments to our team to help us improve future content for customers. If you need assistance, please call us on 0800 066 5855 or email support@discoveryplus.co.uk. discovery+ Customer Support."
2026-02-24T08:27:31.047658,Eurosport,Google Play Store,2024-09-02T12:21:01,1.0,I'm not really reviewing the app here..... Eurosport need to sort themselves out. if you plan on extending the coverage of one sport.in place of another.....at least change the title of the programme. absolutely sick of recording something through sky TV and it turns out it's not what I want to see. or better yet.....stick to the programming.....!!! There's no real way of contacting Eurosport to flag this directly to Eurosport and occasionally you do see a response from a negative review.,Matthew Gregory,,
2026-02-24T08:27:31.050530,Eurosport,Google Play Store,2024-09-01T22:17:45,1.0,Worst browsing experience. I dont think i have enough words to explain how hard and annoying it is to figure out whats coming and whats on the schedule. I love that they have WEC and fia ewc motorsports the only reason I still support their app. Later edit. Found out that they have ended most app live events and they are sending us all to max app...i guess its a one star and uninstall. Farewell,eNeruFPS OLD,2024-09-01T20:48:58,"Hi there, thank you for your feedback! We are sorry to hear about your experience in regards with browsing on the app. We will make sure we will pass this to our technical team. Kind regards, Eurosport Customer Support"
2026-02-24T08:27:31.084049,Eurosport,Google Play Store,2024-09-01T16:38:05,1.0,"Nu mi se pare normal sa ma uit la tv la meci de tenis si sa ma puna sa descarc aplicatia sau sa intru pe internet sa citesc o informatie pe care comentatorul doar o incepe si nu o termina. Mi se pare ca exagerati, s-a intamplat de n ori",Florin,,
2026-02-24T08:27:31.087386,Eurosport,Google Play Store,2024-08-27T15:00:50,5.0,Cool app,Andre Hart,,
2026-02-24T08:27:31.146801,Eurosport,Google Play Store,2024-08-27T02:49:57,1.0,"Just wondering how all the people who worked hard a decade or more years to get Eurosports up & running making it a app for sport fans, now feel about Dicovery+ coverage?",Yvonne Stephen,,
2026-02-24T08:27:31.154996,Eurosport,Google Play Store,2024-08-27T01:25:21,5.0,love this App,Bello Abdulla,,
2026-02-24T08:27:31.168048,Eurosport,Google Play Store,2024-08-24T12:35:36,1.0,"It was a great app, but it got really bad with the last updates. I can't even edit my favorites without registering. Also, why don't you show Turkish Super League in the daily results section? Good players and coaches are working there, especially Jose Mourinho..",Steven Champion,2024-08-24T13:05:49,"Good Morning, thanks for taking the time to leave a review, we always appreciate feedback regarding our app. We'll pass your comments to our team to help us improve future content for customers. If you need assistance, please call us on 0800 066 5855 or email support@discoveryplus.co.uk. discovery+ Customer Support."
2026-02-24T08:27:31.171272,Eurosport,Google Play Store,2024-08-24T11:33:30,5.0,One of my best sport news app,Santa Ekan,,
2026-02-24T08:27:31.179838,Eurosport,Google Play Store,2024-08-23T23:37:08,1.0,I'm want tv live €6.99 ?? . Why stop is tv eurosport player i'm very sad .,Stelios Erodotou,,
2026-02-24T08:27:31.186520,Eurosport,Google Play Store,2024-08-20T23:01:32,5.0,I can't subscribe,Felix Cuceanu,,
2026-02-24T08:27:31.189309,Eurosport,Google Play Store,2024-08-19T12:00:55,5.0,GRAND - ALL GOOD STUFF HERE -,Jason Wetherill (Blieu),,
2026-02-24T08:27:31.507149,Eurosport,Google Play Store,2024-08-08T18:18:03,1.0,"Gone full on woke, removing",Gareth Markham,2024-08-08T18:30:25,"Hi Gareth, thank you for taking the time to leave a review, we always appreciate feedback regarding our app. We'll pass your comments to our team to help us improve future customer experience. Kind regards, discovery+ Customer Support"
2026-02-24T08:27:31.556658,Eurosport,Google Play Store,2024-08-07T18:31:27,1.0,Can't watch any live sessions of the olympic games,Dennis Łukasz Duda,2024-08-07T19:10:32,"Hi Dennis, thank you for taking the time to leave a review, we always appreciate feedback regarding our app. We'll pass your comments to our team to help us improve future content for customers. If you need assistance, please email us at support@discoveryplus.co.uk. Kind regards, discovery+ Customer Support"
2026-02-24T08:27:31.560900,Eurosport,Google Play Store,2024-08-04T18:26:05,2.0,"pretty useless for the Olympics 2024. doesn't remember the favorites, no link where to watch it( which Eurosport Chanel)",Marek Nerko,2024-08-04T19:04:37,"Hi, thanks for taking the time to leave a review, we always appreciate feedback regarding our app. We'll pass your comments to our team to help us improve future content for customers. If you need assistance, please call us on 0800 066 5855 or email support@discoveryplus.co.uk. Kind regards, discovery+ Customer Support."
2026-02-24T08:27:31.563598,Eurosport,Google Play Store,2024-08-03T15:02:42,1.0,"Been using app for a number of years for motorsports now moved to discovery+ which costs twice as much and delivers less coverage, can only watch live no on demand unless you pay silly subsricption charges . So no more eurosport for me and quite a few friends have same views.",jeff hilditch,2024-08-03T15:45:06,"Thank you for sharing your thoughts with us. If you subscribe to discovery+ you can watch the events live and on demand as they will be stored indefinitely but you can do so only if you have a subscription. Please check the Standard package on the Sign Up page on discovery+ website for the £3.99 offer. Kind regards, Eurosport Customer Support"
2026-02-24T08:27:31.566705,Eurosport,Google Play Store,2024-08-02T22:15:45,1.0,"became a pure trash. 4000 huf to watch only eurosport is a joke. All u ppl keep in mind from now on you have to buy standard Max sub, then as an additional option you have sport for even a bit more money. Job nicely done...",Adam Pataki,2024-08-02T22:51:18,"Hi Adam, thank you for taking the time to leave a review, we always appreciate feedback regarding our app. We'll pass your comments to our team to help us improve future customer experience. Kind regards, discovery+ Customer Support"
2026-02-24T08:27:31.691195,Eurosport,Google Play Store,2024-08-02T19:14:32,2.0,Noooo wayyy. No chance to watch anything live.,Hasan Barış Partal,,
2026-02-24T08:27:31.717971,Eurosport,Google Play Store,2024-08-01T22:34:23,1.0,Advertisements make this almost unusable. Heavily don't recommend,George Gaynor,,
2026-02-24T08:27:31.821578,Eurosport,Google Play Store,2024-08-01T14:15:19,2.0,"I find the amount of pop-up ads is absolutely ridiculous in some parts of the app. Not necessary, especially when its all the same thing and I cant scroll without seeing an ad take up half the screen.",Callum,2024-08-01T16:41:22,"Hi Callum, thank you for sending us your feedback! We're always working to make Eurosport even better and we want to provide the best experience possible. Ads on Eurosport allow us to maintain our competitive price points and offer our subscribers the best content at the best value. We hope this helps. ~ Eurosport Customer Support"
2026-02-24T08:27:31.887006,Eurosport,Google Play Store,2024-07-30T12:29:52,3.0,I set a few reminders for some Olympic events but they were never shown.,Rytis K.,,
2026-02-24T08:27:32.027278,Eurosport,Google Play Store,2024-07-29T18:06:47,2.0,After closing app it signs out every time automatically and sends wrong and other notification than set already,Lat Thailand,,
2026-02-24T08:27:32.031703,Eurosport,Google Play Store,2024-07-29T12:39:35,1.0,"The app is unusable as it has changed to a language I haven't chosen and also showing me the news for Olympic games for another country not the one I have chosen when I set it up. No option to change language and also the preferred country is set at the correct one but still showing news and updates about another country that is irrelevant also the the app language. I have contacted the live chat and they couldn't help at all, just gave me some irrelevant info",Prokopis Ellinas,,
2026-02-24T08:27:32.085054,Eurosport,Google Play Store,2024-07-28T19:00:23,1.0,He pagado para ver la UFC y he cancelado cuando me promocionan otro servicio que debo pagar más para algo que se suponía tenía. He debido pedir eliminar mi cuenta ya que cancelar la subscripción parece una tarea imposible desde la app.,Ernesto Macario,,
2026-02-24T08:27:32.295171,Eurosport,Google Play Store,2024-07-28T15:55:02,5.0,Finally I can follow my team's events and have an idea what's next for each event. Million times better than the official Olympics app.,Ankuran Goswami,,
2026-02-24T08:27:32.301587,Eurosport,Google Play Store,2024-07-28T13:42:06,1.0,Unable to watch live events,Oldřich Klíma,,
2026-02-24T08:27:32.355929,Eurosport,Google Play Store,2024-07-28T02:40:34,1.0,"Nope. Doesn't work in Canada. ""not available in your country"".",Emmanuel Huchet,,
2026-02-24T08:27:32.454130,Eurosport,Google Play Store,2024-07-27T21:42:11,1.0,Terrible. There is literally no way of seeing what is on what channel when. I don't need to subscribe I just want to see a TV guide of what is on each Eurosport channel on my TV. Why is that so hard in this modern world.,Lucy Bagwell,,
2026-02-24T08:27:32.474966,Eurosport,Google Play Store,2024-07-27T11:27:09,2.0,Signs me out every time I close the app! What is the point of saving my favourite events and teams if I have to sign in every time?,Alison Williams,,
2026-02-24T08:27:32.582434,Eurosport,Google Play Store,2024-07-26T21:22:25,5.0,The opening ceremony of the olympics games 2024 so awesome on bbc one West Midlands,Ellie-May Davenport,,
2026-02-24T08:27:32.847124,Eurosport,Google Play Store,2024-07-26T17:21:02,1.0,"The application stopped working on my Samsung monitor M5. There is no way to install it, apparently no longer supported! Why ?",Edyta P,2024-07-26T17:33:15,"Hi, thanks for taking the time to leave a review, we always appreciate feedback regarding our app. We'll pass your comments to our team to help us improve future content for customers. If you need assistance, please call us on 0800 066 5855 or email support@discoveryplus.co.uk. Kind regards, discovery+ Customer Support."
2026-02-24T08:27:32.934908,Eurosport,Google Play Store,2024-07-26T00:42:47,1.0,Garbage app. Can't access olympics schedule: it just closes. Selecting your favorite country or sport means nothing. Usless.. Stay away.,Adrian Popirlan,2024-07-26T14:30:04,"Hi, thanks for taking the time to leave a review, we always appreciate feedback regarding our app. We'll pass your comments to our team to help us improve future content for customers. If you need assistance, please call us on 0800 066 5855 or email support@discoveryplus.co.uk. Kind regards, discovery+ Customer Support."
2026-02-24T08:27:34.471807,Eurosport,Apple App Store,2026-02-22T13:25:11-07:00,1.0,Too many commercials  Can’t watch any games.,Loey 123,,
2026-02-24T08:27:34.504037,Eurosport,Apple App Store,2026-02-22T11:33:03-07:00,2.0,Since NCAA softball started I’ve noticed the app lags horribly. Also ESPN does not include any info on the Unrivaled basketball league or LOVB.,kiliancato,,
2026-02-24T08:27:34.522683,Eurosport,Apple App Store,2026-02-22T11:13:18-07:00,5.0,I love the ways you can watch different sports on live television,Adriancoolpro,,
2026-02-24T08:27:34.537957,Eurosport,Apple App Store,2026-02-22T09:51:10-07:00,1.0,Worst app in the store . Hate ESpN . Garbage .,rileyscottadams,,
2026-02-24T08:27:34.560107,Eurosport,Apple App Store,2026-02-22T09:44:09-07:00,1.0,Awful user experience to access highlights and scores. Overrun with ads,Loandogs,,
2026-02-24T08:27:34.572369,Eurosport,Apple App Store,2026-02-22T08:11:31-07:00,1.0,Need app🥺👎,Ask Jeeves 78,,
2026-02-24T08:27:34.576515,Eurosport,Apple App Store,2026-02-22T08:06:32-07:00,1.0,"I’m logged in and have added my favorite teams, but the shelf that had those teams’ pages for easy access to scores, schedule etc has disappeared!! Please add it back!!",Heyjoeyouknow,,
2026-02-24T08:27:34.649006,Eurosport,Apple App Store,2026-02-22T07:50:05-07:00,5.0,Thank you for your notifications!,Mothe Earth,,
2026-02-24T08:27:34.864595,Eurosport,Apple App Store,2026-02-22T07:25:10-07:00,1.0,Bad  anchor,Mike_KingBoi,,
2026-02-24T08:27:34.872359,Eurosport,Apple App Store,2026-02-22T06:44:32-07:00,1.0,"The new play by play for basketball is terrible. Way too much info and screen taken up. Way too hard to scroll down. Let’s say you want to just see the last couple mins of a game, if you try scrolling down, eventually it just stops and refreshes and takes you back to the top. The only way to get to the bottom is to take 5 mins and go very slow. So stupid. Will delete because of this “feature”.",T.S.9292,,
2026-02-24T08:27:35.055298,Eurosport,Apple App Store,2026-02-22T01:14:39-07:00,1.0,"This app is garbage. Clunky, not easy to use, and it constantly is messing up. Weekly I’ll try to watch a game that’s already started and the app says the game hasn’t began yet even though it’s 5 min into the first quarter or half. And the ads. If you want to watch more ads than game on a replay, this is the app for you! Ten out of ten wouldn’t recommend.",Chasekins,,
2026-02-24T08:27:35.059289,Eurosport,Apple App Store,2026-02-21T20:12:28-07:00,5.0,Yggg,Eyeshield15,,
2026-02-24T08:27:35.075473,Eurosport,Apple App Store,2026-02-21T19:41:19-07:00,2.0,When checking stats or looking at the play by play features the app updates like 2 minutes later. It could be five minutes left in the game and I’m looking at the play by play and it stop at 4:20 and will not update. I have to back out the game and go back in.,muse el,,
2026-02-24T08:27:35.078460,Eurosport,Apple App Store,2026-02-21T19:37:40-07:00,5.0,Get a scoreboard in the TV versions! That is all.,Kᐯᑕ,,
2026-02-24T08:27:35.081171,Eurosport,Apple App Store,2026-02-21T19:30:03-07:00,5.0,Great Sports.,GG 85,,
2026-02-24T08:27:35.090108,Eurosport,Apple App Store,2026-02-21T18:51:07-07:00,5.0,"News at my fingertips, it put my world in my hands and daily information in my mind.",Preacher4Life,,
2026-02-24T08:27:35.093132,Eurosport,Apple App Store,2026-02-21T18:28:04-07:00,1.0,ESPN is the worst.,rev4u2,,
2026-02-24T08:27:35.096481,Eurosport,Apple App Store,2026-02-21T18:13:18-07:00,1.0,"Capitalism at its finest: Taking all the money, and Putting minimal effort and revenue into the products",Fkapple100percent,,
2026-02-24T08:27:35.099246,Eurosport,Apple App Store,2026-02-21T17:45:18-07:00,5.0,Why do I have to reuthenticate MULTIPLE times a day?  I pay for this subscription!,Tom cat is awesome,,
2026-02-24T08:27:35.103500,Eurosport,Apple App Store,2026-02-21T16:54:46-07:00,1.0,"The old ESPN play-by-play was simple and easy to follow, and you could glance at it and instantly understand what just happened. Now the color scheme feels random and unintuitive, the boxes are oversized and blocky, and your eyes genuinely do not know where to land first. Everything competes for attention at the same time, so instead of following the game, you are trying to decode the layout. It is honestly hard to believe this version made it through design review and actually got approved.",LM789866214guy,,
2026-02-24T08:27:35.122829,Eurosport,Apple App Store,2026-02-21T16:37:03-07:00,1.0,"This is app is so undeniably terrible, yet when it comes to sports viewing, there are literally no other options when they own the viewership rights, so why bother make a good product. The streams constantly freeze, say I don’t have the rights to watch them (when I do), and shutter and glitch out to the point that when you can actually watch something, the viewing is unwatchable.",nkklz,,
2026-02-24T08:27:35.127051,Eurosport,Apple App Store,2026-02-21T16:22:12-07:00,1.0,"Unfortunately, the ESPN has been a frustration for years. It’s slow to load. It causes trouble with logging in to my TV provider at random times. It doesn’t seem to remember my favorite teams when displaying scores and live events and I have to search. I hope they improve it soon.",Jordan J,,
2026-02-24T08:27:35.149295,Eurosport,Apple App Store,2026-02-21T16:13:01-07:00,5.0,Great app to watch games,Gonzaga jim,,
2026-02-24T08:27:35.167694,Eurosport,Apple App Store,2026-02-21T15:42:58-07:00,1.0,I have paid for ESPN+ and I have YouTube tv and I still can’t watch anything. Always says not included with your plan. I don’t know how anyone stands this?,Kristi Sam,,
2026-02-24T08:27:35.170181,Eurosport,Apple App Store,2026-02-21T13:58:52-07:00,1.0,Video never works. Cant favorite college baseball teams. This app is only good for football and basketball. Absolute trash,Cody738573,,
2026-02-24T08:27:35.186832,Eurosport,Apple App Store,2026-02-21T12:31:08-07:00,1.0,"Never works, even though I have subscribed to every espn account imaginable. You’ll get lucky enough for it to work for half a game and then when change apps for a few minutes the app completely forgets how to function. Terrible. I have rarely had a good experience with this app. I’m surprised it has the amount of stars it does because I hear the same thing from everyone who uses it.",Nateg2306,,
2026-02-24T08:27:35.442707,Eurosport,Apple App Store,2026-02-21T12:21:29-07:00,1.0,It is impossible to close and reopen without freezing. I’d they didn’t have a monopoly on the sports market then this app would get destroyed. It’s almost like it hasn’t been updated once. Your better off googling the score of your game,CYALDHE,,
2026-02-24T08:27:35.467739,Eurosport,Apple App Store,2026-02-21T12:14:45-07:00,1.0,"Spent an hour trying to connect my fubo account to espn to watch an espn plus game. It sent me on the same loop for 30 minutes. When I finally figured a way out of it, and it said it connected with my fubo account, I clicked on a game and it said I had no active subscription. This isn't the first time something similar has happened but it's the first time it's made me and my friends mad enough to leave a review.",Jay Osh,,
2026-02-24T08:27:35.654499,Eurosport,Apple App Store,2026-02-21T11:59:52-07:00,5.0,I like watching short videos of basketball games,kenni cat,,
2026-02-24T08:27:35.695386,Eurosport,Apple App Store,2026-02-21T11:59:36-07:00,5.0,ESPN is great but they need to focus more on college baseball and let you pick your favorite team and let the scores pull up on your screen but besides that they are great and I really enjoy it,Lawcarr23,,
2026-02-24T08:27:35.698029,Eurosport,Apple App Store,2026-02-21T10:38:00-07:00,1.0,"Whose idea was it to change the format? It’s horrible. Also, scores are not updated in real time. They are about 5 minutes behind.",Dukez0,,
2026-02-24T08:27:35.700673,Eurosport,Apple App Store,2026-02-21T10:17:34-07:00,1.0,Very bad app for a billion dollar company that is taking $20 from me every month.,Oneal27481863,,
2026-02-24T08:27:35.809246,Eurosport,Apple App Store,2026-02-21T09:28:49-07:00,5.0,Lo mejor de lo mejor en transmisiones,Gerardo(10)-,,
2026-02-24T08:27:35.815026,Eurosport,Apple App Store,2026-02-21T09:27:19-07:00,1.0,Horrible feedback when trying to watch espn+ with current subscription,MarissaRw,,
2026-02-24T08:27:35.817738,Eurosport,Apple App Store,2026-02-21T09:12:26-07:00,3.0,This app provides great content but the user experience isn’t what it could be because selection of anything is laggy. Try turing on notifications for game start times and see for yourself.,_mxfan,,
2026-02-24T08:27:35.821782,Eurosport,Apple App Store,2026-02-21T08:42:35-07:00,1.0,"Great app, but the issue is mostly all the content is racist and misogynistic and mentally deranged; thank you Disney.",JustinAnfuso,,
2026-02-24T08:27:35.824512,Eurosport,Apple App Store,2026-02-21T08:19:53-07:00,5.0,Lo mejor,lislique,,
2026-02-24T08:27:35.855978,Eurosport,Apple App Store,2026-02-21T08:16:53-07:00,1.0,I pay for ESPN+ and I can’t watch anything in the app. When I click on live videos nothing happens. I have the same issue on my fire stick. Paid for a whole year and haven’t been able to watch anything. Absolute scam of a product.,ceeejus,,
2026-02-24T08:27:35.877371,Eurosport,Apple App Store,2026-02-21T08:16:22-07:00,1.0,"I’ve used this app for years and years, but over the last few months  basically every day the app will crash and i have to close out the app and start over. It’s honestly starting to become unusable and if it’s not fixed soon I will be switching to another app.",Ksiebs,,
2026-02-24T08:27:35.894163,Eurosport,Apple App Store,2026-02-21T07:31:46-07:00,1.0,"Opens when I don’t want it to. Opens screens I didn’t request. Basic stuff. Fix your UX to match user intent, not forced KPI achievement.",Obi-Wan Lebowski,,
2026-02-24T08:27:36.085512,Eurosport,Apple App Store,2026-02-21T06:54:00-07:00,4.0,Why has the ESPN app removed the team scoring-by-quarter stat from their NBA coverage? It's ones of the most traditional stats about a game.,RoodooT,,
2026-02-24T08:27:36.426329,Eurosport,Apple App Store,2026-02-21T04:23:22-07:00,5.0,All my sports needs when I can’t stay up to watch all of a game you can check the scores of all the games I check ESPN,Christopher.    567,,
2026-02-24T08:27:36.437091,Eurosport,Apple App Store,2026-02-21T04:17:36-07:00,1.0,I’m very surprised no one has ever filed a class action lawsuit suit against espn.  The auto play settings cannot be controlled in the settings preferences and as a result always auto plays next video.  Videos I do not want to watch.   This no doubt is a revenue setting for espn.    In this day and age of technology control it stinks of fraud.,Gracskiii,,
2026-02-24T08:27:36.441281,Eurosport,Apple App Store,2026-02-20T21:39:56-07:00,1.0,Very slow needs improvement !!!,BR968,,
2026-02-24T08:27:36.443661,Eurosport,Apple App Store,2026-02-20T17:58:11-07:00,1.0,I pay for a service that gets me not one thing to watch but clips. Not worth it.  How do I cancel?,Now this is bs,,
2026-02-24T08:27:36.612253,Eurosport,Apple App Store,2026-02-20T17:53:48-07:00,2.0,"When you watch a live game, the graphics are so slow on telling you what’s going on from when the scoreboard changes",forcucci23,,
2026-02-24T08:27:36.676497,Eurosport,Apple App Store,2026-02-20T16:42:59-07:00,1.0,"For the love of anything decent, please make it where we can like or favorite college baseball/softball team. It’s 2026. Do better.",Drakescout,,
2026-02-24T08:27:36.716330,Eurosport,Apple App Store,2026-02-20T16:23:28-07:00,1.0,It is slow and crashes all the time.,Doug Dimmadome 67,,
2026-02-24T08:27:36.719176,Eurosport,Apple App Store,2026-02-20T16:12:47-07:00,3.0,Play by play is terrible and annoying!,Bootycheeks(.)(.),,
2026-02-24T08:27:36.721637,Eurosport,Apple App Store,2026-02-20T16:08:06-07:00,1.0,App requires constant relogs and sometimes deleting before reinstalling. Hard to believe I pay for something that works so poorly.,Hox27,,
2026-02-24T08:27:36.724148,Eurosport,Apple App Store,2026-02-20T16:00:31-07:00,5.0,I love this app but I can’t watch all of the games and sports I would like to watch even with the espn subscription,Gatorguy709,,
2026-02-24T08:27:36.736355,Eurosport,Apple App Store,2026-02-20T15:49:48-07:00,1.0,Garbage…. Your account management in app is worthless.  You have no problem taking my money every month but your customer service is ****.,Mezman 17,,
2026-02-24T08:27:36.761365,Eurosport,Apple App Store,2026-02-20T15:30:54-07:00,1.0,Why does it let me view it for about a minute before crashing out?,Cowboymdr,,
2026-02-24T08:27:36.768871,Eurosport,Apple App Store,2026-02-20T15:25:10-07:00,5.0,This is so W they show you the score of any game and they know you favorite teams you have to try it!!!!!!!,W 👍🏻,,
2026-02-24T08:27:36.971316,Eurosport,Apple App Store,2026-02-20T10:07:24-07:00,5.0,Easy website to use and get to see my Granddaughter’s play College softball!,Yorba Linda Lady!,,
2026-02-24T08:27:36.975822,Eurosport,Apple App Store,2026-02-20T06:37:10-07:00,1.0,"Literally the worse and most disgusting feature on this app now, ruined it in one update",spaghettimonster4545,,
2026-02-24T08:27:37.127839,Eurosport,Apple App Store,2026-02-20T03:57:09-07:00,3.0,Why does it a thousand years for the standings page to load. I’ve had this app for 5 years and it has never worked🙄,mowerss,,
2026-02-24T08:27:37.133113,Eurosport,Apple App Store,2026-02-19T21:39:19-07:00,2.0,"Why keep updating the UX/UI without making any meaningful improvements to the user experience?! Some of the new UI has been pretty cool, but it hasn’t fixed any underlying UX issues. In fact, they’ve mostly been negative. For instance, in 2025 the change to the box score for NBA made it harder to see how many points were scored by a player. That was fortunately rolled back, but in 2026 the UI has been updated again but no UX issues have been addressed. Stop moving my cheese just for the sake of moving it! How about fixing the issue where the score updates before you list the play in the gamecast! Do you think any sports fan would ever watch a game and want to know a touchdown was scored before seeing the play?! Get to know your freaking users!",Dillfunk,,
2026-02-24T08:27:37.135892,Eurosport,Apple App Store,2026-02-19T21:06:29-07:00,1.0,No longer give sports lines. Don’t like that.,bgsbrad,,
2026-02-24T08:27:37.145768,Eurosport,Apple App Store,2026-02-19T20:57:34-07:00,5.0,She was great!!,Ldtzn,,
2026-02-24T08:27:37.148380,Eurosport,Apple App Store,2026-02-19T18:52:28-07:00,1.0,"Absolutely hate the new update, I always watch live NBA and it is just terrible now",Vee27993,,
2026-02-24T08:27:37.184011,Eurosport,Apple App Store,2026-02-19T18:47:26-07:00,1.0,"Disney makes way too much money to not have an app that is a smooth experience. Constant freezing, video isnt good quality, commercials longer than videos being pushed",Chuckkkkkkkkk m,,
2026-02-24T08:27:37.392756,Eurosport,Apple App Store,2026-02-19T18:22:19-07:00,1.0,"Feed is a mess, never shows you the content you care about at the top. 30 second ads before every single highlight video every single time. App crashes if I have it open for more than 3 minutes. Makes streaming anything impossible. Such a joke! ESPN sucks!",Preston_Bland1,,
2026-02-24T08:27:37.500506,Eurosport,Apple App Store,2026-02-19T15:49:10-07:00,1.0,Stop talking about color. Talk about the games and shove your platform up your racist asses,boilermakin,,
2026-02-24T08:27:37.763103,Eurosport,Apple App Store,2026-02-19T14:49:15-07:00,1.0,I pay for espn plus because it says Spieth is featured..twice now and he is not featured!,No spieth,,
2026-02-24T08:27:37.776205,Eurosport,Apple App Store,2026-02-19T13:56:35-07:00,5.0,Muy bien,Jesús nene,,
2026-02-24T08:27:37.786142,Eurosport,Apple App Store,2026-02-19T13:37:05-07:00,3.0,The app is fine but adjusting font size should either be made available or the feature should be made more obvious. I end up on the website more often than not so I can zoom in when I read,Mustar11,,
2026-02-24T08:27:38.081619,Eurosport,Apple App Store,2026-02-19T12:59:56-07:00,1.0,Will remove,Wendyele,,
2026-02-24T08:27:38.086562,Eurosport,Apple App Store,2026-02-19T12:35:53-07:00,5.0,No adds and I get all the sports content whenever,TOE EATER 67,,
2026-02-24T08:27:38.101589,Eurosport,Apple App Store,2026-02-19T12:21:23-07:00,2.0,I’ve had this app for years and it’s never had issues. But recently over the last few years it has become more unstable and commonly crashes. It’s so bad now that I can’t use it anymore because it will crash within 2 minutes of use. I just don’t know how it’s gotten this bad.,quarentine blows,,
2026-02-24T08:27:38.409938,Eurosport,Apple App Store,2026-02-19T10:10:08-07:00,2.0,App crashes non stop. Impossible to even look up stats from a game or watch live events THAT YOU PAY FOR 🙄,Shameless viewer,,
2026-02-24T08:27:38.518350,Eurosport,Apple App Store,2026-02-19T09:35:27-07:00,1.0,This has to be the worst sports app there is. Can’t scroll to see what games are on because it glitches everytime. Gets schedule days wrong too. How is this possible for a company like espn. Never redownloading,MosesOses,,
2026-02-24T08:27:38.571159,Eurosport,Apple App Store,2026-02-19T08:09:34-07:00,1.0,Subscribed content won’t play,Dan Dotson.,,
2026-02-24T08:27:38.645807,Eurosport,Apple App Store,2026-02-19T06:29:34-07:00,2.0,The app is ridiculous.  Too bogged down and slow.,Dave (LJCF),,
2026-02-24T08:27:38.936525,Eurosport,Apple App Store,2026-02-18T19:05:35-07:00,1.0,"In past week, something happened and app is killing my iPad battery with background use. Please fix.",Gaymer321,,
2026-02-24T08:27:38.954217,Eurosport,Apple App Store,2026-02-18T19:00:06-07:00,3.0,He’s horrible,Marco Camero,,
2026-02-24T08:27:38.962098,Eurosport,Apple App Store,2026-02-18T18:15:54-07:00,1.0,"Horrible app, there’s more bugs and freeze issues than there are usable features… ESPN would be the worst network if it wasn’t for McAfee",Common sense123$,,
2026-02-24T08:27:39.340272,Eurosport,Apple App Store,2026-02-18T16:44:04-07:00,1.0,App doesn’t work until you delete and reinstall every time you use it.,HECUBUSQ,,
2026-02-24T08:27:39.450091,Eurosport,Apple App Store,2026-02-18T15:38:24-07:00,5.0,Previous post was removed by me - update below   Update - Developer responded and I have changed my rating. I did notice a couple months back the app was working and I had no issues. I think UVerse TV was finally set up by ESPN to work with the new streaming app. Thank You very much !,PanthersFan45,,
2026-02-24T08:27:39.458620,Eurosport,Apple App Store,2026-02-18T12:54:56-07:00,1.0,"For YEARS, somehow ESPN fails over and over at getting video performance right. From highlights to talk shows to the new “verts” they cannot get video to simply play.  The videos continue to fail to launch, freeze the app, and launch into random other videos. The circle of death equivalent is basically all you can expect. You cant even get them to smoothly play their ads.  This is over years. Its not an update issue, internet speed, device glitch etc. its the ESPN standard and its sub par.",What the frock,,
2026-02-24T08:27:39.724065,Eurosport,Apple App Store,2026-02-18T12:45:38-07:00,4.0,Good site for college basketball except for your anti Illinois bias. Articles are only written if they play one of your site favorites.,Strodester,,
2026-02-24T08:27:39.797183,Eurosport,Apple App Store,2026-02-18T12:43:50-07:00,1.0,"App pause often, we have to close it and wait",Sporter810,,
2026-02-24T08:27:39.813576,Eurosport,Apple App Store,2026-02-18T12:13:14-07:00,1.0,"The app is really good, but it crashes atleast 6 times during the game that I’m watching, and when I get off and restart the app it doesn’t want to play the game I was just watching. It only happens on the mobile app but the tv app works good 85% of the time, and I love it when it is working.",mullins1500,,
2026-02-24T08:27:39.931522,Eurosport,Apple App Store,2026-02-18T04:53:14-07:00,1.0,"Constantly having issues with the app crashing, has been going on for awhile now and it’s the only app on my phone that does it. Anytime I open an article to read it crashes. Anytime I on the app for more than a minute it crashes, very annoying.",FUEA17,,
2026-02-24T08:27:39.969916,Eurosport,Apple App Store,2026-02-17T22:43:32-07:00,1.0,The app continuously crashes annoyingly each time it is launched and used for a few seconds.,Emmzy010927,,
2026-02-24T08:27:39.979617,Eurosport,Apple App Store,2026-02-17T20:36:25-07:00,1.0,"If I can’t stream the big game on my 55” TV, then the app is garbage and a complete waste of time!",bigcountrypapa2019,,
2026-02-24T08:27:39.983884,Eurosport,Apple App Store,2026-02-17T18:52:13-07:00,1.0,"App constantly crashes when trying to read articles. I’ve uninstalled and reinstalled, nothing fixes it. My phone software is fully up to date.  Absolutely aggravating!! The app is completely unusable.",TechnoYosi,,
2026-02-24T08:27:40.084875,Eurosport,Apple App Store,2026-02-17T18:41:03-07:00,2.0,Every time I use the ESPN app my iphone starts to overheat. It does this even without live-streaming games and no other app does this.,NoThanks000,,
2026-02-24T08:27:40.094507,Eurosport,Apple App Store,2026-02-17T17:14:47-07:00,5.0,Best networks,junnbug2slug,,
2026-02-24T08:27:40.130233,Eurosport,Apple App Store,2026-02-17T17:01:42-07:00,1.0,"I got the app and paid for a subscription to watch hoops, not jump through hoops to get the app to work.  Still not working and asking me to sign into my TV provider to watch, and still won’t work.  I have a paid subscription through my tv provider and you want me to pay a separate fee here too.  Not recommended",1209@129,,
2026-02-24T08:27:40.226444,Eurosport,Apple App Store,2026-02-17T16:54:34-07:00,3.0,Crashes all the time when trying to read basic articles,Gk806,,
2026-02-24T08:27:40.234564,Eurosport,Apple App Store,2026-02-17T16:30:58-07:00,5.0,ESPN is amazing!!! It is like TikTok but with sports!!! I will definitely be using ESPN everyday!!!🥎⚾️🏈⚽️🏀🏐🎾,ESPN REVIEW!!,,
2026-02-24T08:27:40.239659,Eurosport,Apple App Store,2026-02-17T16:24:09-07:00,1.0,Ever since espn rolled out their new and improved app it’s been atrocious. I think they spent more on budget to market it than to build it. The app is way too heavy which results in it taking ages to load. Being on wifi or 5G doesn’t make a difference.,rjpletsch23,,
2026-02-24T08:27:40.242098,Eurosport,Apple App Store,2026-02-17T16:22:27-07:00,4.0,Include the option to actually access college hockey teams and their stats and rosters if you’re going to show they’re even playing. Pretty weird and lol,Huntthewump,,
2026-02-24T08:27:40.244482,Eurosport,Apple App Store,2026-02-17T15:51:16-07:00,5.0,"Great App!  Love the games you carry, including Troy University.",MID204,,
2026-02-24T08:27:40.247680,Eurosport,Apple App Store,2026-02-17T15:49:23-07:00,1.0,I can no longer watch streaming after update. I have Disney + and cox cable and I can no longer stream the Gator basketball,gaturgirl,,
2026-02-24T08:27:40.250617,Eurosport,Apple App Store,2026-02-17T15:34:01-07:00,1.0,ESPN is a straight up scam. You buy the plus package and still only can watch most games if you have cable or some other provider!?!? Like what’s the point of paying for your subscription if I can’t even watch 75% of stuff on your app. It’s ridiculous save your money go stream online til these companies stop being so greedy.,Jaydoe762,,
2026-02-24T08:27:40.268286,Eurosport,Apple App Store,2026-02-17T14:59:35-07:00,5.0,"The absolute best way to watch all college sports everyday,",CaptainGator,,
2026-02-24T08:27:40.275532,Eurosport,Apple App Store,2026-02-17T14:21:46-07:00,5.0,espn is the best sports app,roshaun monk,,
2026-02-24T08:27:40.277922,Eurosport,Apple App Store,2026-02-17T13:26:29-07:00,1.0,Have to re-authenticate every single day. What a joke. Please do better.,SCG11,,
2026-02-24T08:27:48.333084,TNT Sports,Trustpilot,2026-02-23T08:41:14.000Z,1.0,Adverts adverts adverts. Very poor value. And I mean a lot of adverts. Useless.,Mark Mattison,,
2026-02-24T08:27:48.440402,TNT Sports,Trustpilot,2026-02-22T18:46:57.000Z,2.0,not sure i will continue with it im only on tnt for the football but no premiership on today Sunday.That is poor very poor cant watch Arsenal v spurs and they want more money to watch the sunderland game I see.That is unjustified 30.99 is a he'll of a lot just to get one match on the weekend of premiership football,Jacqueline Nicholson,,
2026-02-24T08:27:48.467890,TNT Sports,Trustpilot,2026-02-21T16:11:20.000Z,1.0,"Dissapointing video player. Automatically plays next video when i want to replay the first one, cant go back.Hard to find anything. Topics have little to none information, mostly generated empty sentenses.Had a bad experience.",Daniel,,
2026-02-24T08:27:48.471461,TNT Sports,Trustpilot,2026-02-20T22:13:45.000Z,1.0,"Wish I could put zero stars.  Glos v sale RU and yes again we have commentators with verbal diarrhoea,  one almost on the pitch putting off assistant ref and then because of all the replays we miss a conversion. When are you going to get your act together  TNT. Its a relief watching Premier  channel, they know how to cover a game",Liz Gudgion,,
2026-02-24T08:27:48.492414,TNT Sports,Trustpilot,2026-02-20T14:13:24.000Z,1.0,"TNT Sports coverage of the 2026 Winter Olympics is the worst sports coverage I have ever viewed.  I tune into a channel that is suppose to have an event and I find Curling is on.  Or I tune into a channel that is suppose to have an event and there sits a sports commentator and a guest, I don't recognize, giving opinions about the events.  Or there is coverage of only the last part of an event or the first part of an event and then the time is filled with a sports commentator and a guest, I don't recognize, giving opinions about the events.  If TNT Sports had to go through qualifications for the 2026 Winter Olympics, they would not qualify.  If I wanted to listen to someone talk about the 2026 Winter Olympics, I would only listen to talk radio.",Captain Rob,,
2026-02-24T08:27:48.501059,TNT Sports,Trustpilot,2026-02-17T13:15:48.000Z,1.0,The coverage of the Olympic games as been so poor with poor studio guests everything about it a complete waste of money this channel is with it being part owned by a American company I think its time to cancel,DRAC,,
2026-02-24T08:27:48.506537,TNT Sports,Trustpilot,2026-02-16T13:34:37.000Z,1.0,What a totally boring commentary on the UAE bike race please get rid of her! I for sure will not be watching the rest of the racing totally spoilt the viewing,phil oakes,,
2026-02-24T08:27:48.632176,TNT Sports,Trustpilot,2026-02-15T16:45:54.000Z,1.0,If I could provide no stars I would.  I am sick and tired of not being able to view some matches because of technical problems on TNT’s part.  When you try to access a sports channel via the Didcovery Plus app it does not recognise your email so you cannot get round it that way.  At this very moment I cannot access TNT Channel 5 to watch the FA. Up clash between Oxford and Sunderland.  No wonder they have lost Champions League rights.William,William Addison,,
2026-02-24T08:27:48.640316,TNT Sports,Trustpilot,2026-02-15T13:54:40.000Z,1.0,If I wasn't forced to have this channel with my sports subscription I would cancel it immediately. Easily the wokest company on TV even allowing for channel 4. Commentary based on tick boxes rather than ability and truly awful punditry. Please give us an option for crowd noise only. Please!,Dave Morrison,,
2026-02-24T08:27:48.696771,TNT Sports,Trustpilot,2026-02-13T16:00:51.000Z,1.0,"Biathlon was advertised on TNT Friday 13th February, where did it go?..... to pay to view.... I am  heartily sick of TNT trying to force viewers to pay, I for one cannot afford these ploys I am 80 years old and my only sport joys are Rugby and Biathlon...... bring back  Eurosport",Carol Levy,,
2026-02-24T08:27:48.732041,TNT Sports,Trustpilot,2026-02-11T21:56:22.000Z,3.0,"A lot of money for what it is. Worst thing is on full subscription if there are more than 4 games on, TNT 4 onwards are app based only through discovery plus the quality of which is very poor despite being on super fast broadband",David Thomas,,
2026-02-24T08:27:48.755124,TNT Sports,Trustpilot,2026-02-11T21:07:24.000Z,1.0,Would not give them 1 star but couldn’t write a comment without at least one star. This basically sums up the company absolutely useless. Don’t have enough room within  text limitations to say how bad this service is. I would rate A BIG 0. Absolutely useless,Helen Rooney,,
2026-02-24T08:27:48.803253,TNT Sports,Trustpilot,2026-02-11T20:50:05.000Z,1.0,"Olympics speedskating, commentary is so poor i turned the sound off, if you cant find better let someone else carry the broadcast",Dear Mr Wisman,,
2026-02-24T08:27:48.819650,TNT Sports,Trustpilot,2026-02-10T21:55:12.000Z,1.0,Taking Eurosport off air and thinking we're all dumb enough to pay almost 5 times as much for the same thing.NO THANKS.,RE,,
2026-02-24T08:27:48.838517,TNT Sports,Trustpilot,2026-02-07T21:55:35.000Z,4.0,"I went with TNT via Dicovery plus for the coverage of the Australian open 2026, I have read some reviews but in contrast found the coverage excellent, lost 1 star lost for too much commentary.  I streamed the US open 2025 through another provider and it was terrible,  , selected full matches, no replays or highlights, I got more coverage on you tube. I love tennis and would love to actually be there but if comparing  the monthly subscription and ticket cost  well there is none. I find what I pay and get to watch ie all matches is well worth it.",HACKET,,
2026-02-24T08:27:49.069471,TNT Sports,Trustpilot,2026-02-07T13:34:42.000Z,2.0,"Great sports. Unfortunately the rank amateur commentators leave a lot to be desired. Racism, no matter how mild, shouldn't be allowed and all transgressors should be sacked. Take the GB mixed pairs curling team and the Scottish commentator referring to the pair the ""Scottish couple"". Wrong they are competing for GB. That's racism TNT, or do you allow that? Commentators not giving their co hosts adequate air time by shouting over the top of them when they are in full flow. Take the p***k who commentates on the biathlon etc. His total lack of professionalism, selfish approach to his job and his ignorance should result in his firing. Buck up TNT. Get people whom can do the job.",slipshave,,
2026-02-24T08:27:49.084353,TNT Sports,Trustpilot,2026-02-04T23:42:20.000Z,1.0,Number of adverts are completely shocking . I don't expect to pay a monthly subscription and then also have to sit through hours of advertising. I can't see that I'll be renewing.,Ed Cook,,
2026-02-24T08:27:49.095439,TNT Sports,Trustpilot,2026-02-01T17:41:35.000Z,1.0,Just watching England vs Sri Lanka 2nd T20. They’re so disorganised they haven’t even got adverts at the same time as the local network. It just says back in a bit. The whole operation is very emerging market.,Hugo Clark,,
2026-02-24T08:27:49.184930,TNT Sports,Trustpilot,2026-02-01T13:10:25.000Z,3.0,"What's the difference between a 45 minute half a football match and Woman's cycle cross race of about the same time ? Answer 2 ad breaks of about 3-4 minutes, that's up 8 minutes often not even proper advertising just other sports in the future. So TNT Sports thinks it's OK to spoil 1 sport to advertise another.",Steve,,
2026-02-24T08:27:49.625714,TNT Sports,Trustpilot,2026-02-01T03:16:40.000Z,1.0,What an absolute joke that for the liverpool newcastle match you had 3 ex liverpool players as the only 3 pundits!,Gavin revell,,
2026-02-24T08:27:49.663788,TNT Sports,Trustpilot,2026-01-31T14:37:58.000Z,1.0,Thanks TNT for cutting off your recording of the Australian Open Ladies Final on match point!!! Absolutely hopeless!!!! Day after cutting off mens semi final before the end. ARGH!!!!!!!!,Catherine Hills,,
2026-02-24T08:27:49.921328,TNT Sports,Trustpilot,2026-01-31T12:34:26.000Z,1.0,Awful! We subscribed to watch the AO Tennis. The whole experience was awful. The Djokovic /Sinner match started at end of first set and abruptly stopped at the beginning of the third set?? Despite extensive searching we could not find it elsewhere. TNT are clearly not up to the job and should be allowed to bid for grand slam tennis. Finding anything in the first places takes ages as nothing is labelled and when it is labelled it’s sometimes wrong. Please TNT don’t bid again. Let someone else do a better job!,Binks,,
2026-02-24T08:27:49.926993,TNT Sports,Trustpilot,2026-01-30T20:28:55.000Z,1.0,"Coverage of Australian Open Tennis is appalling. After a few hours the licture disappears, to bexreplaced by computerised woodentops. It's Carlos Alcaraz like you've never seen hom before! And I'm paying £ 25.00 a month for this subscription?!",Linda Porter,,
2026-02-24T08:27:49.985962,TNT Sports,Trustpilot,2026-01-30T14:41:04.000Z,1.0,Paid £30 to watch the Australian Open.The only feed available is the stupid cartoons!!!! Who wants to watch that rubbish?!What kind of world are we living now???,zsoltimatrix,,
2026-02-24T08:27:50.055026,TNT Sports,Trustpilot,2026-01-30T11:02:54.000Z,1.0,TNT what a joke we watch the cycling  the coverage ia awful they cut they live action at ridiculous times  for adverts which there is far too many then advertise  other sports  on the screen which we have no interest  in  needs sorting  out people  subscribe to the channel  to watch live sports not bombarded  with adverts,Mr Noel Gladwin,,
2026-02-24T08:27:50.071437,TNT Sports,Trustpilot,2026-01-29T13:42:07.000Z,2.0,Fed up with wrong pronounciations of tennis players Eg it is NOT. Re Backina It’s re  Ba keena,MICHAEL HOPE,,
2026-02-24T08:27:50.387690,TNT Sports,Trustpilot,2026-01-28T23:54:12.000Z,1.0,Why do TNT Sport spoil Champions League viewing by interrupting matches with obscure boxes of other match results?  Surely they could show a thin line at the bottom of the screen similar to itv4 racing who display betting starting prices! It’s a no-brainer BT!,David Walters,,
2026-02-24T08:27:50.575385,TNT Sports,Trustpilot,2026-01-28T17:03:06.000Z,1.0,"Trying to watch the Australian Open....good luck with that.  Imposible to find replays of matches that were on while the whole country was asleep. This service is a joke and I'll be canceling my subscription. They show some live, the odd replay if you can find it & lots of whats comming up. How hard can it be in 2026 to have all the matches listed to click on. Utter rubbish.",jack schit,,
2026-02-24T08:27:50.817347,TNT Sports,Trustpilot,2026-01-26T16:34:30.000Z,1.0,Advertises all Australian Open matches on demand. Good luck finding them! Most aren't properly described so you have to trawl through them all to find the match you are looking for. I still can't find Shelton v Ruud 😡,Elizabeth,,
2026-02-24T08:27:50.843257,TNT Sports,Trustpilot,2026-01-26T14:42:52.000Z,1.0,"I mainly watch only sports, especially as I can't do any now. I was gutted when TNT took over Eurosport, as I watched that a lot, great sports coverage, via Virgin. So on renewal, I added TNT as an extra, as they have taken over Eurosport & many other sports. I can't actually afford it & I so wish I hadn't & saved my money. Their programming is appalling. When sports clash, I record to watch 'live' at my leisure. Dakar, no by or leave, my recordings were not what I ended up with a few times, tennis being one of the main things that wiped it out & that is already on multiple TNT channels. Right now, I'm supposed to be viewing LIVE ski mountaineering, NO, it's fishing! There have been many more times that their advertised sport is not on, I wish I had made note,  as it isn't a rare occurance. I can only imagine the hash up that will be their televising of the Winter Olympics. TNT is a disgrace! I would have marked it .1 if I could have.",Jenny J,,
2026-02-24T08:27:50.852160,TNT Sports,Trustpilot,2026-01-25T19:17:39.000Z,1.0,The TNT Discovery plus app is terrible. Trying to navigate to the event you want to watch is hard.  It is made harder by TNT frequently naming highlight wrong. Alpine skiing is presented in an awful format. Why can’t I search by specific locations and events. Why do I need to scroll through one massive list?  The app feels more like a school project than a massively overpriced commercial offering.,Fergus Hayne,,
2026-02-24T08:27:50.861118,TNT Sports,Trustpilot,2026-01-25T13:18:44.000Z,1.0,"TNT, I enjoy your rugby coverage but hate it when Clare Thomas commentates.  She is bar far the worst I've heard. She just fills the  space with extravagant analogies and makes incorrect statements. She clearly has no idea about what happening and just continually states names rather than productive commentary. She totally ruins my watching experience.  Please stop her commentating.",Richard Uren,,
2026-02-24T08:27:50.865703,TNT Sports,Trustpilot,2026-01-25T12:42:03.000Z,1.0,24/01: The Wawrinka v Fritz match was taken off of TNT and only shown on Discovery+. This was Wawrinka's final AU match and you choose to send it off to the other platform even though there were several unused red button screens.And then you do it again today with Zverev v Cerundolo.  6 screens were left unused.As a Virgin Media subscriber I am being short-changed as they do not provide Discovery+ as an incentive. I am not paying another £30+ per month to get Discovery+.,Bec,,
2026-02-24T08:27:50.933860,TNT Sports,Trustpilot,2026-01-24T17:54:39.000Z,1.0,Didn’t even want to give 1 star. Don’t get me started on how bad the ashes coverage was. But tonight’s ufc main event is tnt box office and it’s not even being shown in uhd all that money for the usual blurry tnt coverage. The sooner this lot go bust the better,Sophie Musins,,
2026-02-24T08:27:50.962738,TNT Sports,Trustpilot,2026-01-24T11:01:43.000Z,1.0,Second tier coverage. Poor commentary whether cricket or rugby. These companies may well compete to win this business but it is not leading an improvement in the quality of the service.,Customer,,
2026-02-24T08:27:50.973820,TNT Sports,Trustpilot,2026-01-22T10:15:09.000Z,1.0,Awful when so many tennis matches are being played why do they repeat what’s on TNT 3 on TNT5 and TNT4 in TNT 6 . If you have 7 channels it should be 7 matches not 3. Utter waste of money pity you had the Australian open on I wouldn’t give you a contract again,Debbie Churchill,,
2026-02-24T08:27:51.044349,TNT Sports,Trustpilot,2026-01-21T00:22:48.000Z,2.0,"I think the package from tnt sports u gave is good value for money.My personal issue is with there commentators and co commentators in the pain Darren Fletcher and Ally McCoist.All the former does is throw stats at you throughout any football match he us commentating on whilst the latter doesn't care who speaks as long as its Ally McCoist.Both are a complete pain in the,backside so my simple solution is to mute the commentary when they are on.....SHEER BLISS 😁😁",Bruce Loudon,,
2026-02-24T08:27:51.333179,TNT Sports,Trustpilot,2026-01-19T17:10:46.000Z,1.0,"TNT Sports scheduling is absolute rubbish.I subscribe to TNT Sports (through Virgin) primarily to watch MotorGP and so far they have not managed to male genital that up.However, I also follow WSBKs, SailGP and the Dakar Rally. I am sick to death of finding that they have either (1) moved the item to another channel (and for example: I have recorded fencing or Oz women's football) or dropped the coverage altogether. If they are going to carry on like this I shall kick them into touch and subscribe direct to the streaming channels for these sports",C Dawbarn,,
2026-02-24T08:27:51.655336,TNT Sports,Trustpilot,2026-01-17T18:12:42.000Z,1.0,"Total Nauseating Transmissions.Total Nauseating Transmissions.I don`t need to say any more.Originally posted 9th September 2025, then because I changed the words Total by adding an l and a y, as that seemed to make more sense, they decided to delete that revised edited post.",Pete,,
2026-02-24T08:27:51.846100,TNT Sports,Trustpilot,2026-01-12T23:55:06.000Z,1.0,"When will TNT sports get commentators who can give  an unbiased report because all they ever see is Manchester United ,Ally M,coist wasn't good enough to play for a decent.team but is a man u disciple who never give,s a team opposing man u any credit , he also appears to hate Liverpool no matter how they play",John Fegan,,
2026-02-24T08:27:51.936674,TNT Sports,Trustpilot,2026-01-12T23:41:16.000Z,1.0,Sack McCoist Totally frustrated with McCoist he’s not a commentator he just paps on too much about his opinions. Other commentators commentate not opinionate!!!,Paul Taylor?s,,
2026-02-24T08:27:51.942190,TNT Sports,Trustpilot,2026-01-12T06:29:03.000Z,1.0,Way too many adverts for £31/month - appalling quality,Roy Brown,,
2026-02-24T08:27:51.950232,TNT Sports,Trustpilot,2026-01-11T23:57:01.000Z,1.0,"Was told Amazon Prime was showing Arsenal v Portsmouth. Went on, clicked onto the game, it said it was on discovery that was 30.99 a month, I clicked to see what options there were - and with no acceptance by me, no consent, no confirmation they'd signed me up.",JS,,
2026-02-24T08:27:52.101299,TNT Sports,Trustpilot,2026-01-11T21:48:38.000Z,1.0,"Love football, HATE with vengeance football presenters ruining every match with their non-stop talking about anything that enters there head. If they were next to me in the crowd at a match there would be a riot and maybe a death or 2. I wanna watch football without their opinion of the game which by the way I can see for myself (I can understand that blind people can visualise the match, but these idiot aren't even describing the match or what's going on).  Sack that rubbish and invest in Crowd only option or maybe 1 presenter just naming the player on the ball. No one would go to a match if u had 2 TWxxS talking non stop telling you everything you can already see and also talking about sxxx no one cares about. Cancelling my subscription account because your wasting money on these over paid wankers. Below it says Date of experience, every match I've watched on TNT.",S Richards,,
2026-02-24T08:27:52.183692,TNT Sports,Trustpilot,2026-01-11T15:58:38.000Z,1.0,Both match commentators biased  to the championship side.  TNT Sports should  realise that there others leagues then the Premiership. Gave player of the match to a just a norm player where the keeper saved a penalty 5 out standing  saves biased full and full the whole channel.,Mark Fisher,,
2026-02-24T08:27:52.257677,TNT Sports,Trustpilot,2026-01-05T12:03:27.000Z,3.0,Why is the Ashes replay only on for 5 hours 59 minutes? We always miss the end of a days play ffs,Juice Terry,,
2026-02-24T08:27:52.270183,TNT Sports,Trustpilot,2026-01-04T15:47:25.000Z,1.0,"very poor, female commentator in particular is just reeling off cliche comments.  Clearly has never experienced the hostility of a Leeds vs ManU premier lge game.",PP,,
2026-02-24T08:27:52.343520,TNT Sports,Trustpilot,2025-12-28T12:36:17.000Z,1.0,Absolutely crap. Don’t waste your money on this channel.  Summerton and Fletcher are like having the chuckle brothers on Commentary. McCoist is ok rest poor. Glad its lost champions league. It felt 2nd rate on here,A Taylor,,
2026-02-24T08:27:52.450023,TNT Sports,Trustpilot,2025-12-27T19:29:27.000Z,1.0,"WOULD GIVE NO STARS IF POSSIBLE  !! paid over £30 a month to watch Gallagher premiership rugby, but now month will never renew. The matches were not in chronological order and appear in a random sequence, and some ""full"" matches only had half the game. Ever since the matches stopped on premier rugby website for free, the standard has gone down the pan",Graham Waddell,,
2026-02-24T08:27:52.452647,TNT Sports,Trustpilot,2025-12-27T19:08:46.000Z,1.0,"Awful - mostly rubbish commentary but above all trying to find the right recording of an overnight match (UK time) via Discovery+ is utterly painful - hard to see what recording is of which match, no logical order to recordings on Discovery+ accessed via Sky. Just a painful, frustrating experience for 80% of the time.",JG Moseley,,
2026-02-24T08:27:52.584807,TNT Sports,Trustpilot,2025-12-23T10:19:39.000Z,1.0,The Coverage of the Ashes Cricket was woeful. The presenters were very poor.  Compared by a football expert who knew little about cricket.  TNT take good money for rubbish coverage.  So very disappointing and no sign of improvement. Fans deserve better.,Birdseye,,
2026-02-24T08:27:52.607224,TNT Sports,Trustpilot,2025-12-23T00:55:30.000Z,1.0,"TNT sports coverage of the Ashes cricket has been perfectly aligned with the performance of the England team. Diabolical. When my friends and I wake up, we send a round robin WhatsApp message confirming the number of seconds  of delay required on the TV coverage so that it lines up with TMS on the radio - and we can then mute the TNT commentary. And breathe. Come on Sky. Please dig deep for the Ashes with proper cricketers and established commentators fronting up.",Stephen Holroyd,,
2026-02-24T08:27:52.670817,TNT Sports,Trustpilot,2025-12-20T01:11:29.000Z,5.0,"​Oh, Joy! The People’s Games (Behind a Paywall)​Isn’t it just heartwarming? The BBC—our stalwart champion of ""free"" public broadcasting—has heroically decided to protect us from the burden of watching the Commonwealth Games for free. In a stunning display of generosity, they’ve ""passed the torch"" to TNT Sports. Now, instead of the inconvenience of just turning on the TV, we get the privilege of paying a monthly subscription fee to see a hurdle cleared. Truly, it’s a victory for the common man’s wallet.​And let’s hear it for Glasgow! While those ""frugal"" Australians looked at the massive bill and said, ""No thanks, we’d rather keep our economy intact,"" Glasgow stepped up like the friend who offers to buy the whole pub a round when they’ve forgotten their wallet.​The city and its taxpayers are practically tripping over themselves to welcome the expenses. Because if there is one thing a city needs more than functioning infrastructure, it’s the fleeting glory of hosting a sporting event that half the world forgot was happening.​I genuinely hope the games are a ""splendid"" time for everyone involved. After all, nothing says ""community spirit"" like a sporting festival you have to pay a premium to witness from your own living room.​Glasgow East.......",EVAGORAS CHRISTODOULOU,,
2026-02-24T08:27:52.676754,TNT Sports,Trustpilot,2025-12-19T15:18:13.000Z,1.0,Worst cricket coverage for the Ashes there has ever been. Bring back Sky Sports please!,Phil,,
2026-02-24T08:27:52.679876,TNT Sports,Trustpilot,2025-12-18T03:22:58.000Z,1.0,Ashes commentary is beyond bias from Graham Swann. It is almost racist against Australians,Alana Britton,,
2026-02-24T08:27:52.693630,TNT Sports,Trustpilot,2025-12-17T15:14:38.000Z,2.0,"I love rugby and cricket only, subscribed to TNT Sports/Discovery Plus, but now disappointed because replays e.g. The Ashes right now are truncated - experienced this during previous matches and thought it was just a one-off but the replay for day 1 of test 3 is 6 hours long including the preamble and breaks and ends a few hours before the end of the day's actual action. No idea what the problem is but this is table stakes for a service costing this much. Cancelled my sub. Hope they sort it in time, might come back if they do.",Anton de Swardt,,
2026-02-24T08:27:52.742181,TNT Sports,Trustpilot,2025-12-15T14:59:36.000Z,1.0,I could care less about the sports they show crap games but my problem is they had the show Supernatural on daily for the last 20 years and all of a sudden they take it off but keep the cheesy Charmed on all day long. Really? That show sucks the actresses are freaking terrible and the special effects are a joke,Jerry Holmes,,
2026-02-24T08:27:52.755458,TNT Sports,Trustpilot,2025-12-12T00:04:56.000Z,1.0,"Having been a subscriber of BT Sports from day one and then obviously being forced to change to TNT Sports through no choice of my own, I for one am glad that they have lost the contract for showing Euro matches. TNT coverage is a joke. As soon as the matches are over they go onto review the next set of matches. Every channel. All I want is to see, is the scores of the nights matches but no. Not them. All channels switch to the next round of matches on the screen 0.01 second after the match they've just shown has finished. Absolutely 100% relieved they'll be gone after next season. TNT Sports, you are a disgrace and a joke. I can't say thank you as there is nothing to say thank you for. So it's goodbye from me, and its goodbye from him 👋",Barry Gibson,,
2026-02-24T08:27:52.761006,TNT Sports,Trustpilot,2025-12-11T00:02:54.000Z,1.0,"The football commentary is simply inane. Fletcher just keeps spouting absolute nonsense. Could somebody tell him less is more. Also McCoist, could somebody please explain what he actually contributes. This coverage is better with the sound off!",JONATHAN HART,,
2026-02-24T08:27:52.772984,TNT Sports,Trustpilot,2025-12-10T15:02:57.000Z,1.0,"Finally I can look forward to watching Champions League again from 2027, when the garrulous Darren Fletcher and his mates  at TNT will be removed from our televisions.He can leave knowing his ability to ruin even the best of matches by spouting inane drivel is still intact!",Mr Geoff Levy,,
2026-02-24T08:27:52.801221,TNT Sports,Trustpilot,2025-12-06T10:45:46.000Z,1.0,Never show cricket matches on schedule. I happen while Asia cup and this time they are showing Live Ashes on both channels TNT1 and TNT2 they are scheduled to show India Vs South Africa 3rd and final ODI match. I pay TNT to watch cricket match only. Poor rubbish service.,Ben’s iphone,,
2026-02-24T08:27:52.815859,TNT Sports,Trustpilot,2025-12-04T07:05:46.000Z,1.0,I'd rather take my chances with a dodgy pirate site than use this pile of dog turd again.,Shaun,,
2026-02-24T08:27:52.890540,TNT Sports,Trustpilot,2025-11-25T15:14:25.000Z,1.0,"Can someone please tell Darren Fletcher to actually commentate on the game and not keep blinding us with football statistics. One game I was watching he took over 2 minutes from the start to actually mention anything about the game he was supposed to be commentating on. I want to know who's passing the ball to who, or who's just taken a shot not how much someone cost the club or how many games the manager has been in charge for. Listening to him and Ally Mc.Coist nattering about football is like two annoying blokes in the pub. Sometimes I have to turn the sound off.",Steve Flitton,,
2026-02-24T08:27:52.962022,TNT Sports,Trustpilot,2025-11-23T19:45:14.000Z,1.0,"The TNT Cricket commentary and coverage has been terrible. It lacks atmosphere, personality and  entertainment. Without the Aussie commentators such as a Ponting providing balance its one sided.  Will they listen or just assume we will hand over the money for a poor product.",garjinder basi,,
2026-02-24T08:27:52.967256,TNT Sports,Trustpilot,2025-11-23T19:26:39.000Z,1.0,What is that absolute clown Austin Healey doing on TNT!He was and remains clueless on Eugby and proved it again in the England v Argentina game today.Some of the utter garbage he was spouting was ridiculous even for that IQ challenged clown.M paying money to have to put up  with him.Please get rid of him!,Rich James,,
2026-02-24T08:27:53.049161,TNT Sports,Trustpilot,2025-11-22T21:10:20.000Z,2.0,Once again periodically losing picture and/or sound during Rugby match (IRE v RSA). Luckily subscription finishes at end of month. Won’t be using TNT again no matter what rugby it’s showing.,David Perry,,
2026-02-24T08:27:53.337706,TNT Sports,Trustpilot,2025-11-22T19:54:24.000Z,1.0,The constant talking and over exaggeration of everything by the main rugby commentators ruins the coverage for me. I have started watching it muted.,Panama,,
2026-02-24T08:27:53.342676,TNT Sports,Trustpilot,2025-11-22T19:54:22.000Z,1.0,"TNT sport on Discovery + more buffering than rugby watched in the Autum tests! All other apps working fine so no probkem with broadband, but TNT on D+ is awful. Very,very poor service!",Caroline,,
2026-02-24T08:27:53.346306,TNT Sports,Trustpilot,2025-11-21T11:31:48.000Z,1.0,The Ashes coverage without proper cricket commentators. A travesty. I’ll try radio if it’s available. Shocking,Consumer,,
2026-02-24T08:27:53.354610,TNT Sports,Trustpilot,2025-11-18T15:59:12.000Z,3.0,I was watching live rugby at the weekend and the game was cut off before the game had been completed ran out of time !!!This cannot be right they must value their customers first to secure their long term loyalty and success.,Michael Dawes,,
2026-02-24T08:27:53.363658,TNT Sports,Trustpilot,2025-11-15T16:28:11.000Z,1.0,"Wish I could give -10 ! Utterly appalling. Advertused phone number on the sub page doesn't work. Calls to BT are an absolute labyrinth. Charged £33.99 for sub. Spent 1 hrs on Saturday trying to get it. Staffer unable help. Couldn't cancel until Sunday - another 30 mins. Email cancelled sub but that could still see it fir 1 month ! 30 mins call on Thursday asking Where's my money as I can't access the service. Told how to do it. Ok I said. On Saturday no service! No subscription! 1hr n 20 mins later....3 staffers unable to give me the service. Spoke to an argumentative and contradictory idiot in ""accounts"" who didn't want to refund the whole subscription. Eventually, sge agreed to do so. Not waiting with bated breath here. Going to complain & ask for compensation as the tiral time I spent was 4hrs paying them to not provide a service and to make me angry and distressed. Absolutely ruined 2 weekends and rest of the Rugby Autumn internationals. No pubs showing them as the viewing service is appalling I see here abd the charges villainous. Also, no pub going to advertise it as the service is unlikely to appear !! UTTERLY DISGRACEFUL",David Stevens,,
2026-02-24T08:27:53.372776,TNT Sports,Trustpilot,2025-11-09T20:20:15.000Z,1.0,"Tried watching rugby on Kindle Fire app. Very difficult to navigate if you don't want one of their recommendations. Schedules only show times, not channels. Have to use Discovery app - TNT app seems to be soccer and American sport. Even with FTTP, transmission isn't reliable, stutters, freezes.",Peter Fowler,,
2026-02-24T08:27:53.375439,TNT Sports,Trustpilot,2025-11-09T13:46:28.000Z,1.0,"Purchased the month by month subscription option via Amazon Prime Video. Then got charged a lower amount but put onto their annual subscription. What a scam. Contacted Amazon (which was not that easy) who said it was a glitch. Given than this is happening to lots of people in the UK, I doubt it.",Chris B,,
2026-02-24T08:27:53.380412,TNT Sports,Trustpilot,2025-11-08T22:29:03.000Z,1.0,"Stuck with these clowns on Quilter rugby. Camera angles are awful, spend most of match with a view like you are outside the stadium it’s so far away. They miss the key action, commentary rubbish, picture quality dismal, sound quality poor, and as expensive as sky sports. Total rubbish. Wouldn’t touch them if it wasn’t a monopoly. Sort yourselves out TNT either do it properly or let someone else… grr",Consumer,,
2026-02-24T08:27:53.386448,TNT Sports,Trustpilot,2025-11-08T18:40:39.000Z,1.0,QuilterRugby. Last week they blamed host broadcaster in Chicago for sound coverage. What’s the excuse this week? Losing sound ever few minutes. Even losing sound during adds. Provided via Sky - Anything but a premium service. 1 gig FTP UP & down.,David Perry,,
2026-02-24T08:27:53.415530,TNT Sports,Trustpilot,2025-11-08T15:58:45.000Z,2.0,"Noticed in the last month or so that their 4K UHD/HDR football is nothing like.  It used to be very good. Looks more like upscaled 1080p & in some cases upscaled 720p content now. This is via the Discovery app, & have tried it on LG TV app, 4K Firestick & Apple TV box, & all devices show the same downgrade in picture quality on Discovery+ for the TNT Sports Ultimate 4K Channel. Every match now the grass is not clear, it looks fake, the players all have obvious sharpening issues around them. I can switch to other 4K channels/streams on the same devices & they are flawless in comparison. Just for info I have 1gig fttp internet line. In the past I would have easily given them a 4 & maybe a 5 star score on the basis of their picture quality on TNT Sports Ultimate via the Discovery+ app.  To me this just looks like a bandwidth/cost saving exercise, change codec to a more efficient one, cut the bandwidth, & it looks like they have taken it too far.",Mel,,
2026-02-24T08:27:53.417848,TNT Sports,Trustpilot,2025-11-08T15:48:49.000Z,3.0,I dread watching TNT football coverage because I have to put up with Darren Fletcher’s non stop chatter. It’s like watching a match with the most annoying person next you who is telling what you can see. It’s not a radio commentary please give viewers a chance to watch without talking all the time. Please leave pauses so we can enjoy the game without the constant drone of rubbish,Piers Harrison,,
2026-02-24T08:27:53.435991,TNT Sports,Trustpilot,2025-11-08T10:53:52.000Z,1.0,"If you are a sports fan considering a subscription to TNT Sports, especially for their cricket coverage via Amazon Prime Video Channels, be warned: you are about to pay an exorbitant fee for what feels like the absolute cheapest form of broadcasting available.The biggest issue is the ridiculous pricing structure. To access this content, you are essentially forced into a high-cost add-on through Amazon Prime, which serves only to complicate the process and inflate the overall expense. For the premium price they demand, you expect a premium, comprehensive sports channel, but what you get is a barren wasteland of content that barely covers the essentials.This becomes painfully obvious when watching cricket. The coverage is minimal, starting essentially right at the first ball and cutting off immediately after the final moment of play. There is no pre-match build-up, no discussion of team strategies, and most critically, zero post-match analysis or talk shows.",A Kumar,,
2026-02-24T08:27:53.466377,TNT Sports,Trustpilot,2025-11-02T00:24:54.000Z,1.0,"Actively want to spend money with this company to gift a family member membership, when this company has actively removed easy access to sports content through bidding to have exclusive distribution rights and insisted people sign up…. Yet you can’t easily buy anything. Terrible experience, do not deserve any customers. Awful.",Rob,,
2026-02-24T08:27:53.476627,TNT Sports,Trustpilot,2025-11-01T17:27:19.000Z,1.0,"The worst experience possible. Overly expensive and just rubbish, constantly stuttering and buffering on a 1gb fttp connection. Like watching on dial up. Useless avoid or you too will feel scammed.",chris hampe,,
2026-02-24T08:27:53.484471,TNT Sports,Trustpilot,2025-10-27T00:27:55.000Z,5.0,I watched tnt rugby union  today  Gloucester v Saracens ladies the match was great to watch and woman's rugby is gaining a huge support  - well done girls .However the commentary was dreadful non stop talking the greatest commentator Bill McClaren quoted tv commentary is different to radio the viewer can see what's going on only talk when necessary get rid of these hopeless  commentators on mens and woman's rugby tnt !!!!!,Ciderrod,,
2026-02-24T08:27:53.494085,TNT Sports,Trustpilot,2025-10-25T21:31:24.000Z,1.0,The quality of the coverage is poor. Everythibg feels cheap.,Martin Stedman,,
2026-02-24T08:27:53.585971,TNT Sports,Trustpilot,2025-10-24T20:40:19.000Z,1.0,I have paid for the rugby and I get HUNDREDS of adverts - terrible,GM,,
2026-02-24T08:27:53.601160,TNT Sports,Trustpilot,2025-10-22T22:02:26.000Z,1.0,"Snooker coverage is appalling. The pictures are very jerky, the cue ball actually looks like stop motion animation the refresh rate is so bad. It would be poor value at £10 a month. At £31 it’s an absolute rip-off joke.",Steve Robinson,,
2026-02-24T08:27:53.603696,TNT Sports,Trustpilot,2025-10-19T13:13:46.000Z,1.0,"Paid for a month of TNT sports to watch the motogp race @ philip island as its generally the best race of the year. Put it on my playlist to watch it later in the day as its obviously on over night due to the time difference. Despite it being series linked its unavailable to watch.  Absolute waste of money, its no wonder people are buying dodgy firesticks. I will never pay for it again.",Andrew Russell,,
2026-02-24T08:27:53.606900,TNT Sports,Trustpilot,2025-10-18T15:24:30.000Z,1.0,"Like millions of viewers I pay to watch TNT sports , I pay to watch skilled footballers whatever their skin colour. But trying to watch ie premier league, Nottingham Forest v Chelsea and others on TNT sports is quite disgusting, having (NO ROOM FOR RACISM) flashed on the screen every few seconds is not what I pay for. I will be cancelling TNT sports",customer,,
2026-02-24T08:27:53.610571,TNT Sports,Trustpilot,2025-10-18T13:45:13.000Z,1.0,So called experts aren’t,customer,,
2026-02-24T08:27:53.614690,TNT Sports,Trustpilot,2025-10-15T14:02:15.000Z,1.0,"I mostly watch cycling & skiing. Unlike reviews of other sports on here,  commentary on both is excellent and plenty of coverage but ""support"" is awful, truly useless. As other reviews of the app confirm, the Chromecast symbol has suddenly vanished, so no option to cast to TV screen (screen mirror says D+ doesnt support latest Android..) & all they keep saying is 'click on the cast symbol' 'send a screen shot'  Aaaaaarrrrrrgggghh. But d+/tnt have a monopoly in UK so theres no (official)  choice . You guys watching football & other premium sports should be pleased we ex Eurosport subscribers are subsidising your viewing- we used to pay under £10  a month!!",w roberts,,
2026-02-24T08:27:53.700373,TNT Sports,Trustpilot,2025-10-04T22:15:13.000Z,1.0,"Commentators are joke. Fletcher is a Nottingham Forest fan yet is allowed to commentate on their games - no impartiality there then (what would we expect from someone who thinks Clough was a better manager than Paisley of Fergie) . He and McCoist are just plain annoying, I turn down the sound when they are on",Stuart Clapham,,
2026-02-24T08:27:53.716043,TNT Sports,Trustpilot,2025-10-03T22:19:42.000Z,1.0,Terrible rugby union commentary on tnt.Why do they pointless interviews during the game?Why can they just commentate on the game?Loads of useless banter all the way through matches.So unprofessional,Bruce Wass,,
2026-02-24T08:27:53.737331,TNT Sports,Trustpilot,2025-10-03T10:34:58.000Z,1.0,"These people have absolutely ruined coverage of the Champions League.They have totally butchered the Champions League Goals Show, which used to be the best football programme on TV. They had a panel of three intelligent, knowledgeable European journalists, chaired by the excellent James Richardson. Now we have to suffer plebs like Joe Cole, Steve McManaman, some unknown woman with no experience of mens football let alone Champions League. Fronted by some downmarket Scouser.  It's terrible. They offer no insight, have virtually no combined knowledge of European teams - all they can comment on is the Premier League clubs, or what we can already see for ourselves with our own eyes. Constantly talking over one another. some of them can barely string a sentence together.Whoever destroyed this previously successful format should be sacked.And don't get me going on the dreadful co-commentary by Lucy Ward. Games that she is on are unwatchable.",London Paolo,,
2026-02-24T08:27:53.740539,TNT Sports,Trustpilot,2025-09-28T18:32:20.000Z,1.0,"Asia Cup 2025.2nd review in space of week, so the final between India v Pakistan, they show every other sport and dont start the actual match (also show some highlights of another insignificant Cricket match as well lol..) until the National Anthems. People want to see the Coin toss but no, they wont be showing that.",Mitesh Damji,,
2026-02-24T08:27:53.743335,TNT Sports,Trustpilot,2025-09-28T10:37:26.000Z,1.0,"TNT sports, you’re ashamed and embarrassed to sports media, when ever Indian cricket didn’t perform there are no highlights or any news afterwards, for a example recent Asia cup, Sri Lanka vs India highlight not there and all other games highlights on there, shame on you favouring India and acting like a international sports channel",civicplus m g,,
2026-02-24T08:27:53.919452,TNT Sports,Trustpilot,2025-09-28T09:27:49.000Z,3.0,"Once again the recording of a MotoGP race is incorrect.  There is no race footage of the Japanese MotoGP, just the pre race chat.",JH,,
2026-02-24T08:27:54.195915,TNT Sports,Trustpilot,2025-09-21T18:52:22.000Z,1.0,Extremely poor service. I took TNT paid service specially to watch India vs Pakistan in Asia Cup. Guess what the live schedule says Live India vs Pakistan match but they are showing another match and after the match showed full match presentation and all analysis but the India vs Pakistan cricket live match as showing in their schedule. Can’t get worse - never again paying TNT.,amit a,,
2026-02-24T08:27:54.199899,TNT Sports,Trustpilot,2025-09-21T16:42:46.000Z,1.0,"This is worse than Sky Sports Broadcasting, you’ve payed out big money in tens of millions for broadcasting rights only to show a delayed rained off Ireland vs England instead of India vs Pakistan, the company has become the biggest joke, one thing that unites all sets of fans is how you’ve made the Asia cup nearly inaccessible. Why am I having to watch the upto 17:15 on a stream no sense no logic, welcome to TNT + Discovery.I hope this company loses the rights to broadcast these cricket tournaments in the future inshallah!",dym,,
2026-02-24T08:27:54.203448,TNT Sports,Trustpilot,2025-09-21T12:27:45.000Z,1.0,Complete ripoff by TNT Sports - you pay £31 per month as you promote exclusive telecast rights of all Asia cup cricket matches and half the matches are overlapping with another sport like football or snooker. You have 5 channels to spread different sports. Today's Ind Vs Pak Super 4 match will only be shown when half the match is over... Does anyone know the regulator to complain about this poor service...,Nitin Parab,,
2026-02-24T08:27:54.206622,TNT Sports,Trustpilot,2025-09-20T13:36:14.000Z,1.0,"Charges 31 pounds a month which is the same money I’d spend on the newest iPhone out, absolute joke how is this company still in business?",Jay Mccullagh,,
2026-02-24T08:27:54.210746,TNT Sports,Trustpilot,2025-09-20T13:14:45.000Z,1.0,"No option for a day pass for premier league matches like nowtv, and only showing 4 prem games per month for the rip off price of £30.99? Joke.Give us day pass options or stop buying rights to 9 prem games a year",ThatOneNerd / Loser,,
2026-02-24T08:27:54.214247,TNT Sports,Trustpilot,2025-09-18T09:50:16.000Z,1.0,Last night's coverage of LFC v Atleti was appalling: talking drivel all through YNWA and then cutting out the crowd so that Fletcher and McCoist can shout their way through commentary - it ruined a great match Upvote1Downvote Replyreply,Michael Gornall,,
2026-02-24T08:27:56.010589,TNT Sports,Google Play Store,2026-02-22T22:20:49,5.0,better sports,Buruhan Mafabi,,
2026-02-24T08:27:56.037068,TNT Sports,Google Play Store,2026-02-14T00:16:23,5.0,excellent service,Keith Minton,,
2026-02-24T08:27:56.042652,TNT Sports,Google Play Store,2026-02-06T14:09:11,5.0,This is very exciting 😄😃,Mathew Kibet,,
2026-02-24T08:27:56.045518,TNT Sports,Google Play Store,2026-02-01T22:19:28,5.0,all good now that David Gower is on the cricket commentary. good tnt is covering world wide all forms of mens cricket,Andrew Smith,,
2026-02-24T08:27:56.047884,TNT Sports,Google Play Store,2026-01-31T00:05:23,1.0,"None of your alerts lead to a story, but to an Olympics landing page. Fix!",John Nash,2026-01-31T00:22:27,"Hi John thank you for taking the time to leave a review, we always appreciate feedback regarding our app. We'll pass your comments to our team to help us improve future customer experience. If you need assistance, please email us at support@discoveryplus.co.uk. Kind regards, discovery+ Customer Support"
2026-02-24T08:27:56.082599,TNT Sports,Google Play Store,2026-01-26T23:47:35,5.0,can catch up on latest football results.,Rozzane Mooney,,
2026-02-24T08:27:56.337754,TNT Sports,Google Play Store,2026-01-21T13:28:10,5.0,Provides wide coverage of sports not visible elsewhere.,Richard Pattrick,,
2026-02-24T08:27:56.348574,TNT Sports,Google Play Store,2026-01-20T19:37:20,5.0,like sky used to be .... only way better👍,Terry Spurgeon,,
2026-02-24T08:27:56.358529,TNT Sports,Google Play Store,2026-01-13T16:10:01,5.0,I'm loving it 💛,Iguosadia ekhator,,
2026-02-24T08:27:56.360874,TNT Sports,Google Play Store,2026-01-13T15:44:40,5.0,Nice 👍 app,Vinita,,
2026-02-24T08:27:56.600953,TNT Sports,Google Play Store,2026-01-12T03:31:00,5.0,Excellent,Lukmon Abiola,,
2026-02-24T08:27:56.627663,TNT Sports,Google Play Store,2026-01-10T12:40:22,4.0,"Good content, but sometimes clunky",Julia Firth,,
2026-02-24T08:27:56.753648,TNT Sports,Google Play Store,2026-01-06T21:41:58,5.0,Great coverage!,Christopher BEST,,
2026-02-24T08:27:56.961125,TNT Sports,Google Play Store,2025-12-18T09:07:23,2.0,poor,Tam Tomney,,
2026-02-24T08:27:56.987338,TNT Sports,Google Play Store,2025-12-18T03:58:42,5.0,good,retina storm,,
2026-02-24T08:27:57.164046,TNT Sports,Google Play Store,2025-12-13T08:29:29,5.0,very Good,Onyekachukwu Mark,,
2026-02-24T08:27:57.171342,TNT Sports,Google Play Store,2025-12-04T20:58:42,5.0,very good,Zeeshan Zeeshan65,,
2026-02-24T08:27:57.205954,TNT Sports,Google Play Store,2025-12-01T11:04:26,1.0,it's not working for those outside Europe.geographical restrictions,Kugonza Hassan,2025-12-01T13:47:17,"Hi Kugonza, thanks for your feedback. I understand you are unable to access TNT as you're outside of Europe. Please feel free to send us a DM via https://support.discoveryplus.com/gb/Home/Index and select 'Contact Us' and we'll be happy to assist you with further information. Thank you, discovery+ Customer Support"
2026-02-24T08:27:57.208780,TNT Sports,Google Play Store,2025-11-30T18:09:00,1.0,"The app has no any link to watch live game it's only update and games highlight, you guy stop scumming us with fake apps, we need quality app,",Benardinho Musyoki,,
2026-02-24T08:27:57.211434,TNT Sports,Google Play Store,2025-11-27T02:24:54,4.0,Broadly excellent but some of the commentators over do statistics. This can be a serious and annoying distraction. Keep it for gaps in the game. Less is more.,Huw Jones,,
2026-02-24T08:27:57.217412,TNT Sports,Google Play Store,2025-11-26T06:03:20,5.0,"This App is absolutely sublime, beautifully designed , generous free highlights & expert analysis .",Anthony Fallon,,
2026-02-24T08:27:57.220448,TNT Sports,Google Play Store,2025-11-23T22:09:47,5.0,good 👍,Kun Bak,,
2026-02-24T08:27:57.347081,TNT Sports,Google Play Store,2025-11-17T11:25:34,5.0,EVERYTHING IS EXECELLENT,Colin Davies,,
2026-02-24T08:27:57.416119,TNT Sports,Google Play Store,2025-11-10T01:06:12,5.0,TNT Sports Is Great 👍,Denis,,
2026-02-24T08:27:57.498503,TNT Sports,Google Play Store,2025-11-09T12:35:10,5.0,Great fun to read about sports here,Michael MC Mullen,,
2026-02-24T08:27:57.502670,TNT Sports,Google Play Store,2025-11-09T01:15:07,1.0,"its not just ths app this is rubbish the coverage is poor, the need to offer a ""crowd only"" option so you done have to lisen to the ex footballers going on and on, i assume the reply is AI, i dont need help have deleted the app and cancelled TNT sport much like the owner they dont deliver.",Martin Stedman,2025-11-09T01:10:57,"Good Evening Martin, thanks for taking the time to leave a review, we always appreciate feedback regarding our app. We will pass your comments to our team to help us improve future content for our customers. If you need assistance, please contact us at https://support.discoveryplus.com/gb/Home/Index. discovery+ Customer Support."
2026-02-24T08:27:57.600850,TNT Sports,Google Play Store,2025-11-06T00:39:50,5.0,not work please check 😢,Jemal Obsaa,,
2026-02-24T08:27:57.619640,TNT Sports,Google Play Store,2025-11-03T20:22:58,5.0,that okay for me no matter what is a good all sports .😊😊😊,Lenford Allen,,
2026-02-24T08:27:57.670348,TNT Sports,Google Play Store,2025-11-02T14:18:45,5.0,Good sport!,Andrew Wilson,,
2026-02-24T08:27:57.675950,TNT Sports,Google Play Store,2025-11-02T01:03:53,5.0,good💝,Arinze Emmanuel,,
2026-02-24T08:27:57.707290,TNT Sports,Google Play Store,2025-10-31T03:35:46,5.0,app works well on Android tablet,Tony Jones,,
2026-02-24T08:27:57.735288,TNT Sports,Google Play Store,2025-10-30T20:43:15,5.0,Good football games coverages from across the world with good pontentory,Sohrab Ghavami,,
2026-02-24T08:27:57.850903,TNT Sports,Google Play Store,2025-10-28T02:42:52,5.0,"TNT.. When I First Downloaded & Connected I Was Unsure, Thought, Just A Wanna Be Sports Channel, I Can Honestly Say You've Grown And The Content Is Right Up There. The Sporting Journey Is Refreshing, The Information. Games & Reviews For Me Is Satisfying.. Thank You Very Much, Im Impressed. A Big Thank You To All The TNT Team Staff. Those Behind The Scenes Too May Your Success Continue.",Michael Small,,
2026-02-24T08:27:57.864695,TNT Sports,Google Play Store,2025-10-23T22:52:55,5.0,good sport channel and app,Lee Charles Freeth (Charlie),,
2026-02-24T08:27:57.883009,TNT Sports,Google Play Store,2025-10-22T01:03:59,1.0,let me make the perfectly clear to you. YOU DO NOT NEED TO SEND A NOTIFICATION ABOUT EVERY F..KING THING THAT HAPPENS. constant notifications about everything.,Mek Dawson,2025-10-22T15:17:07,"Good Afternoon Mek, thanks for taking the time to leave a review, we always appreciate feedback regarding our app. We will pass your comments to our team to help us improve future content for our customers. If you need assistance, please contact us at https://support.discoveryplus.com/gb/Home/Index. discovery+ Customer Support."
2026-02-24T08:27:57.898828,TNT Sports,Google Play Store,2025-10-20T09:49:36,5.0,uhhhj,Ajay Singh,,
2026-02-24T08:27:57.922917,TNT Sports,Google Play Store,2025-10-19T10:26:27,5.0,star sports live Sports Guide APK download link,Naresh Dhami,,
2026-02-24T08:27:57.958347,TNT Sports,Google Play Store,2025-10-19T02:08:48,4.0,"I'm enjoying the content much better than SkySports biased take on the ""Big"" teans, but it's a bit slow to load at times.",Robert Bailey,,
2026-02-24T08:27:57.964501,TNT Sports,Google Play Store,2025-10-18T11:26:34,5.0,Great to be able to customise your sports headlines!,Alex Drummond,,
2026-02-24T08:27:57.988328,TNT Sports,Google Play Store,2025-10-18T10:25:38,5.0,Informative and interesting news snd articles,S & N Maclaurin,,
2026-02-24T08:27:57.998519,TNT Sports,Google Play Store,2025-10-02T23:15:00,1.0,"can't log in, I pay so much money every month and can't even log in on the app. no reason, no movement, just nothing.",John Aucott,2025-10-03T15:05:08,"Hi John, thank you for contacting us. I understand you are unable to log in. Please contact us via our help centre for further support - https://support.discoveryplus.com/gb/Home/Index discovery+ Customer Support."
2026-02-24T08:27:58.025425,TNT Sports,Google Play Store,2025-09-28T23:10:51,1.0,worst channel. stopped the final moments of the match was stopped.,Purva Patwari,2025-09-29T18:34:16,"Hi, thank you for contacting us. I appreciate your feedback and will make our team aware as we are always looking at improving our services. If you require any support please contact us via our help centre - https://support.discoveryplus.com/gb/Home/Index discovery+ Customer Support."
2026-02-24T08:27:58.030820,TNT Sports,Google Play Store,2025-09-18T23:18:21,1.0,you can't watch the live games,DEEQA ABDIRAHMAN,2025-09-19T13:17:00,"Hi Deeqa, thanks for your feedback regarding the live games on TNT Sports. I'm sorry to hear you were unable to watch the live games, please could you contact us via https://support.discoveryplus.com/gb/Home/Index and select 'Engage With Us' so we can assist you further? Thank you! -discovery+ Customer Support"
2026-02-24T08:27:58.083351,TNT Sports,Google Play Store,2025-09-11T15:45:55,5.0,it's good,Muganyizi,,
2026-02-24T08:27:58.086142,TNT Sports,Google Play Store,2025-09-06T03:41:55,5.0,Terrific,Major John Lockie,,
2026-02-24T08:27:58.090778,TNT Sports,Google Play Store,2025-08-31T21:38:43,1.0,Rip off.,D Riches,,
2026-02-24T08:27:58.163824,TNT Sports,Google Play Store,2025-08-27T02:49:41,1.0,league cup and they won't even show who scored. Trash app.,Kevin Sinani,2025-08-27T22:31:10,"Hi Kevin, thank you for taking the time to leave a review, we always appreciate feedback regarding our app. We'll pass your comments to our team to help us improve future content for customers. Kind regards, discovery+ Customer Support"
2026-02-24T08:27:58.350760,TNT Sports,Google Play Store,2025-08-27T02:25:32,5.0,Professional,Terence Fortune,,
2026-02-24T08:27:58.459902,TNT Sports,Google Play Store,2025-08-22T23:40:35,5.0,very good,Awara Nkanu,,
2026-02-24T08:27:58.470125,TNT Sports,Google Play Store,2025-08-21T01:37:21,5.0,💡🥇,Leon Campbell,,
2026-02-24T08:27:58.473501,TNT Sports,Google Play Store,2025-08-20T23:47:56,5.0,excellent,William Comerford,,
2026-02-24T08:27:58.511186,TNT Sports,Google Play Store,2025-08-19T19:25:51,5.0,very good sports app I like it,Anthony Hobson,,
2026-02-24T08:27:58.520550,TNT Sports,Google Play Store,2025-08-17T15:34:51,5.0,it's Brilliant,Clifford Kerton,,
2026-02-24T08:27:58.547126,TNT Sports,Google Play Store,2025-08-15T14:06:13,4.0,unfortunately I can't afford the real thing.,geoff woodward,,
2026-02-24T08:27:58.569137,TNT Sports,Google Play Store,2025-08-13T12:58:20,5.0,very good thankyou,P Westgate,,
2026-02-24T08:27:58.596194,TNT Sports,Google Play Store,2025-08-09T21:46:17,4.0,European football is a bonus,Michael Emss,,
2026-02-24T08:27:58.600888,TNT Sports,Google Play Store,2025-08-08T23:25:52,5.0,Nice 🙂🙂,Sajid Mansuri,,
2026-02-24T08:27:58.604563,TNT Sports,Google Play Store,2025-08-06T18:54:13,4.0,"very good, and getting better",clive cato,,
2026-02-24T08:27:58.610461,TNT Sports,Google Play Store,2025-08-03T18:51:20,5.0,it's all there superb,Rob Burton,,
2026-02-24T08:27:58.614578,TNT Sports,Google Play Store,2025-08-01T16:29:07,1.0,all my favourite sports have just disappeared because of technical error messages on app just now please fix this this needs to be updated had same issue when it was the eurosport app aswell when can I expect to see a fix for this problem it been nearly 4 months now and the above problem is still not fixed very unprofessional from you another week has passed and the above problem still not fixed come on will you get it sorted the update of today still hasn't fixed it how long does it take to fix,terry mcloughlin,2025-04-04T00:31:03,"Hi there Terry, thank you for your feedback! We are sorry to hear that all your favourite sports disappeared from the app. We will make sure to pass the feedback to our team. Kind regards, TNT Sports Customer Support"
2026-02-24T08:27:58.617699,TNT Sports,Google Play Store,2025-07-26T13:03:22,5.0,Im downloaded TNT sport to stay close for all informations for all sport. And im very satisfied,Ismael Yapo,,
2026-02-24T08:27:58.621396,TNT Sports,Google Play Store,2025-07-25T07:36:04,4.0,Indepth reviews and analyses of current issues and regular updates.,Jiokey Ogbuokiri,,
2026-02-24T08:27:58.932980,TNT Sports,Google Play Store,2025-07-12T22:02:42,5.0,Was not allowed to Watch live Football in my region,MUBETO MUTOLEKA,,
2026-02-24T08:27:58.937296,TNT Sports,Google Play Store,2025-07-04T19:15:10,1.0,Autoplay videos on every page! They remain on top as you scroll down while reading an article. Who can read an article and watch a video simultaneously? Access the same content from a browser without the videos.,Adam,2025-07-05T14:17:10,"Hi Adam, thanks for your feedback. I'm sorry to hear you are not happy with your experience on the TNT Sports app. We are always looking to improve our services so I have recorded your feedback to ensure this is passed on to the relevant team. I do apologise for any inconvenience caused. -TNT Sports"
2026-02-24T08:27:58.941329,TNT Sports,Google Play Store,2025-06-15T04:49:46,1.0,"GARBAGE. Tried to watch the Le Mans 24hr race and the app was buffering every 10 seconds. Watching it on TNT, it became the Le Mans 72hr race",John Hilliard,2025-06-16T13:30:02,"Hi John, thanks for the feedback. I'm sorry to hear you have been experiencing buffering issues. Please visit https://bit.ly/4gUApmG to complete the troubleshooting steps provided to help try and resolve this issue. Please reach out via https://bit.ly/3Sr06BM if you require further assistance. Hope this helps. -TNT Sports"
2026-02-24T08:27:58.947563,TNT Sports,Google Play Store,2025-06-08T00:02:56,4.0,very good for lastest sports bulleting...but some features aren't available for others location's outside US why?,Victor Mwango,,
2026-02-24T08:27:58.952318,TNT Sports,Google Play Store,2025-06-06T23:26:58,5.0,"you should have 5 stars, but one star off for having that Cheating Hogg on - I have to record it so I can remove him from my screen! Get rid of him - no one wants him anymore - cannot believe so many of my friends - make and female doing the same!!",Patricia Chapman,,
2026-02-24T08:27:58.984673,TNT Sports,Google Play Store,2025-06-05T23:25:30,5.0,awesome,Ayoade lateef,,
2026-02-24T08:27:58.989076,TNT Sports,Google Play Store,2025-05-28T23:55:38,3.0,keeps freezing,Laura Corns,2025-05-29T13:35:28,"Hi Laura, thanks for your feedback. I'm sorry to hear you are experiencing buffering issues. We are always looking to improve our services so I have recorded your feedback to ensure this is passed on to the relevant team. Please contact us via https://bit.ly/3Sr06BM and we'll be happy to help you further. -TNT Sports"
2026-02-24T08:27:59.024192,TNT Sports,Google Play Store,2025-05-27T13:14:23,2.0,no rugby league options. notification that the developer replied. as Google is a bit sh it I'm unable to see it,Scott Taylor,2025-05-23T14:57:14,"Hi Scott, thanks for your feedback. I understand you are experiencing issues finding rugby league options. We are always looking to improve so I have recorded your feedback to ensure this is passed on to the relevant team. Please DM us via https://support.discoveryplus.com/gb/Home/Index, select 'Engage With Us' for assistance. Thank you -TNT Sports"
2026-02-24T08:27:59.113221,TNT Sports,Google Play Store,2025-05-26T01:38:31,1.0,Useless.,Azz Thom,,
2026-02-24T08:27:59.133106,TNT Sports,Google Play Store,2025-05-24T13:37:28,1.0,"what a rubbish app. it only last 5min on my phone before deleting. I wanted to watch conference league final but the search engine couldn't even find ""chelsea"" or ""conference"". terrible. don't waste your time or money",C. W.B.,2025-05-24T17:38:24,"Hi there, thanks for your feedback. I understand you were having issues locating football on the app. We are always looking to improve our services so I have recorded your feedback to ensure this is passed on to the relevant team. Please send us a DM via https://support.discoveryplus.com/gb/Home/Index and select 'Engage With us'. Thanks -TNT Sports"
2026-02-24T08:27:59.207170,TNT Sports,Google Play Store,2025-05-23T13:04:47,3.0,Not enough latest news!,Telaja,,
2026-02-24T08:27:59.209482,TNT Sports,Google Play Store,2025-05-16T17:54:39,5.0,brilliant application top tier 👏,Glen Brown,,
2026-02-24T08:27:59.212111,TNT Sports,Google Play Store,2025-05-14T12:07:02,5.0,In depth and excellent rugby coverage from the TNT Sports app.,Michael Reay,,
2026-02-24T08:27:59.214477,TNT Sports,Google Play Store,2025-04-30T23:49:32,1.0,"nonsense,very useless app😡",raiyan sanusi,2025-05-01T00:34:47,"Good Evening Raiyan, thanks for taking the time to leave a review, we always appreciate feedback regarding our app. We will pass your comments to our team to help us improve future content for our customers. If you need assistance, please contact us at https://support.discoveryplus.com/gb/Home/Index. discovery+ Customer Support."
2026-02-24T08:27:59.583525,TNT Sports,Google Play Store,2025-03-31T23:26:17,5.0,loved eurosports morphed into tnt seamless,Terry Cowie,,
2026-02-24T08:27:59.588438,TNT Sports,Google Play Store,2025-03-24T22:09:17,4.0,Great but videos no longer correspondent to the headline/title/article - a bit random and frustrating.,CP Ooi,,
2026-02-24T08:27:59.822572,TNT Sports,Google Play Store,2025-03-09T22:42:39,4.0,Great Content Brilliant Presenters..,Alan Hopkins,,
2026-02-24T08:28:00.284584,TNT Sports,Google Play Store,2025-03-09T15:56:31,1.0,Your app needs lot of improvements every were on it app TNT orther ways it's load of rubbish 🗑 just like sky sports news and centre you need to remake TNT app ASAP,Derek Hassall,2025-03-09T16:34:55,"Hi Derek, thank you for taking the time to leave a review, and sorry to hear you've concern regarding our app. We'll pass your comments to our team to help us improve future content for customers. If you need assistance, please call on 0800 066 5855 or visit https://support.discoveryplus.com/gb/Home/Index. Kind regards, TNT Sports Customer Support."
2026-02-24T08:28:00.314346,TNT Sports,Google Play Store,2025-03-08T02:08:32,1.0,"I've just signed up for this and I wish I hadn't, is this discovery plus? I THINK I WAS CONNED!!!",Old eyeman,2025-03-08T15:54:31,"Hi, thank you for taking the time to leave a review, and sorry to hear you have concerns regarding our service. We'll pass your comments to our team to help us improve future content for customers. If you need help, please call us on 08000665855 or visit https://support.discoveryplus.com/gb/Home/Index. Kind regards, TNT Sports Customer Support."
2026-02-24T08:28:00.336706,TNT Sports,Google Play Store,2025-03-02T23:02:55,1.0,"Thanks for forcing me to install an app after you closed down ES that lacks basic features Now I need a account to MAYBE be able to change the country of the news feed? Why are you adding hoops to an app that was already barely fit for purpose? it's finally the day I leave Eurosport behind and find an app without grammar errors, basic html issues, forced ads popups with tiny X, totally idiotic recommendations and the absolute desperation for people to sign up and give you money. So long.",Matteo Calvo,2025-03-02T23:31:28,"Good Evening, thanks for taking the time to leave a review, we always appreciate feedback regarding our app. We will pass your comments to our team to help us improve future content for our customers. If you need assistance, please contact us at https://support.discoveryplus.com/gb/Home/Index. discovery+ Customer Support."
2026-02-24T08:28:00.353821,TNT Sports,Google Play Store,2025-02-28T19:22:23,1.0,I can't change country in my settings,Alex Del Freo,2025-02-28T20:00:14,"Hi Alex, thank you for taking the time to leave a review, we always appreciate feedback regarding our app. We'll pass your comments to our team to help us improve future customer experience. For assistance with resetting your country or region, please email us at support@discoveryplus.co.uk. Kind regards, discovery+ Customer Support"
2026-02-24T08:28:00.431167,TNT Sports,Google Play Store,2025-02-28T14:24:07,1.0,Don't use it,tracey harris,2025-02-28T15:00:36,"Hi Tracey, thanks for your feedback. If you are experiencing any issues, please can you send us a DM via https://support.discoveryplus.com/gb/Home/Index and select 'Engage With Us', we'll be happy to assist you where we can. Thank you. -TNT Sports Customer Support"
2026-02-24T08:28:00.452592,TNT Sports,Google Play Store,2025-02-25T16:42:25,1.0,Expensive,kevin nutt,,
2026-02-24T08:28:00.459247,TNT Sports,Google Play Store,2025-02-24T22:58:29,5.0,Just brilliant and fantastic,David Houghton,,
2026-02-24T08:28:00.465720,TNT Sports,Google Play Store,2025-02-22T21:20:28,1.0,Where is EFL league 1 and 2 results? One star is too many. Have look at Flashscore they know to do it!,Phillip Reeve,2025-02-22T21:09:39,"Hi Phillip, thank you for your feedback! We are sorry to hear that the results are not available and we will pass this to our team. Kind regards, TNT Sports Customer Support"
2026-02-24T08:28:00.500995,TNT Sports,Google Play Store,2025-02-17T21:49:03,5.0,Good for the rugby and football,Jess Blackwood,,
2026-02-24T08:28:00.836648,TNT Sports,Google Play Store,2025-02-13T02:43:15,4.0,Easy,George Simpson,,
2026-02-24T08:28:00.851361,TNT Sports,Google Play Store,2025-02-09T05:11:42,5.0,♥️,lasha lashkhi,,
2026-02-24T08:28:00.857000,TNT Sports,Google Play Store,2025-02-03T12:52:26,5.0,Great app for all sport coverage. Highly recommended.,Phil H.,,
2026-02-24T08:28:00.860352,TNT Sports,Google Play Store,2025-02-01T18:47:17,5.0,great channel,EggNchips66,,
2026-02-24T08:28:00.867016,TNT Sports,Google Play Store,2025-01-25T22:15:30,5.0,Good 👍🏿,abdelhafeez alhaliki,,
2026-02-24T08:28:00.921431,TNT Sports,Google Play Store,2025-01-22T02:37:24,5.0,Great viewings,Kevin Adams,,
2026-02-24T08:28:01.083654,TNT Sports,Google Play Store,2025-01-13T14:10:13,5.0,brilliant 👍,David Roberts,,
2026-02-24T08:28:01.088022,TNT Sports,Google Play Store,2025-01-05T12:07:44,5.0,we do not get a lot of Scottish football and when we do get it lts always celtic and rangers i think its a disgrace so I hope that you get it sorted out for more Scottish football,May Buchan,,
2026-02-24T08:28:01.408277,TNT Sports,Google Play Store,2025-01-04T20:02:55,1.0,From 5 to 0 since the change to TNT. How can a company take over and ruin an application like TNT have done. The BT Sports app used to be amazing but now it's awful. What is the point in the app if it just sends you to another awful app in Discovery plus? I hope TNT looses the rights to football so I don't have to use this garbage. Uninstalled.,Michael “Mike” Heath,2025-01-04T20:53:55,"Hi Michael, thank you for your feedback! We are sorry to hear about your experience while using our app and we will make sure to pass your feedback to our team. Kind regards, TNT Customer Support"
2026-02-24T08:28:01.410832,TNT Sports,Google Play Store,2024-12-19T02:36:19,1.0,"Unfortunately the app has gone down hill since the change from BT. The yanks have well and truly ruined it. Why should the Discovery rubbish be forced on us just so we can watch football games. I hate the fact that I have to leave the tnt sports app and open another app that I don't want just to watch my team. If it's not broken don't fix it, it in your case don't brake it.",Michael Heath,,
2026-02-24T08:28:01.416509,TNT Sports,Google Play Store,2024-12-08T22:54:11,1.0,Ok,Zackary Holt,,
2026-02-24T08:28:01.425022,TNT Sports,Google Play Store,2024-11-24T18:04:39,1.0,"If you want TNT sports on an Amazon tablet, don't buy! You can't download the discovery+ app on the Amazon Fire.",Rob Worsfold,2024-11-25T14:14:45,"Hi Rob, thank you for taking the time to leave a review, we always appreciate feedback regarding our app. We'll pass your comments to our team to help us improve future customer experience. Kind regards, discovery+ Customer Support"
2026-02-24T08:28:02.457891,TNT Sports,Apple App Store,2026-02-04T17:35:32-07:00,1.0,Terrible connectivity and TV app interface,Thebp$$,,
2026-02-24T08:28:02.484119,TNT Sports,Apple App Store,2026-02-01T13:33:41-07:00,1.0,"The app hasn’t worked in months. I can’t sign in. I try and sign in with my cable provider, it looks like I’m going to be able to sign in, and it’s not. It’s just in a loop. I tried contacting support and got no response.   Terrible.  Fix your app!!!!!!!!!!!",Icarus Pilot,,
2026-02-24T08:28:02.562671,TNT Sports,Apple App Store,2026-01-14T21:23:34-07:00,1.0,"I don’t know what’s worse about streaming, trying to watch tnt online or trying to watch it on this garbage app.",Pennywisechao,,
2026-02-24T08:28:02.567461,TNT Sports,Apple App Store,2026-01-13T19:16:42-07:00,1.0,Wants me to download a separate app to cast to tv. ui is terrible. Cant search Anaheim to watch a ducks game… it maybe the single worst app on the entire platform.,spilbee,,
2026-02-24T08:28:02.577921,TNT Sports,Apple App Store,2026-01-02T15:07:10-07:00,1.0,Accepts credentials then kicks out the user. Tried everything to get around the error. Can’t watch live tv on the app,Tembyy,,
2026-02-24T08:28:02.588726,TNT Sports,Apple App Store,2025-12-20T17:09:34-07:00,1.0,"If I could leave zero stars, I would. Just pathetic. Horrible customer service and a horrible platform for sports.",Kyrfju,,
2026-02-24T08:28:02.654469,TNT Sports,Apple App Store,2025-12-20T13:16:24-07:00,5.0,A great viewing  experience,Lemonfingers,,
2026-02-24T08:28:03.124434,TNT Sports,Apple App Store,2025-12-20T13:09:44-07:00,1.0,They should probably hire an attorney to protect them or hire competent it people for the low quality services provided.,srm06f,,
2026-02-24T08:28:03.400847,TNT Sports,Apple App Store,2025-12-20T12:55:28-07:00,1.0,Doesn’t work with live college football,Cody483,,
2026-02-24T08:28:03.430882,TNT Sports,Apple App Store,2025-12-20T10:55:20-07:00,1.0,Can’t get the app on my tablet and  is frustrating,wmcon,,
2026-02-24T08:28:03.450512,TNT Sports,Apple App Store,2025-12-17T19:15:50-07:00,1.0,Unable to sign in,sincitysidekick,,
2026-02-24T08:28:03.514209,TNT Sports,Apple App Store,2025-12-17T19:07:14-07:00,1.0,"Why can’t I turn off subtitles!? it is extremely difficult to get to the CC icon first of all and second of all once you’re there and you turn it off and press it many times the subtitle still remain extremely annoying. Please fix this ASAP on Apple TV app.  Edit: on Apple TV, sign in with provider through using the code on /activate does not work!",SamWHReviews,,
2026-02-24T08:28:03.530628,TNT Sports,Apple App Store,2025-12-12T11:18:39-07:00,1.0,Fix your app,Hopefulclasher,,
2026-02-24T08:28:03.571926,TNT Sports,Apple App Store,2025-11-28T10:05:33-07:00,1.0,"As others mention on these reviews, I am unable to sign in using Verizon as my tv provider. Such a useless app with no technical support. Embarrassing honestly.  Edit: This is now two years later and I STILL can’t link my TV provider. How in the world is this considered a functioning app",comment sextion,,
2026-02-24T08:28:03.762320,TNT Sports,Apple App Store,2025-11-25T17:42:39-07:00,1.0,Can not link my tv provider. It does not let me log in.,LanceG57,,
2026-02-24T08:28:03.826639,TNT Sports,Apple App Store,2025-11-24T21:05:34-07:00,1.0,"Doesn’t let me cast from my iPhone, and I’ve looked up every way to make sure the settings and WiFi were correct. Restarted phone, closed the app ect.",CoastGuy612,,
2026-02-24T08:28:03.915056,TNT Sports,Apple App Store,2025-11-24T16:09:34-07:00,1.0,Never once let me sign in to my provider.,Chriswwwwwfgfcucuf,,
2026-02-24T08:28:03.925618,TNT Sports,Apple App Store,2025-11-24T10:11:09-07:00,1.0,Doesn’t let me sign in with my tv provider,automattek04,,
2026-02-24T08:28:03.933223,TNT Sports,Apple App Store,2025-11-19T21:13:31-07:00,1.0,"This app is horrible. Always logs out your TV provider, can only successfully connect it about 15% of the time. And the fact that you have to use this app to cast to a Samsung tv is a hilarious racket. Make it easier or lose business.",Pond32,,
2026-02-24T08:28:04.039601,TNT Sports,Apple App Store,2025-11-12T21:05:05-07:00,1.0,This app never works. I try repeatedly for years to log in through my cable subscription and it just freezes and restarts,B Auriemma,,
2026-02-24T08:28:04.100792,TNT Sports,Apple App Store,2025-11-12T16:29:57-07:00,1.0,Has to be the worst. Won't let me select tv provider. Just garbage.,drdiabetez,,
2026-02-24T08:28:04.105862,TNT Sports,Apple App Store,2025-11-07T19:06:27-07:00,1.0,"I’d give it 0 stars if I could. This is a recent issue. If I’m not at home (connected to my cable subscription) I can not watch sports games when trying to login using data on my phone. If I have to be at home to watch, I’ll just watch on my tv!",W0wzers,,
2026-02-24T08:28:04.113057,TNT Sports,Apple App Store,2025-11-04T16:31:50-07:00,1.0,I hate this app,B2745,,
2026-02-24T08:28:04.116023,TNT Sports,Apple App Store,2025-11-03T17:59:23-07:00,1.0,Continuously asks me for my tv provider & once I sign in nothing happens. This app has so many bugs. Fix them PLEASE!!,HORRIBLE APP!!!,,
2026-02-24T08:28:04.118884,TNT Sports,Apple App Store,2025-11-03T16:08:23-07:00,1.0,No matter how many times I successfully link my tv provider it doesn't work and sticks in a sign in loop,stevie on the fly,,
2026-02-24T08:28:04.121608,TNT Sports,Apple App Store,2025-10-22T18:03:55-07:00,1.0,"Laggy, can’t sign in, worthless",Pooki nooki,,
2026-02-24T08:28:04.148577,TNT Sports,Apple App Store,2025-10-22T16:58:20-07:00,1.0,This app is the worse,jem hensen,,
2026-02-24T08:28:04.205792,TNT Sports,Apple App Store,2025-10-17T08:36:29-07:00,1.0,Doesn’t let me sign into my tv provider on my iPhone,Nextyear!,,
2026-02-24T08:28:04.324652,TNT Sports,Apple App Store,2025-10-17T05:56:38-07:00,1.0,"Fix your app. It looks like 30 FPS. This is by far the worst streaming app for watching hockey; it's a joke. Sometimes I see three pucks, and sometimes I see no puck. The ESPN app is much better for NHL games. I'm surprised the NHL doesn't hold these apps to a higher standard for delivering their product.",Zootstinsky,,
2026-02-24T08:28:04.329517,TNT Sports,Apple App Store,2025-10-11T09:33:59-07:00,1.0,It will not allow me to sign in with tv provider it acts like it will but never fully lets me into app.  Been like this for 6 months.  New iPhone still same problem.  Ozarksgo is provider and it worked great when first used app but now it’s useless.,Nahdustin,,
2026-02-24T08:28:04.332700,TNT Sports,Apple App Store,2025-10-11T09:13:59-07:00,1.0,Worst app of all time to watch live tv. For over 2 years it will not let me sign in to my tv provider. Not once. I keep thinking they will fix the issue but never do.,Murphdiggles,,
2026-02-24T08:28:04.335393,TNT Sports,Apple App Store,2025-10-08T17:27:29-07:00,1.0,"When trying to sign in with my tv provider, soon as I click on my provider I get the white screen of death. I have internet connection. I’ve tried re-installing the app and restarting my phone and I get the same results.",AshleyKat7,,
2026-02-24T08:28:04.338807,TNT Sports,Apple App Store,2025-09-27T17:09:16-07:00,1.0,This app is so inconsistent. I can never get it to cast to a tv and it won’t keep me signed in when it will actually let me sign in. Overall terrible app and terrible experience.,BigBabyDavisH,,
2026-02-24T08:28:04.342017,TNT Sports,Apple App Store,2025-09-27T11:43:07-07:00,1.0,You cannot turn off the closed captions and this app is absolutely infuriating to watch anything on. Absolute junk!,AutoManagerInKs,,
2026-02-24T08:28:04.395174,TNT Sports,Apple App Store,2025-09-26T04:06:10-07:00,1.0,So lucky I had to give you guy one star if I could I would just delete this app off the store I think it’s a scam I keep deleting and reinstalling but still no fix the problem is that it will not no matter what I try connect to my tv provider Xfinity while every other app works just fine so ya scam,Rvben98,,
2026-02-24T08:28:04.403779,TNT Sports,Apple App Store,2025-09-13T19:10:14-07:00,1.0,Why do I have to have to have a TV provider? I just want to pay a subscription and stream?,mc15573,,
2026-02-24T08:28:04.411554,TNT Sports,Apple App Store,2025-09-09T16:54:05-07:00,1.0,"I’ve tried installing all versions of this app on my devices (iPad, AppleTV, and iPhone). On every device it doesn’t go past the TNT logo. How this app got released I don’t know.",Enthusiast0002,,
2026-02-24T08:28:04.425012,TNT Sports,Apple App Store,2025-09-08T20:14:50-07:00,1.0,"I exit the app, the ads restart. I leave the episode, come back, and the shows in the wrong place, I move it, another ad. I’ve watched more ads than show at this point.  1. App doesnt keep track of where you are in the show or ads good enough 2. Too many ads, ads are too long 3. Interface to watch shows also poorly made",snickerdoodle2005,,
2026-02-24T08:28:04.461705,TNT Sports,Apple App Store,2025-09-06T15:44:43-07:00,1.0,"Logged in through my cable provider several different times and all it does is spin… and spin…and spin… I would rate it lower but I can’t. It’s never worked on my iPad, iPhone or cast to TV. Do. Not. Recommend.",Natedoggor,,
2026-02-24T08:28:04.490317,TNT Sports,Apple App Store,2025-09-06T15:29:40-07:00,1.0,Interrupting a soccer game to show ads during a substitution is disgusting,jacks729,,
2026-02-24T08:28:04.502765,TNT Sports,Apple App Store,2025-09-06T14:21:34-07:00,1.0,Garbage,GoodwinsOrganics,,
2026-02-24T08:28:04.510139,TNT Sports,Apple App Store,2025-08-28T22:50:21-07:00,1.0,"Just plain s*u*c*k*s, it’s just another tv company that forces you to download an app to force commercials on you instead of letting you watch stuff on your browser.",Jason B Of 75,,
2026-02-24T08:28:04.523671,TNT Sports,Apple App Store,2025-08-21T10:54:59-07:00,2.0,I never write app reviews but this may be one of the worst I’ve used. It constantly crashes and loses my login with my TV provider.  It doesn’t save progress so if I have to get out of the app for some reason I have to constantly restart and try to find where I was in a program. The current show I’m watching I think I’ve had to restart 10 times already. Thankfully I only have a few episodes left and then can hopefully delete it.,Ada0629,,
2026-02-24T08:28:04.587364,TNT Sports,Apple App Store,2025-07-28T10:24:35-07:00,2.0,this app worked fine before but now every time I press sign in it doesn’t do anything and reinstalling the app doesn’t change anything,5ar pridgc,,
2026-02-24T08:28:04.590008,TNT Sports,Apple App Store,2025-07-27T12:47:04-07:00,5.0,Love watching NASCAR on here and love it if they keep doing this,Dohdrenn,,
2026-02-24T08:28:04.593130,TNT Sports,Apple App Store,2025-07-27T11:38:12-07:00,1.0,"App keeps asking for location. I’ve tried every choice. Still doesn’t work. Once it quits asking for location, it just crashes when I click “live.”",sellersbp,,
2026-02-24T08:28:04.596180,TNT Sports,Apple App Store,2025-07-27T11:09:23-07:00,1.0,Nothing about this app works at first it never opens and then it doesn’t access my location after i make sure it is able to in settings.,e-//4-887.::$?)),,
2026-02-24T08:28:04.639215,TNT Sports,Apple App Store,2025-07-27T10:55:48-07:00,1.0,Crashes frequently,everynameistaken098,,
2026-02-24T08:28:04.647668,TNT Sports,Apple App Store,2025-07-27T10:13:37-07:00,1.0,Do better.,PartyRooster13,,
2026-02-24T08:28:04.710158,TNT Sports,Apple App Store,2025-07-24T19:24:31-07:00,1.0,"Every time I go to watch it, I get logged out of the app and have to log back in. Whether it be 10 minutes or a day doesn’t matter. It also doesn’t save where I am at in the episode or movie. Most annoying thing ever!  It’s my log in on my phone or iPad, I shouldn’t need to have to login every time I go to use the app.",ICU Techie,,
2026-02-24T08:28:04.728766,TNT Sports,Apple App Store,2025-07-22T04:54:37-07:00,1.0,I have never been so frustrated with the Apple TV and ios apps as I have with this service. I'm catching up on some shows but I'm going to give up and delete instead. Do you guys even test?,Jewiwa,,
2026-02-24T08:28:04.750678,TNT Sports,Apple App Store,2025-07-20T12:21:17-07:00,1.0,"Just updated the app and now it won’t even let me do anything, just crashes immediately when I try and watch my live event",tkroney,,
2026-02-24T08:28:04.754956,TNT Sports,Apple App Store,2025-07-13T10:40:19-07:00,1.0,"No matter what app it is, tnt, tru, or anything that TNT is associated with it just simply doesn’t work. This app won’t even let me sign into my direc tv subscription. Just goes back to the Home Screen without logging me in. I really wish sports leagues would just leave this network all together. NASCAR should just stay on prime and the NBA should just use their other platforms",DaveyPeeples,,
2026-02-24T08:28:04.758115,TNT Sports,Apple App Store,2025-07-06T13:27:57-07:00,1.0,The sign in doesn’t work after your “preview”.  Just keeps repeating the cycle.,Tofromsent,,
2026-02-24T08:28:04.761732,TNT Sports,Apple App Store,2025-07-06T10:51:37-07:00,1.0,"Logged in multiple times and still won’t allow me to watch anything but the preview on Apple TV. This has to be the worst app I have ever used. If I could, I would give less than 1 star.",Qdaddycards,,
2026-02-24T08:28:04.766869,TNT Sports,Apple App Store,2025-07-05T13:14:56-07:00,1.0,Update: it somehow got worse. Truly a horrific exhibit of the worst side of corporate greed.   Doesn’t work.,toriistoryy,,
2026-02-24T08:28:04.774194,TNT Sports,Apple App Store,2025-06-29T09:49:48-07:00,1.0,As many have said already tnt apps are among the worst. Filled with glitches and instability it’s hard to watch anything on them. It has to be something good for me to even attempt watching a program on their poor apps. Take a hint tnt…you’re losing customers daily with this trash.,asdlkfghjasf,,
2026-02-24T08:28:04.777018,TNT Sports,Apple App Store,2025-06-28T15:55:41-07:00,1.0,Horrible app cannot login cannot cast!!! Hopefully TnT fades away and doesn’t have rights to nascar!!!!!!!!!,Grandma Burry,,
2026-02-24T08:28:04.787760,TNT Sports,Apple App Store,2025-06-28T06:56:28-07:00,1.0,I had previously used this app on my Apple TV with no problems. This week the power kept going out and I needed to use it to watch this weeks episode of AEW collision. When I opened the app it prompted me to activate it. I went to the website 3 times now and entered the activation code that was provided on all 3 attempts and then selected my tv provider. Each time the site said I was activated but the app will not do anything besides generate a new code and tell me I have to activate it,Alawson,,
2026-02-24T08:28:04.791428,TNT Sports,Apple App Store,2025-06-28T05:38:00-07:00,1.0,"All the app does after I login, is spin. Regardless of what I select to watch. I’ve power cycled, I’ve uninstalled / reinstalled. Rebooted my DTV Gemini. Reset my DTV Gemini. I see a lot of comments in this review section, specifying login issues. Well, I’m at least able to sign in successfully. Unfortunately it makes 0 difference since I can’t get any movie / tv show to play anyway. ITS 2025! SERIOUSLY?? You guys should hire a 6th grader with an iPad, I’m certain they’d do much better. Could not do any worse at least.",Disappointed Customer 2003,,
2026-02-24T08:28:04.810673,TNT Sports,Apple App Store,2025-06-18T12:39:00-07:00,1.0,Absolutely trash!!!,Willisko,,
2026-02-24T08:28:04.820707,TNT Sports,Apple App Store,2025-06-17T18:25:59-07:00,1.0,"The sign in button in the app doesn’t work. I tap “Sign In” and it buffers for a half second and then just stops and reverts to saying “Sign In” again. I can do this a hundred times and it will never actually load a sign in screen. So, this renders the app effectively useless.",LTDros,,
2026-02-24T08:28:04.836515,TNT Sports,Apple App Store,2025-06-17T18:24:19-07:00,1.0,"I wanted to watch a new show, it was on TNT so I downloaded it on my TV. It would never start the show. I checked a bunch of different streaming services that I have and they were working fine. I decided perhaps it was the app on the fire stick so I tried to use my tablet; I can’t even get to the login screen. It’s crazy to me that its this bad",JenniDawn77,,
2026-02-24T08:28:04.887110,TNT Sports,Apple App Store,2025-06-17T17:25:41-07:00,1.0,"Garbage app won’t cast to anything. All on the same Wi-Fi, no issues with any other app. Help center is a joke and there’s no way to get a hold of any sort of tech support. Absolute trash.",Mattyboy975975,,
2026-02-24T08:28:04.930492,TNT Sports,Apple App Store,2025-06-12T20:45:11-07:00,1.0,I’m genuinely not sure how anyone approved this app. Sign in works on TBS app but not TNT. Multi view gets broke.  Volume and captions all over the place. Just bad all around.,Kamikaze3224,,
2026-02-24T08:28:04.939258,TNT Sports,Apple App Store,2025-06-12T20:33:29-07:00,1.0,An atrocious app. “Sign in with your tv provider” doesn’t work no matter what you do. Brutal.,Obrienmj1,,
2026-02-24T08:28:04.944964,TNT Sports,Apple App Store,2025-06-09T17:10:45-07:00,1.0,"For weeks now the app will not let me sign in on my Phone. Works fine still on MacBook and Roku, but everytime I go to sign in, I get the green check that everything's okay. Then back to main screen like nothing happened. Redownloaded multiple times and still nothing. Very frustrating",Jonjustkittenmatt,,
2026-02-24T08:28:05.054696,TNT Sports,Apple App Store,2025-06-08T09:55:33-07:00,3.0,"On Apple TV, there is no way to turn off closed captions like there is in the iPhone app while watching a stream. The CCs cover the score of the match making it difficult to watch. Apple TV stream frequently disconnects while iPhone app works well.",Matt Oberman,,
2026-02-24T08:28:05.382439,TNT Sports,Apple App Store,2025-06-08T08:28:03-07:00,1.0,The hottest garbage sports streaming app available on the Apple Store. It is the only sports streaming app I use that CONSISTENTLY fails to work. Probably intentional to force you to pay for Max.,eldude201,,
2026-02-24T08:28:05.386315,TNT Sports,Apple App Store,2025-06-04T20:23:51-07:00,1.0,Doesn’t connect to any cable provider. It’s like the developers are conducting some weird social experiment to see how many people they can annoy. The answer is anyone that’s ever tried to use this app.,LGRW1340,,
2026-02-24T08:28:05.390447,TNT Sports,Apple App Store,2025-06-04T20:07:38-07:00,1.0,"I have been trying to sign onto TNT via my Xfinity account with no look. I sign in, it tells me I am connected then it goes back to the home page and asks me to sign in. 🤬  I have deleted the app twice but to no avail. I have hard closed my phone twice. Nothing is allowing me to sign in.   And of course no one is responding to my requests to get help.",Chip13579,,
2026-02-24T08:28:05.393324,TNT Sports,Apple App Store,2025-06-04T16:59:10-07:00,1.0,This app is terrible. I can’t sign in to my tv provider. Just loads for 5 seconds and then doesn’t do anything or take me anywhere. The app is literally unusable.,kirvinek,,
2026-02-24T08:28:05.399243,TNT Sports,Apple App Store,2025-06-04T08:06:02-07:00,1.0,"Literally nothing. It’s like they are designed to make you think you can watch something, but don’t actually have the technology for it. Terrible terrible app.",DoctorVanilla,,
2026-02-24T08:28:05.406929,TNT Sports,Apple App Store,2025-05-31T18:09:12-07:00,1.0,The app just completely ignores signing in through a valid provider,jrrtphllps,,
2026-02-24T08:28:05.446250,TNT Sports,Apple App Store,2025-05-31T17:12:03-07:00,1.0,This app will never let me sign in to  my tv provider watch nba games. This is the only app that gives me issues. So glad this is the year the last year the nba has a deal with TNT,Randomrocka,,
2026-02-24T08:28:05.449751,TNT Sports,Apple App Store,2025-05-29T19:42:56-07:00,1.0,"So glad nba is done with tnt’s contract. Trying to watch games on here was useless. The only time it worked seamlessly was if I was on my own network, meaning I can just go on my tv and just watch it instead. Otherwise you couldn’t “log in” to view. Of the three networks I have to login this is the only one that ever gives me issue. Even when using their “preview” you have to enable a bunch of different pointless tracking",akavalues,,
2026-02-24T08:28:05.454520,TNT Sports,Apple App Store,2025-05-29T17:14:42-07:00,1.0,This app barely functions and will not let me watch live tv and now won’t even let me login with to my tv provider. Please do better,1315172849492817,,
2026-02-24T08:28:05.477176,TNT Sports,Apple App Store,2025-05-29T16:54:32-07:00,1.0,"Garbage app that never works. Won’t let you sign in half the time, and when it does, it signs you out the next day. Worst app I’ve ever had",robberooni18181,,
2026-02-24T08:28:05.480662,TNT Sports,Apple App Store,2025-05-28T17:38:42-07:00,1.0,I am unable to sign in to my Cable Provider (Cox) on the mobile app. I can sign in to the TBS app no problem. No matter how many times I uninstall the app and reinstall it nothing changes. It’s very frustrating and I honestly cannot believe that this is still an issue. Please fix!,TNTappmadememakethis,,
2026-02-24T08:28:05.484112,TNT Sports,Apple App Store,2025-05-28T05:56:52-07:00,1.0,Trying to watch Roland Garros and can only see 1 live event-at least the TEnnis Channel has all live matches to choose from and all the replays-,Mommyoffourboys,,
2026-02-24T08:28:05.486790,TNT Sports,Apple App Store,2025-05-27T18:55:26-07:00,1.0,Streaming garbage,Block755,,
2026-02-24T08:28:05.490058,TNT Sports,Apple App Store,2025-05-27T17:21:47-07:00,1.0,Doesn’t work whenever I sign into this app with my tv provider,sjys hefusndngnfnejs,,
2026-02-24T08:28:05.500331,TNT Sports,Apple App Store,2025-05-27T14:38:36-07:00,1.0,Can’t watch the basketball game because every time I sign into my tv provider: my information goes through but doesn’t connect at all. It’s constantly saying “Sign in”; this has been happening for months and I’ve had enough to the point I don’t try anymore. This is my final straw because it still won’t work during the PLAYOFFS!!!,jeremytpr,,
2026-02-24T08:28:05.512381,TNT Sports,Apple App Store,2025-05-25T19:15:38-07:00,1.0,The app is not equipped to let you login from your cable subscriber. So frustrating.,Update for TV Provider,,
2026-02-24T08:28:05.526574,TNT Sports,Apple App Store,2025-05-25T18:58:22-07:00,1.0,Worst app on the market. Let me watch these games longer than 10 minutes and sign into my tv provider!!,Viperrrr44,,
2026-02-24T08:28:05.543798,TNT Sports,Apple App Store,2025-05-25T17:59:25-07:00,1.0,Sign in issues for the entire NBA playoffs. Had no issues until they started. The TBS app I can download & sign right in. This feels like it’s done on purpose. FIX IT. we pay money for a service we aren’t getting!!!!,IWANTTOWATCHTNTONMOBILE,,
2026-02-24T08:28:05.657006,TNT Sports,Apple App Store,2025-05-25T15:00:16-07:00,1.0,LOGIN AND CRASH ISSUES,Mad Smurf,,
2026-02-24T08:28:05.897018,TNT Sports,Apple App Store,2025-05-23T18:31:53-07:00,1.0,When I click “sign in” it just spins and doesn’t do anything and doesn’t recognize my cable subscription credentials. What a useless app. Millions of dollars of a company putting out garbage like this…during playoffs as well. Ironic and abysmal,tkuntzy,,
2026-02-24T08:28:05.901289,TNT Sports,Apple App Store,2025-05-23T18:09:53-07:00,1.0,This is an embarrassment of an App. The crashes happen all the time. No wonder the reviews are so bad!!! And they just did an update and it still crashes!!!,DJLDR 0505,,
2026-02-24T08:28:05.916406,TNT Sports,Apple App Store,2025-05-23T17:47:57-07:00,1.0,Every time I try and sign in all it shows is a white screen and it’s really annoying,TNT is bad,,
2026-02-24T08:28:05.918834,TNT Sports,Apple App Store,2025-05-23T13:04:18-07:00,1.0,"Tried logging in with my tv sub, always has some error and does not allow the preview minutes to go away, I feel robbed and screwed over this is insane how is this possible in 2025, tnt please fix your glitches there should be no reason a paying customer should go through this, trying to watch the Knicks game !",coolskibroski,,
2026-02-24T08:28:05.921467,TNT Sports,Apple App Store,2025-05-22T11:35:12-07:00,1.0,Horrible,Boreoil,,
2026-02-24T08:28:05.925151,TNT Sports,Apple App Store,2025-05-21T18:58:38-07:00,1.0,THIS HAS TO BE THE WORST APP I’VE EVER DOWNLOADED IN MY LIFE. THE “UPDATES” ARE NON- EXISTENT. NOTHING CHANGES ABOUT THIS APP AND THE ONLY REASON I GAVE THIS 1 STAR IS BECAUSE YOU CAN’T LEAVE IT AT ZERO STARS!,clutchup2x,,
2026-02-24T08:28:05.933303,TNT Sports,Apple App Store,2025-05-21T18:28:29-07:00,1.0,I have an active cable subscription with Cox cable and whenever I go to sign in it uses the pinwheel as if I’m going to sign in and then it does not leaving me without any choice but to watch the 10 minute free demo and not be able to watch the show,dang18366381,,
2026-02-24T08:28:05.935776,TNT Sports,Apple App Store,2025-05-20T17:48:53-07:00,1.0,"Sign in fails to login a lot. It’s been a variety of different errors. Right now I can sign in on TBS or TruTV, but can’t on TNT. The sign in works on fire tv, so it’s just this Apple app.",Former MOG user,,
2026-02-24T08:28:05.938268,TNT Sports,Apple App Store,2025-05-20T17:43:55-07:00,1.0,"Why do they even have this app? It’s not like you can use it for anything. Won’t let you sign in with your TV provider, just keeps looping you back through the sign in procedure. So when your preview is done, you can’t watch anything else even if you do in fact, have a TV package with the channel included. Not sure how that makes sense. Then of course, like the other apps that want your location for whatever reason. not sure how that pertains to watching a hockey game, but I guess they HAVE to know where you are. Don’t waste the space, no need to have on your phone.",Jim15551,,
2026-02-24T08:28:05.942609,TNT Sports,Apple App Store,2025-05-15T20:06:06-07:00,1.0,Ever,MamaHuevos111,,
2026-02-24T08:28:05.946787,TNT Sports,Apple App Store,2025-05-14T19:49:59-07:00,1.0,The most pointless app ever. It doesn’t work at all.,Save your $ until it updates,,
2026-02-24T08:28:05.950937,TNT Sports,Apple App Store,2025-05-14T17:43:15-07:00,1.0,There are all these Sign-In issues that have never been fixed like what is the point when i can’t watch what i want to watch,Ej123Q,,
2026-02-24T08:28:05.953407,TNT Sports,Apple App Store,2025-05-14T11:20:42-07:00,1.0,You can’t possibly tell me that this app works. You can’t connect to your TV provider on iOS. The sign in button is broken and has been for years. The app engineers clearly have no clue what they’re doing. This app is a joke. I’m a software engine with a Masters degree and this is the worst app I have ever seen. Functionally a waste of space.,Hvgvjhgcufyxfyxchffh,,
2026-02-24T08:28:18.979620,FuboTV,Trustpilot,2026-02-24T04:06:18.000Z,5.0,Ubot charges everyday past a due date. Other than that I think you guys have good service. I haven't had any outages or problems since the 2 years I've had you $100 a month is not a bad deal but can you please get back ABC sorry NBC,Joel,,
2026-02-24T08:28:19.051096,FuboTV,Trustpilot,2026-02-22T15:59:00.000Z,1.0,No NBC. Fubo has made zero attempt to get NBC back for their streaming service. No Super Bowl and no Olympics. The only reason I keep it is for NESN and baseball but I might just switch to NESN360. Do not purchase this streaming service.,Christopher Ewing,,
2026-02-24T08:28:19.065852,FuboTV,Trustpilot,2026-02-21T23:25:57.000Z,2.0,"Best thing about Fubo is the unlimited DVR. The rest... eh. The app is extremely glitchy especially on tvs. The other thing that gets me is the endless ads you have to watch to view anything on demand.  Sometimes there's literally 4-5+ commercial breaks during a program but there will be 18-24 PLUS commercials at a time then when it's really glitchy they will start all over AFTER you sit thru a 9 minute commercial break.  FOR AS MUCH A FUBO COSTS, I SHOULDN'T BE WATCHING AN ADDED 30 MINUTES PER PROGRAM FOR ADS!! Looking for an alternative option at this point.",Temp A,,
2026-02-24T08:28:19.072125,FuboTV,Trustpilot,2026-02-20T21:14:57.000Z,1.0,"Signed up for a five day trial. Canceled after 36 hours. There was a $98 charge pending, which made me suspicious so I called fubo. They assured me the cancellation hadn’t processed yet but to be patient and that $98 would fall away. Nope. Charged me the $98. I disputed it and fubo told my credit card company that I reactivated the account! So they ended up getting their $98 off of my 36 hour free trial. When I contacted fubo, their chat was my only recourse and the chat came back with the exact same sentence:” we are so sorry for your frustration. We never do refunds.”",Terry,,
2026-02-24T08:28:19.109366,FuboTV,Trustpilot,2026-02-19T23:05:01.000Z,5.0,Santiago was the best CS rep I’ve spoken with in years… if ever,Scott Mason,,
2026-02-24T08:28:19.112848,FuboTV,Trustpilot,2026-02-19T15:42:56.000Z,1.0,"I’d rate them zero stars if I could. I subscribed so that I could watch a football game, and canceled literally one minute after I subscribed, to ensure that I would not charged by the end of the trial. I got the cancellation confirmation and everything. Soon as the trial ended, however, I was charged 80 dollars for that month’s subscription. Upon bringing this up to fubo’s customer support, I was told I was out of luck, and my account was deleted. Don’t do business with these thieves, I’m just glad I didn’t get more money stolen from me.",Matt Groom,,
2026-02-24T08:28:19.117723,FuboTV,Trustpilot,2026-02-19T11:54:38.000Z,5.0,"The girl helping me was professional and patient with me, a 67 year old not that computer savvy.  She walked me through everything step by step and took care of all my reasons for calling support yesterday,",Ronaldo,,
2026-02-24T08:28:19.247569,FuboTV,Trustpilot,2026-02-18T23:26:35.000Z,5.0,"I get so nervous with technology and recent selected Fubo.  I spoke with an agent and she walked me through the Fubo app and how to find what I want watch.  She was very knowledgeable, but most importantly to me,  she was very kind and patient with me.",Dorothy Layman,,
2026-02-24T08:28:19.261544,FuboTV,Trustpilot,2026-02-18T19:39:47.000Z,5.0,Very helpful. Completed call very smoothly and quickly,Jamie Rowlett,,
2026-02-24T08:28:19.278285,FuboTV,Trustpilot,2026-02-17T05:16:43.000Z,1.0,"I got fubo because everything I googled said Watch English Premier League & FA Cup on fubo! I did the free trial, 1 day into it, there were 5 FA Cup matches that day. Only One of them was on fubo. And they don’t have rights for the EPL in the US so they don’t show any premier league matches. You can only watch on NBC,peacock, or USA. Which fubo does not have. So I canceled.",matt,,
2026-02-24T08:28:19.285765,FuboTV,Trustpilot,2026-02-16T23:49:43.000Z,1.0,"Signed up for free trial, canceled by deadline but they keep charging me! I have sent proof (cancelation confirmation emails) that I canceled in time but they refuse to refund me. Finally got them to stop new charges but they refuse to refund what's already been charged even though it was charged AFTER cancelation. Do not use Fubo! Total scam artists.",Ellen,,
2026-02-24T08:28:19.292290,FuboTV,Trustpilot,2026-02-14T16:37:36.000Z,2.0,"Get NBC back, stop commercials that play consecutively over and over, stop sound from all of a sudden blaring, stop freezing!!!! Fubo is not the best, shows a lot of shows over and over, doesn’t show more modern shows.",Liz Fletcher,,
2026-02-24T08:28:19.320767,FuboTV,Trustpilot,2026-02-14T15:57:54.000Z,1.0,"The fubo subscription that was taken out monthly when I changed the plan I still paid the same amount after I went to a lower plan, but fubo took channels away after I had already paid full amount.. Fubo is a rip off overpriced and pathetic customer service",Todd Moss,,
2026-02-24T08:28:19.350331,FuboTV,Trustpilot,2026-02-13T18:33:07.000Z,5.0,The company resolved my issue within an hour. I was able to speak with a customer service rep who put me in touch with tech support for a resolution.,Karen,,
2026-02-24T08:28:19.589305,FuboTV,Trustpilot,2026-02-13T04:11:49.000Z,1.0,"Honestly, the worst.  They are not even BBB accredited so it is hard to complain about their lack of concern for the public.  While Disney is the majority interest holder, who knows what is going on there since my charges get flagged as outside the USA.  I assume they are working in legal loopholes for tax evasion, oh Disney….   Anyway, they removed any links for disputes or refunds.  Considering their inability to deliver the supper bowl please don’t consider them a sports service even though they do.  They definitely did not deliver on the service they promised and a few dollars in rebates did not cover the service I order to replace their useless service entirely.  Really, do yourself a favor and use any service but this one or regret it later when you feel cheated like me.",Marcus,,
2026-02-24T08:28:19.638345,FuboTV,Trustpilot,2026-02-10T23:44:16.000Z,5.0,"I signed up for fubo while babysitting so I could access some kid-friendly programs. I had trouble canceling online, but customer service was prompt to help and refund my money quickly. If I am ever interested live tv services, I will choose to go with Fubo.",Nicole Swanson,,
2026-02-24T08:28:19.758278,FuboTV,Trustpilot,2026-02-10T03:40:04.000Z,3.0,"Was mildly challenging to cancel my subscription but that might just be me. Other than that, it was alright.",Gus,,
2026-02-24T08:28:19.765775,FuboTV,Trustpilot,2026-02-10T00:58:53.000Z,1.0,"I am very frustrated and angry at Fubo. We got rid of our local cable TV because they kept raising the prices and not giving us anything. We got rid of it  and bought a roku, which we live BUT we couldn't watch any football. We had to have football as we are huge Bills fans. I did some research and found fubo had NFL games in which we could find a game and choose what we wanted to watch but we found we couldn't watch our favorite team every week. Yesterday (Superbowl Sunday) was the last day of football. When my family and I sat down to enjoy the Superbowl. We couldn't watch the game because fubo didn't have  it available to watch. So today I cancelled fubo. Not sure why they didn't have the Superbowl to show. Very frustrated and that will never happen again.",Denise berryann,,
2026-02-24T08:28:19.780209,FuboTV,Trustpilot,2026-02-09T01:58:14.000Z,1.0,"$100 a month was not enough to view the Super Bowl. ,",Agustin Farias Jr.,,
2026-02-24T08:28:19.798386,FuboTV,Trustpilot,2026-02-08T23:06:55.000Z,1.0,Fubo uses its terms of service to justify changing offering without giving warning or credits. You pay the same price but don't get what you signed up for. Youtube TV is a much better service. I just found out the Olympics and Super Bowl will not be available. So much for being a great sports based service.,Pat Hillanbrand,,
2026-02-24T08:28:20.002129,FuboTV,Trustpilot,2026-02-08T05:04:55.000Z,1.0,"They were advertising a free week trial, so I thought I'd give it a try.  I wasn't impressed, so I cancelled on day 6.  They charged me $85 for a month.  I complained and asked for refund.  They claimed they change the length of their trials all the time, and when I signed up they had changed it to 1 day.  Yeah, right... so, if you try their free trial, be sure to cancel in the first 24 hours, no matter how long the trial was that you supposedly signed up for.  OR, just avoid them like the scammers that they are.",Brian Kennedy,,
2026-02-24T08:28:20.285078,FuboTV,Trustpilot,2026-02-07T21:23:07.000Z,1.0,"It is absolutely appalling for Fubo to drop Peacock and thus not offer its customers the ability to watch the Superbowl as well as Winter Olympic coverage. Fubo is no longer a sports specialized programming platform as the Superbowl is the pinnacle of sports. So, do what it takes and bring Peacock back or I will be forced to go to youtubetv.",CW,,
2026-02-24T08:28:20.296055,FuboTV,Trustpilot,2026-02-07T19:16:46.000Z,5.0,Solving my problem.,Adolph Velek,,
2026-02-24T08:28:20.361859,FuboTV,Trustpilot,2026-02-06T19:27:38.000Z,5.0,"When I contacted Fubo to get help with updating my credit card information, I was routed to AI help (which wasn't much help at all. When I got the AI group to transfer me to a live representative (Marco), he quickly helped me to resolve my credit card update. Everything is now great!!",Jim,,
2026-02-24T08:28:20.368345,FuboTV,Trustpilot,2026-02-06T19:18:31.000Z,4.0,Got primarily to watch sports.  To many issues with live sports.  Would lose game or it would pause it.  NEVER watched anything on the package I was FORCED to take.  I don't follow my local sports teams.  This is primary reason for cancelling.,Dale Rebholz,,
2026-02-24T08:28:20.371104,FuboTV,Trustpilot,2026-02-05T21:10:05.000Z,1.0,Fubo is a huge scam. I did a 5 day free trial for sports and it never even had the games that I wanted to watch. So I cancelled it before the 5 days were up. Then they still decided to charge me $70 for an app I don’t have a subscription for and don’t even use. And they refuse to give the money back.,Kye Ray,,
2026-02-24T08:28:20.376577,FuboTV,Trustpilot,2026-02-05T20:40:43.000Z,1.0,No NBC (no olympic coverage/ no super bowl coverage). Promised bill credits never seem to hit the account as promised. I have to call in to get them to issue the promised credits.,Mark Wolfe,,
2026-02-24T08:28:20.610525,FuboTV,Trustpilot,2026-02-05T19:31:02.000Z,1.0,I used to like Fubo many years ago. A lot of stations are gone or they don’t have. The price has gone up and good stations have gone down. They replace them with stations that are probably seldomly watched by people.  Picture quality is not the best.,R La,,
2026-02-24T08:28:20.643767,FuboTV,Trustpilot,2026-02-05T02:59:22.000Z,1.0,Fubo promoted a 2 week FREE trial.  I cancelled before the two weeks was up and was still charged $157.  No refund.  Lousy!,Rachelle Eble,,
2026-02-24T08:28:20.650569,FuboTV,Trustpilot,2026-02-03T20:53:13.000Z,1.0,"Horrible Horrible Horrible. I wish I could convince anyone to run away from this provider. After charging me for 4 months from an account I did not open, they are UNABLE to refund the money.",Ana Alvarez,,
2026-02-24T08:28:20.659124,FuboTV,Trustpilot,2026-02-03T17:45:20.000Z,1.0,"I signed up so I could watch the ball drop on nye. I made sure to cancel my subscription right after that, but apparently their auto cancel had an issue. So then I was charged. I tried to keep canceling just like it says in the app, but I guess that cancel button isn't real or it's completely broken and they don't give a crap. So I called. They said they would cancel it themselves right away and issue a refund, which I was grateful for, however, I still haven't seen any of that happen, so now, I will need to get a new card so they can't charge me anymore and go through hell updating everything. Thanks for the extra shit that I now need to do. Go with a different streaming service, one that doesn't scam you into thinking it's canceled and then proceeds to charge you anyway.",Sarah Lyder,,
2026-02-24T08:28:20.766605,FuboTV,Trustpilot,2026-02-03T01:16:44.000Z,5.0,The representative was very helpful and was able to resolve my request,Wendy Cruz,,
2026-02-24T08:28:20.770578,FuboTV,Trustpilot,2026-02-02T23:05:40.000Z,1.0,"free trial cancelled well ahead of time, still charged",Fleur Celis,,
2026-02-24T08:28:20.773588,FuboTV,Trustpilot,2026-02-02T15:49:39.000Z,1.0,"When YouTube TV dropped ESPN, I signed up for a FUBOTV ""Three month FREE TRIAL"". Cancel at anytime! I cancelled six days later. I received an email from a ""cancellation  site"" called XPENDY stating the CC I used for FUBOTV was charged $14.95 for them to send a certified letter to FUBOTV confirming my cancellation. (I know). It took deep digging to find out who and what XPENDY was. Meanwhile I was charged for two months of service starting the day after I cancelled. I disputed all three charges with my CC company. The charges were reversed then the two FUBO charges added back because FUBO told my CC company I never cancelled. I checked my account and it showed Cancelled. After detailed conversation with FUBO's AI Customer Service (keep the flow going because if you delay even an hour in answering they dump the entire conversation and say they show no previous info) FUBO says they don't use any 3rd party cancellation site and don't know who XPENDY is. I continued to get non-answers! So...a three month Free Trial ended in multiple charges well within the cancellation date. FUBO is a scam!",LNR,,
2026-02-24T08:28:20.777678,FuboTV,Trustpilot,2026-02-02T05:12:41.000Z,1.0,Without NBC and MSNow Fubo sucks.  Freaking pedo supporter provider.  Fuc Fubo,TN,,
2026-02-24T08:28:20.781163,FuboTV,Trustpilot,2026-02-01T03:37:55.000Z,3.0,They are very misleading in what they say you can have. They say you have all local sports but when you get your bill they have charge you extra and didn't tell you up front. Then they tell you that you  have unlimited screens which is not true  because it's actually only when you are all at home on the same wi-fi. But they do not tell you these things upfront.,Danielle Koonce,,
2026-02-24T08:28:20.868992,FuboTV,Trustpilot,2026-01-31T23:00:35.000Z,1.0,7 day trial was 6 days. ESPN unlimited never worked properly and wouldn't let me access on anything other than my PC. The channel guide is filled with free channels that clutter up the few things I actually wanted to watch. Why would you flood premium channels with that nonsense? What a terrible service.,History Teacher,,
2026-02-24T08:28:20.874911,FuboTV,Trustpilot,2026-01-31T17:34:22.000Z,4.0,"Living in the Seattle area I would like to watch the Super Bowl since the Seattle Seahawks are one of the teams playing in the Super Bowl. However, Fubo does not have NBC (King 5 local) in it's lineup for my area.What's up with that?",jon brueske,,
2026-02-24T08:28:20.879352,FuboTV,Trustpilot,2026-01-31T01:33:56.000Z,4.0,The website is outdated. Still says old price . There’s supposed to be a reduction in beginning of January. Bill due February 20 still has the higher price. Confusing what is the price.,Laura,,
2026-02-24T08:28:20.950248,FuboTV,Trustpilot,2026-01-31T00:24:21.000Z,1.0,"Zero stars! Fraudulent business practices.I started a 5 day free trial with Fubo and was charged $58.68 the same day, January 18, 2026. I cancelled the trial in time despite no 'reminder' as stated in the sign-up page and no button to cancel early to avoid charges (this was confirmed by email and later by phone call) but supposedly, an old email from a previous free trial in 2025 was 'reactivated', without warning, without information, without confirmation. That email address was cancelled prior trial ending and the account 'deleted', or so I thought but instead, FUBO obviously keeps such information, does not delete ANY emails if you do not go through extensive Privacy change procedures not ready available online but provided by email after disputing the charges and then it supposedly takes weeks to be deactivated (so the 'account' can be reactivated any time by an innocent user by simply clicking on the app. When the 'old email' was reactivated, there was no information, no activation reminder or anything to warn about any other email used. Also, the supposedly 'manager' of billing services was extremely rude and inappropriate and unwilling to make any attempt to resolve this issue. I have seen similar complaints already dating back to 2023, I know that others have been charged for such bad business practices. I would like to see same customer protection action against Fubo and that such shady business practices are controlled.",Jay Gould,,
2026-02-24T08:28:20.963749,FuboTV,Trustpilot,2026-01-30T22:43:58.000Z,1.0,"If I could give zero stars I would. I cancelled my subscription, was not charged for November 2025. I thought all was finished until Jan 2nd I saw a charge for More than the original subscription. I cancelled again. The money was taken out of my account on Dec. 31 2025, I saw it on my account Jan 2nd. I cancelled again immediately and was told sorry no refunds. No one in this company cares about anything other than getting money. I am a single grandparent trying to make ends meet. I thought Fubo would be a cheaper option for tv. I was wrong!",Nancy Moneyhon,,
2026-02-24T08:28:20.966430,FuboTV,Trustpilot,2026-01-30T18:26:37.000Z,5.0,Chatting was quick and efficient. But would like the higher in management to know that I urge Fubo to offer the Golf Channel.,Jack Tonk,,
2026-02-24T08:28:20.972578,FuboTV,Trustpilot,2026-01-30T16:03:05.000Z,5.0,I feel that the customer service team was committed with addressing my concerns for my account. Very thoughtful and thorough response and attentive to my concerns.,customer,,
2026-02-24T08:28:20.986139,FuboTV,Trustpilot,2026-01-29T20:42:41.000Z,4.0,Conversing with the agent was great. What isn’t great is the cost of your sports pro package. I know that people are finding other ways of watching soccer because fubo and dazn are just too expensive!,GP,,
2026-02-24T08:28:21.062000,FuboTV,Trustpilot,2026-01-29T20:27:36.000Z,5.0,"The service was what I wanted and I will resubscribe in the Fall. I only use it for football season, and it is over except for Super Bowl, which I will watch elsewhere.",Christopher Wise,,
2026-02-24T08:28:21.068666,FuboTV,Trustpilot,2026-01-29T02:13:34.000Z,3.0,Your AI system was not very good. After 60 minutes I gave up! Only to try again 30 minutes later. Eventually I got to talk with A REAL PERSON who was able to help.,Kevin Hill,,
2026-02-24T08:28:21.212293,FuboTV,Trustpilot,2026-01-28T21:28:43.000Z,4.0,Agent was very good in dealing with a situation that was out of her control.  Fubo has done the right thing in reducing their cost because of the NBC issue.  I really hop they can get the situation resolved before the Superbowl.,Bob Tassone,,
2026-02-24T08:28:21.333771,FuboTV,Trustpilot,2026-01-28T16:38:59.000Z,1.0,"They billed us before the free trial ended and made disputing the charge very, very difficult compared to for example YouTube tv … buyer beware … watch carefully",Saweh,,
2026-02-24T08:28:21.338601,FuboTV,Trustpilot,2026-01-26T03:44:30.000Z,5.0,"While we could not fix the issue that brought me to the help desk, I appreciate that we exhausted all of the possibilities rather than just giving up.",Paul,,
2026-02-24T08:28:21.436485,FuboTV,Trustpilot,2026-01-25T21:10:46.000Z,5.0,Questions were answered and refund granted,Tom Kovach,,
2026-02-24T08:28:21.439692,FuboTV,Trustpilot,2026-01-25T17:27:06.000Z,4.0,"My experience was fine because of my interaction with your representative.  However, I'm not at all currently pleased with Fubo.  Watching golf on tv is very important to me.  If you cannot resolve the issue with NBC very soon, I will be forced to drop Fubo and pick another streaming service.  Bob Ostlund",Bob Ostlund,,
2026-02-24T08:28:21.442900,FuboTV,Trustpilot,2026-01-25T16:49:51.000Z,1.0,Fubo freezes up on me on a daily basis.  I have to go out of the app and back in.  Seems like Fubo could do better for the amount of money customers pay for this service!,Jeff Young,,
2026-02-24T08:28:21.445598,FuboTV,Trustpilot,2026-01-25T04:54:10.000Z,1.0,"Garbage service and ridiculously expensive, deserves negative stars",Trever Zgaljic,,
2026-02-24T08:28:21.447875,FuboTV,Trustpilot,2026-01-25T04:09:49.000Z,5.0,"I was having trouble canceling my free trial, before it ended. Customer support took care of it for me and made me feel like I mattered and would be missed. I wish I could afford to have a subscription with them just because of the way they help me out and was very polite about it.",Andrew Gunther,,
2026-02-24T08:28:21.450159,FuboTV,Trustpilot,2026-01-24T23:15:52.000Z,5.0,The operator was very helpful. She's directing me towards the process to me reset my password and my new e.mail.,Manuel Viela,,
2026-02-24T08:28:21.499715,FuboTV,Trustpilot,2026-01-24T22:37:18.000Z,1.0,"Has anybody else experienced issues when casting? For some reason, casting from my phone to the TV was a stressful experience. It worsened knowing that, if I stayed with Fubo and continued having this experience, I would pay close to $50 for one month and over $73 for this. With ads, too. But when I'm watching from my phone, I have no issues. Overall, not worth it.",...,,
2026-02-24T08:28:21.794369,FuboTV,Trustpilot,2026-01-24T01:04:22.000Z,5.0,Reps were very helpful and friendly,Bud Bradbury,,
2026-02-24T08:28:21.900197,FuboTV,Trustpilot,2026-01-23T19:08:02.000Z,1.0,"Signed up for Fubo for the teaser rate of $48.99 for the first month, first charge came in at $70.17. The explanation from Fubo customer service was that additional taxes, fees and regional restrictions may apply. Taxes are a fact of life, taxes added $4.19. However there was also a $16.99 sports fee which was not disclosed at signup and was not in any way accepted at signup. Buyer beware, do not sign up for Fubo, nondisclosure of fees is a major red flag. Canceled the subscription. Companies that cannot be honest from the get go don’t deserve my business.",celeste Borg,,
2026-02-24T08:28:22.089969,FuboTV,Trustpilot,2026-01-23T01:42:25.000Z,2.0,"The subscription price was too expensive for the package, I did not see any other options for a less expensive sports package",Lorne Robbins,,
2026-02-24T08:28:22.106183,FuboTV,Trustpilot,2026-01-22T16:27:08.000Z,1.0,Always cutting out and kicking me out because of an error. Horrible watching experience.,Justin G,,
2026-02-24T08:28:22.518712,FuboTV,Trustpilot,2026-01-22T10:17:16.000Z,5.0,Just signed up and of course day I get a email about a promo to join and save money.   I contacted customer service through chat.  I was connected right away to live person who listened and put me in contact with billing.  They took cae of me and adjusted my bills for next 2 months.  Thanks for the great customer service!!!!,David,,
2026-02-24T08:28:22.529992,FuboTV,Trustpilot,2026-01-22T04:50:07.000Z,5.0,"Excellent associate, very attentive to our needs. Took care of pur issues.",Carmen Benoit,,
2026-02-24T08:28:22.534181,FuboTV,Trustpilot,2026-01-21T20:14:13.000Z,1.0,"I canceled this service on January 1, 2026 (I have the confirmation email). Despite this, the merchant repeatedly attempted to charge my card and successfully forced a $110 transaction on January 15, 2026. Furthermore, they are terminating my access on January 26, 2026, meaning they charged a full monthly fee for only 11 days of service after I had already canceled. Do not use this service, and do not give them your billing information.",Bryan Murphy,,
2026-02-24T08:28:22.546079,FuboTV,Trustpilot,2026-01-21T18:26:21.000Z,5.0,Had an issue with billing and it was resolved thru chat. Friendly agents and easy to use.,J C,,
2026-02-24T08:28:22.571999,FuboTV,Trustpilot,2026-01-21T05:05:30.000Z,5.0,John was amazing and he was able to get my request processed,Gisselle Sotelo,,
2026-02-24T08:28:22.575214,FuboTV,Trustpilot,2026-01-21T04:38:09.000Z,5.0,"Listened to the problem, repeated the summary back to me, and then got the resources needed to fix the problem",Dan,,
2026-02-24T08:28:22.582149,FuboTV,Trustpilot,2026-01-19T23:30:26.000Z,5.0,"Customer service was handled well. Automatic refund for missing NBC channels was not forthcoming,  I had to call.",Johnnie,,
2026-02-24T08:28:22.585384,FuboTV,Trustpilot,2026-01-19T20:06:23.000Z,4.0,Fast response and delivered the requested correction or work around for a known issue with my isp.,Brian S.,,
2026-02-24T08:28:22.589074,FuboTV,Trustpilot,2026-01-18T01:28:11.000Z,4.0,"Fubo customer service is about the best customer experience I’ve had in my entire life to be honest!  Very kind, knowledgeable, and supportive! I felt these representatives had my best interests at heart and took the time to make sure I got what I needed and it wasn’t a slow process either it was very quick to be honest. I wasn’t expecting it to be that fast! I only canceled because the price is a little much for us at this time and honestly that price being so high is the only reason a far 4 instead of 5 stars!!! Thanks again Fubo and I will be returning! Keep up the great work! The absolute Best customer service I have ever received!!!",Heather Harris,,
2026-02-24T08:28:22.594879,FuboTV,Trustpilot,2026-01-18T00:37:34.000Z,1.0,Customer support is completely horrible. Zero help and the responses are not reasonable. I actually tried to sign up to no help from support. I recorded the call and I will be posting that online also to show the level of garbage customer support you get! Supervisor Andrew stated the Fubo will never do business with me and legally could not tell me why...,RK,,
2026-02-24T08:28:22.600302,FuboTV,Trustpilot,2026-01-17T18:37:29.000Z,1.0,Constant connection issues and pixelated picture.Rubbish service and no way to cancel yearly subscription.,steven,,
2026-02-24T08:28:22.654409,FuboTV,Trustpilot,2026-01-17T18:31:04.000Z,1.0,You can not talk to a live person anymore all A I with no help or understanding about what you want if this is the future of support from this company you can take you service a shove it up your ass,Keith Ress,,
2026-02-24T08:28:23.012580,FuboTV,Trustpilot,2026-01-17T00:32:37.000Z,4.0,The service is great and reason I downloaded the service to watch certain channels I like watching but the price when I ordered service was not what I expected,Ricky,,
2026-02-24T08:28:23.824547,FuboTV,Trustpilot,2026-01-16T07:46:27.000Z,5.0,"MARKETING SUGGESTION:Hey guys, a lot of customers will be fleeing FUBO because they lost the contract with NBC.  The best way (I think) to retain your customers is to give them a monthly discount of $15 so they can use that money to purchase Peacock TV (NBC, Superbowl).  What do you think?",Jonathan,,
2026-02-24T08:28:23.840165,FuboTV,Trustpilot,2026-01-16T00:10:57.000Z,2.0,"We don't remember signing up for Fubo. Maybe a free trial gon bad.  Next thing, we are being charged $63/mo.for servic we don't use. Can't even find it on Dish billing. So I canceled service today & requested a refund for balance thru Feb 12th.Fubo said:""NO WAY"". IT'S A RIP OFF. DON'T GET HOOKED.  SAY NO . We are 82 ,as I explained to Fubo and that money could be put to good use helping to pay Medical bills That meant nothing to  Fubo. BOYCOTT FUBO",Bill Hansen,,
2026-02-24T08:28:23.888625,FuboTV,Trustpilot,2026-01-15T22:46:23.000Z,1.0,Fubo TV is just an average TV streaming platform. They advertise 7 days free trial but you really got to pay $90 monthly upfront.,Mommo,,
2026-02-24T08:28:23.894034,FuboTV,Trustpilot,2026-01-15T21:48:32.000Z,1.0,"I subscribed to FUBO's simple PRO Plan on Nov. 13. 2025 by phone call with one of their agents, and for a monthly fee of ~ $85.  I received an email not long after that informing me that my monthly rate would be reduced by $15 due to FUBO's loss of the NBC network.However, my first month's billing appeared on my credit card statement was notably higher than the reduced fee expected.  On Dec. 10, I received another email from FUBO stating my monthly base fee would be reduced to ~ $74.  I then received a 2nd month's billing of over $100!  Of course, I then contacted FUBO's Customer Service, and they said I had added on Regional Sports and FUBO Xtra options!  That was totally untrue, and the recorded phone transcription of my original subscribing with the FBO agent would prove that.  In fact, I told him I absolutely did not want those add-ons, and looking at my account online showed that I had only ordered the plain PRO Plan.    FUBO's customer Service would not admit that they had changed my account, and they only refunded me $5.  Fubo had intentionally changed my account without informing me!!  This is illegal.  They now tell me they changed my account from the PRO Plan to the Essential PLan, again without informing me.    I now will be cancelling my subscription, and will file complaints with the appropriate government agencies to investigate these illegal actions by FUBO.     -  Dr. jd",Dr. JHD,,
2026-02-24T08:28:23.903771,FuboTV,Trustpilot,2026-01-14T22:53:15.000Z,1.0,"MAn ohh man, how it pains me to write this, i was a huge fubo fan, have been for years soley because its no BS and shows all formula 1 and most of soccer. over the years they have removed almost all free soccer and you have to pay to watch specific games/teams. which i did. i bought the Real Madrid pass, their ""Best Soccer Package available"" -the rep at fubo.....only to find out game after game that i cant watch the games on the fubo app (even tho it says on their website and everywhere online that the game is on FUBO TV) they force you to pay more just to get sent a link to log into ESPN + do yourself a favor, buy ESPN + with the Disney bundle or hulu or just straight up, you will get access to so much more and better quality and no hidden fees. im telling everyone and their moms to cancel fubo, it sucks and i hope someone that works there reads this and laughs at the joke of a company they work for. stop trying to secure a bag and give the people good quality content without having to jump through hoops. FUBO sucks",Nando,,
2026-02-24T08:28:23.909675,FuboTV,Trustpilot,2026-01-13T19:07:40.000Z,1.0,"FUBO started charging me for DAZN even though I never requested this and I already had a subscription separately with DAZN. Once I realized I had been charged over double what I normally charged the last 3 months I contacted them showing the error and they only agreed to refund me for one month. No explanation of how the error occurred, and not even an apology. Thanks for stealing $60 off a loyal customer of almost 4 years!! Happy to never send FUBO my money ever again, disgraceful way to handle business",Ben Stevens,,
2026-02-24T08:28:24.117517,FuboTV,Trustpilot,2026-01-13T03:35:34.000Z,5.0,"The rep,Ramon,was fast and got my question answered very quickly.",Bryan Jones,,
2026-02-24T08:28:24.174429,FuboTV,Trustpilot,2026-01-12T23:26:57.000Z,1.0,I tried to sign up for a subscription to watch a football game.  The web site kept locking up and I couldn't complete the process and never even selected a viewing plan or watched the site.  I found out three months later that they were charging my card for the maximum subscription each month.  I call to dispute the charge but after multiple attempts was never able to talk to a live representative.  VERY SHADY!,Mike Mccoy,,
2026-02-24T08:28:24.177673,FuboTV,Trustpilot,2026-01-12T13:11:44.000Z,1.0,"Did the free trial. Missed cancelling by one day. Chatted with the most sanctimonious condescending AI ever. It assured me it understood my frustration (sure you did, machine), but money is spent and there are no refunds. $45 for a service I will never use. Certainly now I will never use it. Ever. Regardless of the cost.",Marc,,
2026-02-24T08:28:24.180989,FuboTV,Trustpilot,2026-01-12T01:25:33.000Z,2.0,"I canceled my FUBO SUBSCRIPTION pretty quick. Price is high, sports selection poor and sometimes the steam picture will go blank. You may be able to hear play by play but takes a reset to get pic back. Thx",Wally Nowacki,,
2026-02-24T08:28:24.184122,FuboTV,Trustpilot,2026-01-11T00:36:15.000Z,3.0,"Fubo TV knows their app continues to crash on Smart TV's, but are making no progress in correcting this issue. I'm going back to YouTube TV by the end of my monthly subscription.",NLW,,
2026-02-24T08:28:24.186720,FuboTV,Trustpilot,2026-01-10T17:46:45.000Z,5.0,"Honest, helpful, resolved my issue",Brittany Hill,,
2026-02-24T08:28:24.189424,FuboTV,Trustpilot,2026-01-10T04:35:23.000Z,5.0,Helpful and nice and assisted me with all my requests,Itemsless Support,,
2026-02-24T08:28:24.192319,FuboTV,Trustpilot,2026-01-09T07:59:32.000Z,4.0,"How can so called ""highlights"" of EPL matches not include all goals???",David Marchioni,,
2026-02-24T08:28:24.194773,FuboTV,Trustpilot,2026-01-08T06:09:37.000Z,3.0,"They have no customer  service,  you have to try to figure  out yourself,  get frustrated  and then after losing your cool finally  a person comes to the phone.",Sonya Milton,,
2026-02-24T08:28:24.218763,FuboTV,Trustpilot,2026-01-08T04:01:06.000Z,5.0,my agent was very helpful,DS,,
2026-02-24T08:28:24.296084,FuboTV,Trustpilot,2026-01-08T02:16:00.000Z,1.0,"Allow gift cards to pay monthly bill. I only have a gift card (apple card) and your agent said that is not possible, so how do I pay? Scammers ruined my bank account and all my credit and debt cards, all I have now is this gift card.",RONALD AUSTIN PRUITT,,
2026-02-24T08:28:24.360414,FuboTV,Trustpilot,2026-01-07T22:52:52.000Z,5.0,"The first part of the chat with AI was the best one I've ever experienced. Went thru a variety of questions until it couldn't help and offered ways to resolve the issue.  Got a real agent David and he was efficient and quick to resolve the issue.Overall, I would rate this an exceptional experience.  You guys seem to have it figured out better than most.",Helen Coumes,,
2026-02-24T08:28:24.451721,FuboTV,Trustpilot,2026-01-07T20:40:59.000Z,3.0,THREE C/S staff were terrible back and forth for THREE DAYS!!  Finally I reached “Red” who fixed my issue in 5 minutes!!! Three agents were USELESS then I reached Red who was great!,Furgy,,
2026-02-24T08:28:24.485258,FuboTV,Trustpilot,2026-01-07T03:28:33.000Z,1.0,My credit card was overcharged after the free trial was up. Customer service is horrible. Don’t waste your money on this fraudulent company.,Nick Hlasny,,
2026-02-24T08:28:24.488014,FuboTV,Trustpilot,2026-01-07T02:15:59.000Z,5.0,Thanks so much you helped is very appreciated it god bless you,Edgar Zamora,,
2026-02-24T08:28:24.500814,FuboTV,Trustpilot,2026-01-06T18:40:04.000Z,1.0,"I signed up for a free 7 day trial.  When i canceled on the last (7th) day, I was already charged $73 for the next month.  When I chatted with their bot (the ONLY way to communicate with them), it told me ""I understand how frustrating this situation is. Fubo processes the first payment on the last day of your trial as your subscription transitions to a paid plan, but you still have access to Fubo through the end of that day."" That's so SHADY!",Vanessa Anne Hroch Allison,,
2026-02-24T08:28:24.510631,FuboTV,Trustpilot,2026-01-05T23:33:22.000Z,3.0,Wasted 2 hours of my time trying to reactivate my account only to find out the promo price you offer is incorrect.,Frank Martinez,,
2026-02-24T08:28:24.514986,FuboTV,Trustpilot,2026-01-05T18:46:49.000Z,5.0,It had all the channels I loved to watch and the low monthly cost. The only reason I cancelled was because you no longer had NBC.,Barbara,,
2026-02-24T08:28:24.525188,FuboTV,Trustpilot,2026-01-05T04:13:55.000Z,5.0,The virtual assist promptly set me up with an agent.,Ccee,,
2026-02-24T08:28:24.527922,FuboTV,Trustpilot,2026-01-04T20:12:31.000Z,4.0,"The customer support team fixed the issue which is the local channels. News and Weather from local channels is very important to us, we arent particularly interested in the news and weather from 135 miles away in the SF Bayarea. Now that being said, we have experienced the fix before, and then it went back to Bayarea local stations again. This is the 2nd time they fixed it.",Katfish,,
2026-02-24T08:28:24.575241,FuboTV,Trustpilot,2026-01-04T14:38:17.000Z,4.0,Customer service was great but wish he could of kept me going for the discounted price insead i have to wait on billing,Ricky,,
2026-02-24T08:28:27.502468,FuboTV,Google Play Store,2026-02-23T08:04:30,5.0,it's the best,Randolphins Wigs,2026-02-23T08:30:58,Thank you for sharing your positive experience! We’re excited to keep delivering the best for you.
2026-02-24T08:28:28.245044,FuboTV,Google Play Store,2026-02-23T07:17:49,2.0,it's 2026 and this app doesn't have picture-in-picture.,Lance,,
2026-02-24T08:28:28.250784,FuboTV,Google Play Store,2026-02-23T06:01:22,1.0,very slow and glitchy,Tre Jenkins,2026-02-23T08:02:44,"Hi, we’d like to look into your case. Please email us at daznsocialreviews@dazn.com from your DAZN‑registered email ID including your device details, relevant screenshots/screen recordings, and this reviewer ID only privately via email. It will help us investigate and assist you further."
2026-02-24T08:28:28.256523,FuboTV,Google Play Store,2026-02-23T05:09:28,1.0,this app doesn't work half of the time. streaming issues on something incredibly expensive is just honestly embarrassing.,Written In Waters,2026-02-23T08:07:57,"Hi, that’s not the kind of experience we aim to deliver. Please email us at daznsocialreviews@dazn.com from your DAZN‑registered email ID and we will look into your case. If you could share device details, relevant screenshots/screen recordings, and this reviewer ID only privately via email. It will help us investigate and assist you further."
2026-02-24T08:28:28.260547,FuboTV,Google Play Store,2026-02-23T05:05:01,5.0,love it,jockquis warren,2026-02-23T07:48:32,"So glad you loved it, Jockquis! Your 5-star rating means the world to us—thanks for choosing DAZN!"
2026-02-24T08:28:28.263733,FuboTV,Google Play Store,2026-02-23T04:45:59,5.0,perfect 👌,SihleS Gugulezwe,2026-02-23T07:50:20,We appreciate your kind words and the 5-star rating. It’s fans like you who inspire us every day!
2026-02-24T08:28:28.273615,FuboTV,Google Play Store,2026-02-23T03:56:32,5.0,great,orlando pemberton,2026-02-23T07:53:09,"We appreciate your kind words and the 5-star rating, Orlando. It’s fans like you who inspire us every day!"
2026-02-24T08:28:28.278254,FuboTV,Google Play Store,2026-02-23T03:48:06,1.0,this app is absolutely horrible. it won't let me pay with any of my cards even this all have sufficient funds. I would not recommend this app for anyone.,Lonnie Bishop,2026-02-23T09:21:35,"Hi, we're here to help you. Please email us at daznsocialreviews@dazn.com from your DAZN‑registered email ID and we will look into your case. If you could share device details, relevant screenshots of the error, and this reviewer ID only privately via email. It will help us investigate and assist you further."
2026-02-24T08:28:28.560895,FuboTV,Google Play Store,2026-02-23T01:17:27,1.0,Scam,Exo Gaming,,
2026-02-24T08:28:28.563941,FuboTV,Google Play Store,2026-02-23T01:08:46,5.0,good app,Nsubuga Umar,2026-02-23T01:22:13,"Hi! Thank you so much for the 5-star rating! We're happy to be your streaming partner in every match, every round, every lap."
2026-02-24T08:28:28.609726,FuboTV,Google Play Store,2026-02-22T22:54:40,1.0,very hard app. should be simple,Lisa,2026-02-23T00:57:43,"Hi Lisa! we’d like to hear more about your experience. Please email us at daznsocialreviews@dazn.com from your DAZN registered email address, details of your concern and your reviewer ID – only privately via email. This will allow us to review your case and assist you further."
2026-02-24T08:28:28.615282,FuboTV,Google Play Store,2026-02-22T22:52:18,1.0,Can't login with google it just breaks the app,Nikola Ivanuša,2026-02-22T23:21:10,"Hi Nikola, thanks for reaching out. To help restore access and ensure everything runs smoothly, please email us at daznsocialreviews@dazn.com. from your DAZN-registered email address. Include your device details, screenshots of the error, and this reviewer ID (share only via email) so we can investigate and assist you further."
2026-02-24T08:28:28.625127,FuboTV,Google Play Store,2026-02-22T21:23:48,1.0,"No deja reproducir nada, se queda cargando... La versión web sí funciona",Xavier Vilanova Fuambuena,2026-02-22T23:35:05,"Hola Xavier, estamos aquí para ayudarte. Envíanos un correo a daznsocialreviews@dazn.com desde tu email registrado en DAZN y revisaremos tu caso. Comparte los detalles del dispositivo, capturas o grabaciones relevantes y este ID de revisor (solo de forma privada por correo) para que podamos investigar y asistirte mejor."
2026-02-24T08:28:28.653396,FuboTV,Google Play Store,2026-02-22T07:20:24,1.0,payed for the Garcia fight still haven't seen one complete fight,Pete Canales,2026-02-22T10:57:17,"Hello Pete! we're here to help you. Please email us at daznsocialreviews@dazn.com from your DAZN registered email address including details of your concern, subscription details, any relevant screenshots/ screen recordings and this reviewer ID only privately via email. This will allow us to review your case and assist you further."
2026-02-24T08:28:28.673948,FuboTV,Google Play Store,2026-02-22T06:59:35,1.0,worst period,Anibal Briones,2026-02-22T09:50:27,"Hello Anibal, we're here to help you. To discuss your specific experience, please email us at daznsocialreviews@dazn.com from your DAZN registered email address including details of your concern and this reviewer ID only privately via email. This will allow us to review your case and assist you further."
2026-02-24T08:28:28.679373,FuboTV,Google Play Store,2026-02-22T06:59:00,1.0,ryan garcia fight toooo expensive. not worth it. he needs to proove himself first.,Daniel D.,,
2026-02-24T08:28:28.751231,FuboTV,Google Play Store,2026-02-22T05:54:33,1.0,It was once a good deal. Like everything else it has been ruined by greed. I hate these A holes for messing it up. Don't waste your time the subscription just gives you access to old fights and the ability to PPV new fights. I had this service since it started in US. I'm out!,Michael Kelsay,,
2026-02-24T08:28:28.769321,FuboTV,Google Play Store,2026-02-22T05:53:36,1.0,this app not working,darius Dismuke,2026-02-22T10:33:48,"Hi! We’re here to help and would need to take a closer look. Please send us your DAZN registered email ID at daznsocialreviews@dazn.com, along with device information, details of your concern and this reviewer ID only privately via email. Our dedicated team will assist you further."
2026-02-24T08:28:28.853542,FuboTV,Google Play Store,2026-02-22T03:17:54,3.0,waiting for my submission to process to watch fight,Jerry Rendon,2026-02-22T09:02:56,"Hello Jerry, we're here to help you. Please email us at daznsocialreviews@dazn.com from your DAZN registered email address. If you could also share details of your concern, content details and this reviewer ID only privately via email. This will allow us to review your case and assist you further."
2026-02-24T08:28:28.899094,FuboTV,Google Play Store,2026-02-22T02:46:43,1.0,"buffers for boxing, worse app ever. I can't wait for the boxing promoters to go to Netflix. I'm cancelling the app",ben valaydon,2026-02-22T09:37:04,"Hi, we're here to help you. Please email us at daznsocialreviews@dazn.com from your DAZN registered email ID, with device details, relevant screenshots/recordings, and this reviewer ID only privately via email it will help us investigate and assist you further."
2026-02-24T08:28:29.020606,FuboTV,Google Play Store,2026-02-22T02:32:02,5.0,great boxing outlet for great fights,Spencer Reed,2026-02-22T07:50:34,"Hello Spencer, we truly appreciate your 5-star rating. Your support motivates us to keep raising the bar!"
2026-02-24T08:28:29.077707,FuboTV,Google Play Store,2026-02-22T02:27:58,5.0,great app,Francisco Aguilar,2026-02-22T07:52:53,"We appreciate your kind words and the 5-star rating, Francisco. It’s fans like you who inspire us every day!"
2026-02-24T08:28:29.234561,FuboTV,Google Play Store,2026-02-21T22:51:07,5.0,I love it,Ivory Williams,2026-02-22T00:10:57,Hi! Thank you so much for the 5-star rating! Keep choosing DAZN!
2026-02-24T08:28:29.287470,FuboTV,Google Play Store,2026-02-21T22:39:35,1.0,Lousy programming.,Jerry Easley,2026-02-21T23:37:54,"Hi, we value your feedback and would like to better understand your concern. Please email us at daznsocialreviews@dazn.com from your DAZN-registered email address with more details about your concern, and this reviewer id - privately via email, our team will review it and assist you further."
2026-02-24T08:28:29.300506,FuboTV,Google Play Store,2026-02-21T22:27:15,5.0,ok,Marc Odom,2026-02-21T22:54:03,Hi! Thank you so much for the 5-star rating! Keep choosing DAZN!
2026-02-24T08:28:29.308783,FuboTV,Google Play Store,2026-02-21T21:54:50,5.0,good,Abdullahi Muddasir,2026-02-21T22:45:54,Hi! Thank you so much for the 5-star rating! Keep choosing DAZN!
2026-02-24T08:28:29.317992,FuboTV,Google Play Store,2026-02-21T09:19:35,5.0,The best i can watch football,Kelvin Kauzeni,2026-02-21T09:53:34,"Hi Kelvin, thanks for the awesome feedback. We're always working to elevate the experience, and it’s great to hear that it's hitting the mark. Stay tuned, there’s more to come!"
2026-02-24T08:28:29.329703,FuboTV,Google Play Store,2026-02-20T23:46:02,5.0,thank you,ANANE GABRIEL,2026-02-21T00:35:49,"HI Anane! thank you so much for the 5-star rating, Keep choosing DAZN!"
2026-02-24T08:28:29.337194,FuboTV,Google Play Store,2026-02-20T22:17:42,5.0,Fab 5*,Jason Corbett,,
2026-02-24T08:28:29.345165,FuboTV,Google Play Store,2026-02-20T13:14:38,1.0,bait and switch... do not trust DAZn,Patricio Suarez,2026-02-20T13:46:30,"Hi Patricio, we’d like to understand your concern. Please email us at daznsocialreviews@dazn.com from your DAZN-registered email ID, along with your device details, a description of the issue, and this reviewer ID. Our dedicated support team will assist you accordingly."
2026-02-24T08:28:29.362079,FuboTV,Google Play Store,2026-02-20T07:04:20,1.0,nothing free here,Francisco Jenkins-Lopez,,
2026-02-24T08:28:29.370831,FuboTV,Google Play Store,2026-02-20T05:25:14,1.0,"This app sucks, they lock you in with a contract and they won't let you get out of it. So do not sign up for this app. I will continue to give it bad grades because their customer service is another story. Terrible.",mike m,2026-02-20T09:20:24,"Hello Mike, To help us investigate more effectively please email us at daznsocialreviews@dazn.com from your DAZN‑registered email ID so we can verify your account and assist you further. We kindly ask that you include the following details in your email, this reviewer ID, screenshots - only privately via email."
2026-02-24T08:28:29.381830,FuboTV,Google Play Store,2026-02-20T04:27:02,1.0,"Brutal app, even worse customer service. Would regularly crash during use, not able to use outside of Canada, and was autocharged upon expiry of my membership without my consent. Not to mention how expensive it is. Definitely not worth it.",Matt S,2026-02-20T08:45:52,"Hi Matt! We're here to help you. Please email us at daznsocialreviews@dazn.com from the email address registered with DAZN, relevant screenshots and this reviewer ID – only privately via email. This will allow us to review your case and provide you with better assistance."
2026-02-24T08:28:29.385566,FuboTV,Google Play Store,2026-02-20T03:12:09,1.0,paying for a year subscription and still have to pay for a fight the only good fight for the whole year subscription,Dario Picasso,,
2026-02-24T08:28:29.393984,FuboTV,Google Play Store,2026-02-19T23:54:30,1.0,"awful on my tablet. opens in portrait and can't change it to landscape, but the videos play on landscape. why would I want to scroll I. one and watch in the other. absolutely dreadful. zero stars",david smith,2026-02-20T00:50:43,"Hello David, we're here to help you. Please email us at daznsocialreviews@dazn.com from your DAZN‑registered email ID, and we will look into your case. If you could share device details, relevant screenshots/screen recordings, and this reviewer ID - only privately via email - it will help us investigate and assist you further."
2026-02-24T08:28:29.412355,FuboTV,Google Play Store,2026-02-19T22:21:07,5.0,best app for sports.,Junn Karlo Espinosa,2026-02-20T00:56:41,Hello Junn! Thank you for your kind words and the 5-star rating! We appreciate you for having us on your roster.
2026-02-24T08:28:29.423579,FuboTV,Google Play Store,2026-02-19T18:43:38,5.0,nice 👍,Suresh Molik,2026-02-19T20:35:41,Hello Suresh! Thank you for your kind words and the 5-star rating! We appreciate you for having us on your roster.
2026-02-24T08:28:29.426500,FuboTV,Google Play Store,2026-02-18T19:31:43,5.0,it's not fake and it has no ads,Tumusiime Fred,2026-02-18T20:29:15,Hi! Thank you for your kind words and the 5-star rating! We appreciate you including us on your list.
2026-02-24T08:28:29.434554,FuboTV,Google Play Store,2026-02-18T19:12:06,1.0,"Terrible App. Incredibly slow. There's a string of text that is often displayed during the steam. I cancelled the service 30 days before the renewal, in my account it was written that there would be no more money taken from my credit card, they reactivated my account for 2 weeks and charged me. Thieves.",Jeff Bedard,2026-02-18T20:26:22,"Hi Jeff! We're here to help you and would like to check your case. Please email us at daznsocialreviews@dazn.com from the email address registered with DAZN, device details, details of your concern, relevant screenshots and this reviewer ID – only privately via email. This will allow us to review your case and provide you with better assistance."
2026-02-24T08:28:29.437359,FuboTV,Google Play Store,2026-02-18T18:40:52,2.0,"Not great for soccer for the price. Plus when I wanted to cancel, I found out it was locked for a year.",M Ziyaad R,,
2026-02-24T08:28:29.440521,FuboTV,Google Play Store,2026-02-18T14:37:04,1.0,si hubiera una opcion de cero estrellas se las daria ya cancele la suscripcion y me siguen cobrando,Nery Gonzalez,2026-02-18T14:41:09,"Hola Nery, gracias por informarnos sobre esto. Para ayudarnos a revisar los cargos repetidos y asistirte mejor, por favor contáctanos en daznsocialreviews@dazn.com con el correo electrónico registrado en tu cuenta DAZN y cualquier captura de pantalla relevante. Nuestro equipo investigará el asunto y te brindará el apoyo correspondiente."
2026-02-24T08:28:29.443509,FuboTV,Google Play Store,2026-02-18T08:50:12,1.0,"Incompatible with GrapheneOS, overpriced and poorly programmed too.",Hugo Ochoa,2026-02-18T09:10:35,"Hi Hugo, we’d like to understand your concern. Please email us at daznsocialreviews@dazn.com from your DAZN-registered email ID, along with your device details, a description of the issue, and this reviewer ID. Our dedicated support team will assist you accordingly."
2026-02-24T08:28:29.559322,FuboTV,Google Play Store,2026-02-18T07:38:41,5.0,nice,Sammar Ch,2026-02-18T09:01:09,"Hi Sammar, thank you for the 5 stars. Keep choosing DAZN!"
2026-02-24T08:28:29.561995,FuboTV,Google Play Store,2026-02-18T06:38:23,1.0,"App is fine. A bit glitchy. But the scummy, sneaky annual contracts are unacceptable. Be careful when you sign up. Read the fine print.",Jonathan Huot,2026-02-18T09:06:37,"Hi Jonathan, thank you for reaching out. Please email us at daznsocialreviews@dazn.com from your DAZN‑registered email ID along with your device details, relevant screenshots/screen recordings, and this reviewer ID - only privately via email - it will help us investigate and assist you further."
2026-02-24T08:28:29.565911,FuboTV,Google Play Store,2026-02-17T00:18:53,5.0,Great for the sport,Gene Griffin,2026-02-17T00:38:19,"Hello Gene, we appreciate you giving us a 5-star rating. We're always working to elevate the experience, and it’s great to hear that it's hitting the mark. Stay tuned, there’s more to come!"
2026-02-24T08:28:29.587591,FuboTV,Google Play Store,2026-02-17T00:18:27,5.0,excellent,JOAN KONAGA,2026-02-17T00:36:52,Hello Joan! Thank you for your kind words and the 5-star rating! We appreciate you for having us on your roster.
2026-02-24T08:28:29.600273,FuboTV,Google Play Store,2026-02-15T22:13:53,5.0,very nice,Moses Kibaki,2026-02-15T23:04:01,Hello Moses! Thank you for your kind words and the 5-star rating! We appreciate you for having us on your roster.
2026-02-24T08:28:29.610408,FuboTV,Google Play Store,2026-02-15T20:12:49,3.0,streaming is fuzzy and delayed for 40% of most fights. relatively no customer service.,Brother MO,2026-02-15T22:38:09,"Hi! We’re here to help and would love to take a closer look. Please send us your DAZN-registered email ID at daznsocialreviews@dazn.com, along with any relevant screenshots and this reviewer ID - only privately via email. Our dedicated team will assist you further."
2026-02-24T08:28:29.728290,FuboTV,Google Play Store,2026-02-15T02:43:48,3.0,Worse than before. Difficult to navigate. Always pushing sports I'm not interested in.,SIMON GRANT,2026-02-15T09:32:58,"Hi Simon! We're here to help and would like to hear more about your experience. Please email us at daznsocialreviews@dazn.com from your DAZN registered email address, details of your concern and this reviewer ID – only privately via email. This will allow us to review your case and assist you further."
2026-02-24T08:28:29.746814,FuboTV,Google Play Store,2026-02-15T00:08:34,3.0,"The audio should be not location based. If I watch La Liga, and the match is clearly being retransmitted in Spanish in Spain, why do I only have the option of watching it in German.",Mario López Batres,2026-02-17T09:21:40,"Hi Mario, you can change the audio language during playback by opening the audio settings in the player and selecting your preferred commentary. You can also update it via My Account > Profile & Settings > Language (top right). For further help, email daznsocialreviews@dazn.com from your DAZN-registered id with this reviewer ID privately via email."
2026-02-24T08:28:29.824915,FuboTV,Google Play Store,2026-02-14T22:09:27,5.0,good,Mohd Musthafa,2026-02-14T23:19:54,Hello! Thank you for your kind words and the 5-star rating! We appreciate you for having us on your roster.
2026-02-24T08:28:30.182196,FuboTV,Google Play Store,2026-02-14T21:34:51,1.0,"Dishonest Company - do not support. I have been a subscriber for a long time. I watch NFL and Six Nations Rugby which makes the annual subscription worth it for me. Without warning, DAZN stopped covering the Six Nations Rugby Championship. They will not offer a refund of any kind. I cancelled this service is no longer worth $282/year.",James Creech,2026-02-14T22:58:25,"Hi James, we’d never want any of our customers to have such a perception about us. Please elaborate on your concern at daznsocialreviews@dazn.com from your DAZN‑registered email ID, and your reviewer ID - only privately via email - it will help us investigate more effectively. We look forward to assisting you."
2026-02-24T08:28:30.452669,FuboTV,Google Play Store,2026-02-14T21:00:20,1.0,Still the worst app I have ever used. Payment system is weird. Can't find my team easily. Cut out at the start and end of the match,Steve Archer,2026-02-14T21:20:27,"Hi, that’s not the kind of experience we aim to deliver. Please email us at daznsocialreviews@dazn.com from your DAZN‑registered email ID, and we will look into your case. If you could share device details, relevant screenshots/screen recordings, and this reviewer ID - only privately via email - it will help us investigate and assist you further."
2026-02-24T08:28:30.473995,FuboTV,Google Play Store,2026-02-14T20:47:11,5.0,great,Frank Olmo,2026-02-14T21:22:28,Hello Frank! Thank you for your kind words and the 5-star rating! We appreciate you for having us on your roster.
2026-02-24T08:28:30.597932,FuboTV,Google Play Store,2026-02-14T18:44:39,3.0,"Spesso da smartphone è quasi impossibile avere una risoluzione decente per tutti i 90 minuti. E se guardi una partita in differita è quasi impossibile non avere spoiler direttamente dalla copertina del match. Zero delay sulle pubblicità, quindi se apri il video e poi per sbaglio apri la chat, ti ribecchi la pubblicità quando torni sul video. Costo, con offerta 2 dispositivi, sostenibile, ma servizio di qualità inferiore al prezzo. Però puoi vedere gli highlights appena dopo le partite. Wow!",Lorenzo Cavallaro,2026-02-14T19:25:00,"Ciao Lorenzo! Siamo qui per aiutarti e ci piacerebbe dare un'occhiata più da vicino. Ti preghiamo di inviarci il tuo indirizzo email registrato su DAZN all'indirizzo daznsocialreviews@dazn.com, insieme a eventuali screenshot pertinenti e questo ID recensore - solo privatamente via email. Il nostro team dedicato ti assisterà ulteriormente."
2026-02-24T08:28:30.693868,FuboTV,Google Play Store,2026-02-14T18:42:29,5.0,excellent I like it very used easy and best,linnkhine htay,2026-02-14T20:56:53,Hello! Thank you for your kind words and the 5-star rating! We appreciate you for having us on your roster.
2026-02-24T08:28:30.698596,FuboTV,Google Play Store,2026-02-14T16:58:12,2.0,"Mehr Werbung, höhere Kosten, schlechte Qualität, schlechte Abo-Auswahl, 6 Wochen ein Box-Wettkampf als Pop Up waren letztendlich dann der Grund für die Kündigung, schade!",Lukas Stoffer,2026-02-14T17:41:12,"Hallo Lukas, wir möchten nicht, dass Sie diesen Eindruck haben. Bitte schildern Sie Ihr Anliegen ausführlich per E-Mail an daznsocialreviews@dazn.com von Ihrer bei DAZN registrierten Adresse und geben Sie Ihre Rezensenten-ID an, ausschließlich vertraulich per E-Mail. So können wir Ihren Fall gezielt prüfen und Sie bestmöglich unterstützen."
2026-02-24T08:28:30.702829,FuboTV,Google Play Store,2026-02-14T10:59:12,1.0,funゾーンが非表示にしても永久に出てくる,Yan Non,2026-02-14T12:15:27,こんにちは。フィードバックをいただき、ありがとうございます。お客様のご意見は私たちにとって非常に重要であり、しっかりと記録させていただきました。ご質問がございましたら、DAZNに登録されているメールアドレスを使用して、daznsocialreviews@dazn.comまでお問い合わせください。
2026-02-24T08:28:30.748403,FuboTV,Google Play Store,2026-02-14T09:08:35,1.0,"can rarely find the channels I actively search in the tab, the subscriptions is a mess surely with the intention to slow that process right down, truly infuriating. wasted over 80$ on a subscription I thought I had cancelled months ago",David O'Connor,2026-02-14T09:38:52,"Hi David! To assist you further and verify the details of your case, please reach out to us at daznsocialreviews@dazn.com with your DAZN-registered email ID and any relevant information. Our dedicated team will review your case and get back to you promptly."
2026-02-24T08:28:30.759935,FuboTV,Google Play Store,2026-02-14T08:16:41,4.0,"I used for GamePass to watch my beloved Green Bay Packers. My experience with the app in Australia was mostly good this year, it would freeze every once in awhile but mostly worked great. Superbowl stream with American ads worked flawlessly.",Stacie Rider,2026-02-14T09:19:37,"Hi Stacie, thanks for your feedback. If you’re experiencing freezing issues, please email us at daznsocialreviews@dazn.com from your DAZN-registered email. Include your device details, relevant screenshot, and your reviewer ID (shared privately via email) so we can investigate and assist you further."
2026-02-24T08:28:30.854865,FuboTV,Google Play Store,2026-02-14T05:50:31,1.0,"BEWARE! FREE TRIAL IS A SCAM! I canceled the same day, or so I thought. months later I found out I'm still getting charged. SCAM and GARBAGE service. Filed a dispute with my bank, and I had to force close the payment to stop them from scamming me out of more money.",Matthew Daniels,2026-02-14T09:16:41,"Hi Matthew! To assist you further and verify the details of your case, please reach out to us at daznsocialreviews@dazn.com with your DAZN-registered email ID and any relevant information. Our dedicated team will review your case and get back to you promptly."
2026-02-24T08:28:30.859227,FuboTV,Google Play Store,2026-02-14T00:05:15,1.0,"awful app, awful company, never honour cashback deals when advertising through partners. hate the nfl use these",Roy Graham,,
2026-02-24T08:28:30.944580,FuboTV,Google Play Store,2026-02-13T23:49:08,5.0,exceptional,okorie onwuchekwa,2026-02-14T00:13:29,Hello Okorie! Thank you for your kind words and the 5-star rating! We appreciate you for having us on your roster.
2026-02-24T08:28:30.964029,FuboTV,Google Play Store,2026-02-13T12:53:42,5.0,Good 👍,Phyo Wai Lwin,2026-02-13T17:44:31,Hello Phyo! Thank you for your kind words and the 5-star rating! We appreciate you for having us on your roster.
2026-02-24T08:28:30.986544,FuboTV,Google Play Store,2026-02-12T22:58:18,5.0,Very good,Rafael Mustapha,2026-02-13T00:20:05,Hello Rafael! Thank you for your kind words and the 5-star rating! We appreciate you for having us on your roster.
2026-02-24T08:28:31.295959,FuboTV,Google Play Store,2026-02-11T22:32:44,1.0,They shouldn't have removed the US ads for UK viewers this was all part of the Sunday night experience.,Stephen Appleton,2026-02-11T23:18:19,"Hello, Stephen! We’ve recently updated how ads are managed on NFL Game Pass on DAZN. As part of this change, you may see fewer U.S. commercials and more locally managed DAZN ads. You’ll still get the full U.S. broadcast and commentary for all gameplay. We appreciate your feedback as we continue improving the experience for fans around the world."
2026-02-24T08:28:31.603438,FuboTV,Google Play Store,2026-02-11T18:48:24,5.0,"⭐⭐⭐⭐⭐ Vishal was very professional, patient, and clear in explaining everything. He answered all my questions, confirmed my billing details, and made the process simple and stress free. I really appreciate the excellent customer service and quick support. Thank you!",Joc PO,2026-02-11T19:32:25,We’re delighted to hear that you had a great experience with our Customer Service team. Thank you for being part of the DAZN family. It means a lot to us to be a part of your sports journey. We’ve always here to help.
2026-02-24T08:28:31.617121,FuboTV,Google Play Store,2026-02-11T12:34:29,1.0,A bad platform to watch the NFL in Australia. This is just one of the worst streaming apps in a flooded market. tbh if you are in Australia and don't follow a specific team do not waste your money on this really poor platform for watching NFL. Go with a Disney+ subscription where you get great value although not all games.,Jay Horvat,2025-12-28T00:51:37,"Hi Jay, we’d never want any of our customers to have such a perception about us. To help us understand and resolve the issue, please email us at daznsocialreviews@dazn.com with a brief description, relevant screenshots, your DAZN-registered email ID, and device details. We’re here to keep your DAZN experience uninterrupted."
2026-02-24T08:28:31.620811,FuboTV,Google Play Store,2026-02-11T02:15:07,1.0,"The 30 day cancelation notice should not be allowed by the Google play store. They have the ability to cancel immediately, this is purely a last effort cash grab from customers wanting to leave the service.",Sean Hodson,,
2026-02-24T08:28:31.707582,FuboTV,Google Play Store,2026-02-10T17:47:50,1.0,"Just tried to cancel my monthly subscription and it seems to have me locked in for a year, which is not what I signed up for at all. Very deceitful for this app. Shame on DAZN to have it set up this way. I better not see continuous payments coming out. Will NEVER get DAZN again and will not ever recommend it. Trash. want to give it zero stars.",Melissa Cramm,2026-02-10T19:09:36,"Hello Melissa, we’ve reviewed your case and can confirm you’ve been in touch with our support team and that your subscription has been cancelled per your request. If you have any further questions or need additional assistance, please feel free to reach out — our team is always here to help."
2026-02-24T08:28:31.711458,FuboTV,Google Play Store,2026-02-10T06:51:14,1.0,was charged for annual when I selected monthly extra charge to change,Margaret Edmunds,2026-02-10T14:21:20,"Hi Margaret! DAZN does not charge annually if you have selected a monthly subscription plan. We’re here to help. Please email us at daznsocialreviews@dazn.com from your DAZN-registered email address and include your subscription details, this reviewer ID, and any relevant screenshots. This will allow us to review your case and assist you further."
2026-02-24T08:28:31.719404,FuboTV,Google Play Store,2026-02-10T05:13:57,1.0,could not get the super bowl.. not impressed.,Sherri Webb,2026-02-10T09:10:23,"Hi, thanks for your feedback. To help us review and assist you further, please contact us at daznsocialreviews@dazn.com with your DAZN-registered email ID, your current streaming location, and your reviewer ID privately via email. Our team will look into this and assist you further."
2026-02-24T08:28:31.739071,FuboTV,Google Play Store,2026-02-10T01:40:32,1.0,Impossible to cancel and zero customer service. Don't bother subscribing.,John,2026-02-10T02:30:47,"Hello, we'd like to check your case. Please email us at daznsocialreviews@dazn.com from your DAZN registered email address, details of your concern and this reviewer ID – only privately via email. This will allow us to review your case and assist you further."
2026-02-24T08:28:31.782078,FuboTV,Google Play Store,2026-02-10T00:31:37,1.0,worthless,Louise Rice,2026-02-10T02:28:34,"Hi, we’d never want any of our customers to have such a perception about us. Please elaborate on your concern at daznsocialreviews@dazn.com from your DAZN‑registered email ID, and your reviewer ID - only privately via email - it will help us investigate more effectively. We look forward to assisting you."
2026-02-24T08:28:31.802149,FuboTV,Google Play Store,2026-02-09T15:52:03,2.0,expensive,Jeff Campbell,,
2026-02-24T08:28:31.806217,FuboTV,Google Play Store,2026-02-09T15:26:12,5.0,excellent,Talha Meniz,2026-02-09T15:44:45,"Hello Talha, thanks for the awesome feedback. We're always working to elevate the experience, and it’s great to hear that it's hitting the mark. Stay tuned, there’s more to come!"
2026-02-24T08:28:31.874986,FuboTV,Google Play Store,2026-02-09T12:50:32,1.0,"the worst streaming expiriance, multiple layers of subscription to watch Glory Kickboxing. so glad they are canceled now.You can't manage your subscription etc.",Zoran Mesaros,2026-02-09T13:38:36,"Hi Zoran! That’s not the kind of experience we aim to deliver. Please email us at daznsocialreviews@dazn.com from your DAZN‑registered email ID and we will look into your case. If you could share device details, relevant screenshots, and this reviewer ID - only privately via email , it will help us investigate and assist you further."
2026-02-24T08:28:31.940377,FuboTV,Google Play Store,2026-02-09T09:02:45,1.0,this was a good streaming app at one time. Now they lock you in to plans costing up to 24.99 monthly and more. I will never re subscribe once my plan finishes in a YEAR!!!,Karen N,,
2026-02-24T08:28:32.073033,FuboTV,Google Play Store,2026-02-09T07:28:50,1.0,"You pay for the america broadcast but then it's constantly interrupted by some international ad service that you need to stop and start to get the real broadcast. Very annoying. Yeah probably much better off finding a ""direct stream"" 😉 to avoid that nonsense.",MrBlom00,2026-02-09T07:16:13,"We’ve recently updated how ads are managed on NFL Game Pass on DAZN. As part of this change, you may see fewer U.S. commercials and more locally managed DAZN ads. You’ll still get the full U.S. broadcast and commentary for all gameplay. We appreciate your feedback as we continue improving the experience for fans around the world."
2026-02-24T08:28:32.252756,FuboTV,Google Play Store,2026-02-09T06:49:48,1.0,because you refuse to let people cancel their account. it's criminal and you will lose me as a customer when it's done.,Dennis,2026-02-09T07:06:37,"Hello Dennis, We are here to help you and would like to review your case. Please contact us at daznsocialreviews@dazn.com from your email address registered with DAZN, details about your concern and this reviewer ID privately via email. This will help us verify your situation and assist you further."
2026-02-24T08:28:32.388182,FuboTV,Google Play Store,2026-02-09T04:46:12,2.0,stream stuttered nonstop during the superbowl,Thomas Henley,2026-02-09T05:02:01,"Hi Thomas, for immediate support, you can reach out to us via chat at https://bit.ly/3Ms9OEe - our team will be happy to assist you."
2026-02-24T08:28:32.397622,FuboTV,Google Play Store,2026-02-09T04:34:01,1.0,what a piece of garbage. I pay for something to watch the superbowl and it logs out every 5 min.,Jeff Troy,2026-02-09T05:00:48,"Hi Jeff, for immediate support, you can reach out to us via chat at https://bit.ly/3Ms9OEe - our team will be happy to assist you."
2026-02-24T08:28:32.401282,FuboTV,Google Play Store,2026-02-09T04:18:59,1.0,rip off,G,,
2026-02-24T08:28:32.404064,FuboTV,Google Play Store,2026-02-09T03:32:42,1.0,unusable. live stream never starts,Krisztian Czako,2026-02-09T04:04:46,"Hi Krisztian, for immediate support, you can reach out to us via chat at https://bit.ly/3Ms9OEe - our team will be happy to assist you."
2026-02-24T08:28:32.580690,FuboTV,Google Play Store,2026-02-09T03:15:11,1.0,"app works fine. however the programs you watch are showing ads. I feel as though if I'm paying for a subscription I shouldn't be getting any ads. just give me a count down for when the game will return..........switching it to a 1 star as I tried to cancel my subscription...only to find out my ""monthly"" subscription is a yearly one and cancelation came at a additional charge.......not what I signed up for....will absolutely not be returning or recommend to friends.",Peter Wilson,,
2026-02-24T08:28:32.598259,FuboTV,Google Play Store,2026-02-09T00:02:15,5.0,Good app,Vuk Antic,2026-02-09T05:05:05,Hi! Thank you so much for the 5-star rating! Keep choosing DAZN!
2026-02-24T08:28:32.637038,FuboTV,Google Play Store,2026-02-08T19:04:08,5.0,"I like this platform, unfortunately, only the language barrier.",Johnny “Menhlu” Fayia,,
2026-02-24T08:28:32.642450,FuboTV,Google Play Store,2026-02-08T16:19:29,1.0,no sports in english,The Jer,,
2026-02-24T08:28:32.663614,FuboTV,Google Play Store,2026-02-08T05:25:07,3.0,app was working fine till about a month ago...now when i open the DAZN App it says emulator detected and the app shuts down...im using a Chromebook and i dont know what changed there is no Emulator on my Chromebook,Rick Montoya,2026-02-08T10:33:00,"Hi Rick, We're here to help you. Please email us at daznsocialreviews@dazn.com from your DAZN‑registered email ID and we will look into your case. If you could share device details, ChromeOS version, relevant screen recordings (if possible), and this reviewer ID - only privately via email, it will help us investigate and assist you further."
2026-02-24T08:28:32.669858,FuboTV,Google Play Store,2026-02-08T04:15:38,1.0,"Purchased a plan so I could watch the Guinness 6 Nations rugby, only to find on game day Dazn had dropped the tournament Very unhappy as I checked the DAZN site before purchasing, and they clearly showed they would stream all the games I do not recommend",Rick Marshall,2026-02-08T10:27:38,"Hi Rick, thanks for your feedback. Content availability can vary, and we’d like to look into this for you. Please contact us privately at daznsocialreviews@dazn.com using your DAZN-registered email ID, and include this reviewer ID. Our dedicated team will be happy to assist."
2026-02-24T08:28:32.673567,FuboTV,Google Play Store,2026-02-08T01:39:52,1.0,gambling advert popups during streams you have to manual keep closing - so annoying,Richard Cropper,,
2026-02-24T08:28:32.798787,FuboTV,Google Play Store,2026-02-08T00:51:39,5.0,great place to see sports,Charlesworth Sheppard,2026-02-08T01:02:31,Hello Charlesworth! Thank you for your kind words and the 5-star rating! We appreciate you for having us on your roster.
2026-02-24T08:28:32.827927,FuboTV,Google Play Store,2026-02-08T00:48:10,1.0,very un happy. they mislead you. you can't pay what you watch they lock you in to at least haft a term. so we'll after season over thanks for taking half a year money from me. you lost my business and my friends as well. Dazn will only rip you off.,Gary Aubin,2026-02-08T01:00:41,"Hello Gary, we'd like to check your case. Please email us at daznsocialreviews@dazn.com from your DAZN-registered email address, details of your concern, and this reviewer ID – only privately via email. This will allow us to review your case and assist you further."
2026-02-24T08:28:32.856655,FuboTV,Google Play Store,2026-02-08T00:36:56,1.0,App wont open on my phone which means i can't use it to log in to the tv app. utterly appalling given the constant price hikes and all the lying that goes with them. And now i'm finally in it wont let watch the boxing tonight without taking out a new subscription despite the fact I have have paid up until 3/7/26 No way will I ever be subscribing again.,steve champion,2026-02-08T00:54:20,"Hi Steve! We’re here to help and would love to take a closer look. Please send us your DAZN-registered email ID at daznsocialreviews@dazn.com, along with any relevant screenshots and this reviewer ID - only privately via email. Our dedicated team will assist you further."
2026-02-24T08:28:32.876078,FuboTV,Google Play Store,2026-02-07T22:26:53,5.0,undisputable ✌🏿❣️,Adediji quyum,2026-02-08T01:03:54,Hello! Thank you for your kind words and the 5-star rating! We appreciate you for having us on your roster.
2026-02-24T08:28:32.890586,FuboTV,Google Play Store,2026-02-07T21:08:02,1.0,expensive AND commercials? can't even say how disappointed I am in what this service has become,Niclas Schwarz,,
2026-02-24T08:28:32.960726,FuboTV,Google Play Store,2026-02-07T20:30:17,1.0,DAZN are definitely scammy! Do not get suckered in by them. I subscribed to this app on a monthly basis to try it out and they signed me up for an annual subscription in the hidden contract details! AND they have made it almost impossible to unsubscribe with ridiculous extra obligations. I've heard stories of them still charging credit cards after people have unsubscribed through their TV platforms,Andre du Toit,2026-02-08T00:12:44,"Hello Andre, we'd like to check your case. Please email us at daznsocialreviews@dazn.com from your DAZN-registered email address, with details of your concern and this reviewer ID, only privately via email. This will allow us to review your case and assist you further."
2026-02-24T08:28:32.995049,FuboTV,Google Play Store,2026-02-07T19:30:18,2.0,Good,Linet Mukabwa,,
2026-02-24T08:28:32.997606,FuboTV,Google Play Store,2026-02-07T19:21:11,1.0,"The load times for live sports are incredibly slow. I was able to cast to my TV once, but it never connected again. Extremely disappointed.",caustic,2026-02-07T21:29:29,"Hi! That’s not the kind of experience we aim to deliver. Please email us at daznsocialreviews@dazn.com from your DAZN‑registered email ID, and we will look into your case. If you could share device details, relevant screenshots/screen recordings, and this reviewer ID - only privately via email - it will help us investigate and assist you further."
2026-02-24T08:28:33.000516,FuboTV,Google Play Store,2026-02-07T18:50:37,1.0,don't subscribe guys. i paid but they just do whatever they want and restrict due to country restriction. then what am i paying for? great scamming experience. there's so much sports steaming platform guys go pay for what's worth it,TheZimDin (HZK),2026-02-07T21:26:16,"Hello! We want to make things right for you. Please email us at daznsocialreviews@dazn.com from your DAZN registered email address, details of your concern, and this reviewer ID – only privately via email. This will allow us to review your case and assist you further."
2026-02-24T08:28:33.987062,FuboTV,Apple App Store,2026-02-22T12:53:34-07:00,4.0,"The only thing that would make FUBO better is if you had NBC, but I’m still very Satisfied!",Btgree n,,
2026-02-24T08:28:33.998371,FuboTV,Apple App Store,2026-02-22T12:48:28-07:00,1.0,Need subscription to watch,nicknasty47,,
2026-02-24T08:28:34.002634,FuboTV,Apple App Store,2026-02-22T07:54:14-07:00,2.0,They charged my dad ten dollars even when I deleted the app,Tv fubo,,
2026-02-24T08:28:34.008779,FuboTV,Apple App Store,2026-02-21T17:07:57-07:00,1.0,Pay all this money to watch Gonzaga basketball and is blacked out this is bs    Pay no more,❤️😆🥰,,
2026-02-24T08:28:34.012633,FuboTV,Apple App Store,2026-02-18T09:09:30-07:00,5.0,A lot,some random dude50000,,
2026-02-24T08:28:34.020966,FuboTV,Apple App Store,2026-02-16T15:04:20-07:00,1.0,They still kept charging my card after I canceled within the free trial,Carlieborgert,,
2026-02-24T08:28:34.027518,FuboTV,Apple App Store,2026-02-16T09:15:54-07:00,2.0,"No NBC, no Turner network, I got this for sports. No NBC during Olympic year? Then the price paid is outrageous even without ANY Olympic coverage?!?!? And no sports from Turner sports? TNT/TBS etc? Too expensive, not all sport channels, and NOW NO OLYMPICS!? Don’t waste your money!!",Nolies eva,,
2026-02-24T08:28:34.034136,FuboTV,Apple App Store,2026-02-15T15:01:49-07:00,1.0,This streaming service is ridiculous! It constantly buffers .. can’t even watch local sports… was watching the Daytona 500 and it’s 25 laps behind.. the race is over I have pics and videos to prove this! If I could get a refund for the last 3 months I would get a total refund!!!,Joshm1138,,
2026-02-24T08:28:34.042265,FuboTV,Apple App Store,2026-02-15T07:41:40-07:00,1.0,Advertises showing live ICC world cup t20 and theres not a single channel or stream. This is fake and scam app!,Abm bakar,,
2026-02-24T08:28:34.049638,FuboTV,Apple App Store,2026-02-15T06:12:25-07:00,1.0,Transaction denied with any card,Andkipolaski,,
2026-02-24T08:28:34.056636,FuboTV,Apple App Store,2026-02-14T21:08:07-07:00,5.0,I Really Enjoy Fubo !!,Brentavian L. SMITH,,
2026-02-24T08:28:34.061146,FuboTV,Apple App Store,2026-02-14T20:27:40-07:00,2.0,"Even though I cancelled my account, it still had all of my information saved such as payment/ area code. This is unnecessary and unsafe. Took extra time to delete this data from the system.",Mdawg 234,,
2026-02-24T08:28:34.065529,FuboTV,Apple App Store,2026-02-14T07:42:16-07:00,5.0,Love it,Lb1leema,,
2026-02-24T08:28:34.072294,FuboTV,Apple App Store,2026-02-13T20:53:52-07:00,1.0,"Before I started my free trial I should have taken a look at the reviews, as soon as I subscribed I clicked on tonight’s show and it gave an error, tried to download its app on my Sony Tv and even its app wouldn’t download. Immediately I unsubscribe, I hope they don’t charge me anyway .",ConnorA50*,,
2026-02-24T08:28:34.077285,FuboTV,Apple App Store,2026-02-11T19:52:18-07:00,1.0,Impossible to watch recorded programs. Stops and jumps to different places. Even with 200mbps network.,CortoMaltese69,,
2026-02-24T08:28:34.081274,FuboTV,Apple App Store,2026-02-11T11:07:42-07:00,4.0,"Deberían controlar un poco el final de las transmisiones. Qué quiero decir con esto?; que cuando un encuentro se va al tiempo suplementario, prórroga o penales, si te sales del partido, para volverlo a encontrar es realmente difícil. Ojalá y leyeran mi comentario y mejoren ese aspecto, solo por eso no le doy las 5 estrellas",JEAP 96,,
2026-02-24T08:28:34.086198,FuboTV,Apple App Store,2026-02-10T06:01:47-07:00,1.0,"I use fuboTV primarily on my Apple TV. Sometime ago Fubo  got the brilliant idea to insert ads whenever a program is paused. That’s fine, but they forgot to embrace the screensaver utility and consequently the automatic power off features built into the Apple TV.  So when a program is paused the static ad that is displayed will screen burn your television - as it did mine.  This isn’t a complaint about inserting ads. It’s about doing so in an inconsiderate manner. It’s been many months if not a year and this has not been corrected. With one TV destroyed I was ready to cancel this spendy subscription and then fubo lost the Super Bowl and the Olympics by way of losing their relationship with NBC. So much for their commitment to sports. Good riddance.",googull,,
2026-02-24T08:28:34.093255,FuboTV,Apple App Store,2026-02-09T14:02:59-07:00,1.0,I thought I would be able to watch Harry Potter my brother was able tried so many times I even asked my dad,Bible is prefect,,
2026-02-24T08:28:34.104146,FuboTV,Apple App Store,2026-02-08T17:40:15-07:00,1.0,The worst,AngelHasPowers,,
2026-02-24T08:28:34.112870,FuboTV,Apple App Store,2026-02-08T08:59:24-07:00,5.0,Excellent!,Lilmunchy,,
2026-02-24T08:28:34.121307,FuboTV,Apple App Store,2026-02-07T15:17:57-07:00,4.0,"Would like to be able to watch the Olympics, so end the fight with NbC please.",Duuuhhhhh99999,,
2026-02-24T08:28:34.128245,FuboTV,Apple App Store,2026-02-05T17:17:53-07:00,1.0,I’ve reached my limit of seeing this error .  Changed password so who else is using it besides my tv?,Mark in SLC,,
2026-02-24T08:28:34.134105,FuboTV,Apple App Store,2026-02-03T14:46:55-07:00,5.0,5*,Largefather62,,
2026-02-24T08:28:34.142121,FuboTV,Apple App Store,2026-02-01T20:14:08-07:00,1.0,It´s been too long and we have not had updates reg. NBC… unfair!,roroji,,
2026-02-24T08:28:34.150319,FuboTV,Apple App Store,2026-01-31T06:10:22-07:00,1.0,Very tricky to cancel and will charge you anyways and not provide refund,Fukfubo43v3r,,
2026-02-24T08:28:34.163839,FuboTV,Apple App Store,2026-01-30T11:51:44-07:00,3.0,"It has been frustrating when the same ad repeats 2-3 times on a row. Also, at times I select a show to watch and some random show plays.",dawnspann,,
2026-02-24T08:28:34.194069,FuboTV,Apple App Store,2026-01-30T04:48:12-07:00,5.0,I like to Watch spongebob and South park with my pet dog tilly  I. need to go grocery shopping,fortnite dih toucha,,
2026-02-24T08:28:34.218012,FuboTV,Apple App Store,2026-01-29T19:30:47-07:00,1.0,Live tv isn’t pulling up my local channels. VPN is off and iPhone private relay is off too.,vm1023,,
2026-02-24T08:28:34.235585,FuboTV,Apple App Store,2026-01-28T17:41:21-07:00,5.0,Great coverage!,APR33080,,
2026-02-24T08:28:34.262498,FuboTV,Apple App Store,2026-01-28T15:46:00-07:00,5.0,"Fubo is basically the Netflix of live sports. Easy to use, tons of channels, and super reliable during big games. Love how everything’s in one place.  Honestly impressed. The app runs smoother than before, the sports coverage is great, and switching between live channels feels instant. Definitely one of the best ways to watch games right now.",buggy98765,,
2026-02-24T08:28:34.270683,FuboTV,Apple App Store,2026-01-27T21:52:33-07:00,1.0,Cannot get into the app.. won’t open. Wanting to watch Australian Open finals but am losing time,Worthless applic,,
2026-02-24T08:28:34.285629,FuboTV,Apple App Store,2026-01-27T14:05:17-07:00,1.0,"Pagas para ver la liga y después hay algunos partidos que si te deja ver y otros que luego te dicen que pagues un paquete premien mucho más caro, y en un principio lo deje pasar, ya que no pude ver el partido que es por lo único que tengo la aplicación, porque lo demás es basuras de programas y luego en otro partido me pasó lo mismo 🤬 así que mejor cancele la subcripcion.",😡🤬😡🤬😤😤😤😤😡😡🤬🤬🤬,,
2026-02-24T08:28:34.300608,FuboTV,Apple App Store,2026-01-27T05:55:41-07:00,1.0,I signed up for a free trial it wouldn’t even work on my tv or my phone. A rip off. Would not recommend.,No one land,,
2026-02-24T08:28:34.312175,FuboTV,Apple App Store,2026-01-25T15:27:36-07:00,1.0,Can’t get channels stuck on a loop can’t down load,Photoeyes,,
2026-02-24T08:28:34.319235,FuboTV,Apple App Store,2026-01-25T13:15:28-07:00,3.0,"I appreciate the selection and availability this has for sports. But no matter where or how I watch it, there is too much buffering issues. I can’t watch a game without the quality breaking, stream stopping, stream skipping back several seconds. Not sure why this happens when we are paying >$60 for a streaming service",Danyahulud,,
2026-02-24T08:28:34.328339,FuboTV,Apple App Store,2026-01-25T13:07:24-07:00,5.0,I’m very impressed. Might switch from YouTubeTv,I give up. you give me one,,
2026-02-24T08:28:34.335584,FuboTV,Apple App Store,2026-01-25T12:21:12-07:00,5.0,I  recorded la liga games all the time,Newwally,,
2026-02-24T08:28:34.341912,FuboTV,Apple App Store,2026-01-25T11:59:10-07:00,1.0,Add-on fees! Time wasting customer service,pbpbp!,,
2026-02-24T08:28:34.394978,FuboTV,Apple App Store,2026-01-25T10:21:07-07:00,2.0,Should offer day pass like sling tv it,jg454,,
2026-02-24T08:28:34.428748,FuboTV,Apple App Store,2026-01-25T09:15:16-07:00,3.0,Streaming is regularly interrupted this occurs approximately every 10 mins,DOUGITUNE,,
2026-02-24T08:28:34.510422,FuboTV,Apple App Store,2026-01-24T21:25:24-07:00,1.0,Watching Alcaraz vs Paul and they suddenly switch to another game for no reason. Why?,pm.thanh,,
2026-02-24T08:28:34.543407,FuboTV,Apple App Store,2026-01-24T07:29:40-07:00,1.0,Fubo is freezing every 5 minutes. Have to exit the channel and reload it. They better fix this before the playoffs tomorrow or I’ll probably get rid of fubo. Also get nbc back on. Now I have to get another app to watch games. If they don’t fix this I’m getting rid of fubo,ttyttttttyttttttttt,,
2026-02-24T08:28:34.612583,FuboTV,Apple App Store,2026-01-23T08:30:19-07:00,1.0,I started a free trial in November canceled. It was not charged in December but charge this month. My trial was supposed to be canceled and they are charging me now all of a sudden don’t do it. Don’t download it.,123399229292922929299,,
2026-02-24T08:28:34.625354,FuboTV,Apple App Store,2026-01-23T06:14:57-07:00,1.0,Used Fubo for a long time. I actually think it’s a decent service but they lost their deal with USA network and premier league was the main reason I used Fubo. When I went to cancel my subscription they gave me a promo for $60 off if I’d keep my account I accepted but was charged the full amount and when trying to contact customer service to have it reconciled they won’t respond. Just be aware that this company doesn’t seem to follow through and you aren’t guaranteed the service you do pay for.,TMLegendre,,
2026-02-24T08:28:34.636270,FuboTV,Apple App Store,2026-01-22T04:31:10-07:00,3.0,When it crashes it is difficult to restart.,Mom_84,,
2026-02-24T08:28:34.652284,FuboTV,Apple App Store,2026-01-21T15:11:18-07:00,5.0,good selectjon,030394,,
2026-02-24T08:28:34.717364,FuboTV,Apple App Store,2026-01-21T14:58:09-07:00,4.0,MSNBC and some sports channels have disappeared. Where is my discount you promised to issue?,tru3north,,
2026-02-24T08:28:34.865183,FuboTV,Apple App Store,2026-01-21T14:38:40-07:00,5.0,Have tried several streaming services! FUBO is the best by far !!,BayouBankerBXS,,
2026-02-24T08:28:34.890122,FuboTV,Apple App Store,2026-01-21T13:16:43-07:00,2.0,I plan on switching in February if you cannot get NBC programming back.  Missed a NFL playoff game already ...  😡,Ralph Sheheen,,
2026-02-24T08:28:34.916325,FuboTV,Apple App Store,2026-01-21T12:13:28-07:00,1.0,"I was offered a month free trial, they charged me after a week, do not fall for their scam advertisement!!!",Blossoon,,
2026-02-24T08:28:34.934822,FuboTV,Apple App Store,2026-01-21T05:40:39-07:00,3.0,Review,Slay##,,
2026-02-24T08:28:34.949334,FuboTV,Apple App Store,2026-01-20T17:47:22-07:00,5.0,Great option for sports and tv channels for a great price compared to cable companies,DelMar806,,
2026-02-24T08:28:34.957345,FuboTV,Apple App Store,2026-01-19T21:57:59-07:00,1.0,I’m trying to watch a movie on my computer monitor and Fubo won’t let me play it while having an external monitor attached. Insane and restrictive.,Zxcasdfmike,,
2026-02-24T08:28:34.961588,FuboTV,Apple App Store,2026-01-19T16:14:24-07:00,5.0,DVR and interface is excellent. The app is excellent. He’s this a lot for football.,Andysreview19,,
2026-02-24T08:28:34.969935,FuboTV,Apple App Store,2026-01-19T13:11:09-07:00,5.0,These are the channels that we enjoy watching,Moo R,,
2026-02-24T08:28:35.118038,FuboTV,Apple App Store,2026-01-18T18:24:38-07:00,1.0,I want to watch the NFL game…,Gdhour,,
2026-02-24T08:28:35.124699,FuboTV,Apple App Store,2026-01-18T17:37:59-07:00,1.0,"I am spending a ridiculous amount of money per month for this service so that I can watch sports and Fubo got in a fight with NBC so NBC has pulled all of their content from Fubo. This is ridiculous. I’m getting charged for something I can no longer use. I can no longer watch any NBC content, including football games and the Olympics. Fubo you need to get this fixed immediately!",ExtremelyUnimpressed,,
2026-02-24T08:28:35.152194,FuboTV,Apple App Store,2026-01-18T16:22:02-07:00,1.0,You are not able to get a deal done with NBC and I have to spend more for their app. Your response is to lower the bill a little. I still have to spend more because I have to have multiple apps. I hope you fail. Your response was terrible and others will not renew contracts. You will keep prices high and your company will go under.,No cares?,,
2026-02-24T08:28:35.166194,FuboTV,Apple App Store,2026-01-18T12:55:18-07:00,1.0,No pasa todos los partidos,No pasan todos los partidos,,
2026-02-24T08:28:35.177168,FuboTV,Apple App Store,2026-01-18T11:56:32-07:00,2.0,"The frequency of having to restart or reinstall the app to watch shows is very frustrating. If you reach out to customer service, we used the chat feature, they give you the script from the FAQs and then say they can’t help anymore.",TravisNTexas,,
2026-02-24T08:28:35.201904,FuboTV,Apple App Store,2026-01-18T11:08:21-07:00,4.0,It’s always about first glance when opening an app yeah? The first glance or opening page of Fubo is functionally adequate it categorization is not immediately  identifiable,afterclassmusic,,
2026-02-24T08:28:35.216387,FuboTV,Apple App Store,2026-01-17T20:35:22-07:00,1.0,They make it extremely difficult to cancel or view your membership and is insanely over priced. I’m gonna keep making fake emails to use your app lol. 1 star.,btibbs,,
2026-02-24T08:28:35.274007,FuboTV,Apple App Store,2026-01-17T20:08:58-07:00,1.0,What do you mean I got to wait until the 49ers finish playing to watch the soccer game and why does it say 11.00 pm when the game started at 10.30 fubo got to fix this because it really piss me off😡,Soccerlove29474,,
2026-02-24T08:28:35.286516,FuboTV,Apple App Store,2026-01-17T16:50:18-07:00,5.0,great,grandcamp,,
2026-02-24T08:28:35.302052,FuboTV,Apple App Store,2026-01-17T15:56:12-07:00,1.0,"I purchased a FUBO subscription to watch channels that NBC Universal provided and also worked with ESPN, and haven’t been able to watch because of negotiations. Will be cancelling after football season is over and won’t look back until negotiations are completed and those channels are restored. Will update to 5 if channels are restored.",Review FUBO,,
2026-02-24T08:28:35.332999,FuboTV,Apple App Store,2026-01-17T15:44:21-07:00,1.0,"The only reason I downloaded Fubo was because YouTube TV was locked out in the middle of the season. Fubo is by far the most mediocre and overpriced streaming app I’ve ever used. On top of that, their cancellation process is unnecessarily difficult. I was charged for multiple months without using the service, despite making several attempts to cancel. After explaining this, I was still denied a refund. That’s unacceptable. I will never use Fubo again this company is terrible.",Thunder109,,
2026-02-24T08:28:35.337013,FuboTV,Apple App Store,2026-01-17T14:24:36-07:00,5.0,When the other providers were fighting we decided to go another route. Fubo has been a very good option for our sports minded family.,Nana England,,
2026-02-24T08:28:35.345789,FuboTV,Apple App Store,2026-01-17T09:35:38-07:00,1.0,This app is a scam and has been charging my card even AFTER I canceled the subscription. This is insane do not download to watch games. If I can rate a 0 star I would.,Saint Lucia Racer,,
2026-02-24T08:28:35.550918,FuboTV,Apple App Store,2026-01-17T08:34:48-07:00,2.0,"I subscribed to FUBO because it includes ESPN. Except, to actually get ESPN you have to set up a separate ESPN account. And you can’t set up an ESPN account unless you first set up a Disney account. So the “included” channels are actually not included unless I spend an hour on this absolutely Byzantine bureaucratic nightmare of account management first. Guys, this is ABSOLUTELY crazy. You have got to be kidding me with this.",Slippery Pete,,
2026-02-24T08:28:35.562012,FuboTV,Apple App Store,2026-01-15T16:50:58-07:00,1.0,"Bought this with the local channels package and then Fubo decided they couldn't agree with NBC/Peacock so they screwed all of us out of the channel. NBC SUCKS AS WELL, because Mediacom has had the same issue with them several times over the past ten years. Either way, this app sucks for saying they could to it and then taking it away and charging me the same price",doesntlikecheaters,,
2026-02-24T08:28:35.570182,FuboTV,Apple App Store,2026-01-15T16:38:41-07:00,5.0,Fubo has the best sports coverage.  Highly recommend!,Pinnick2,,
2026-02-24T08:28:35.574145,FuboTV,Apple App Store,2026-01-15T12:17:05-07:00,5.0,"I started a free trial to watch a football game then forgot about my subscription. When i was charged after the trial, I immediately unsubscribed and they gave me the option to get a refund. Not every company does this so Im giving them 5 stars.",Spencer cr,,
2026-02-24T08:28:35.581932,FuboTV,Apple App Store,2026-01-14T07:44:31-07:00,5.0,I can watch sports & my wife can watch game shows,crjmjh,,
2026-02-24T08:28:35.587278,FuboTV,Apple App Store,2026-01-13T10:05:59-07:00,5.0,"While the package I selected did not have Everything I had in my Comcast cable package,I decided to try it for a month or two. What I learned was that I really have lots of options on Fubo that are great & I shouldn’t be so dependent on any single channel. So I am excited to be spending so much less. Next step will be to just get rid of it all if these prices go up like cable did. Fubo has been great & even offered an unsolicited monthly credit while they negotiate a local station. I highly recommend giving FUBO & streaming TV a try if you are still with Comcast/Xfinity.",rmsrobogal,,
2026-02-24T08:28:35.590575,FuboTV,Apple App Store,2026-01-12T21:23:04-07:00,3.0,"Come on, Fubo. Time to add multiview to the iPad app. YouTube has it for Sunday Ticket so it’s possible. While Fubo multiview is generally the best MV setup, a few provides are catching up. The addition of multiview to the iPad apps would be spcial.",Gator5000e,,
2026-02-24T08:28:35.595221,FuboTV,Apple App Store,2026-01-12T15:49:51-07:00,1.0,It’s ridiculous how many channels have been taken off Fubo the last few years. Always the same reason. They couldn’t make a deal work. Nothing new has been added whatsoever to make up for the lost channels. You try customer service and they just don’t care. This was once a great value but now they’re just a ripoff. We made the switch and do glad we did.,Steve lauter,,
2026-02-24T08:28:35.600781,FuboTV,Apple App Store,2026-01-12T00:19:58-07:00,5.0,I like news & sports,husnesh,,
2026-02-24T08:28:35.609341,FuboTV,Apple App Store,2026-01-11T20:23:21-07:00,1.0,"Same offering as other competitors, but the app is horrible. Worst buffering of any live TV service I’ve ever used. FWD an BKW are also horrendous. It’s almost like it only holds 5s in the buffer either way.",jose_1090,,
2026-02-24T08:28:35.617253,FuboTV,Apple App Store,2026-01-11T16:36:38-07:00,4.0,FUBO does a nice job with NFL games. Rare to have streaming issues or blurry video.  The delay on the feed is annoying. Sometimes it is significant.,John N58,,
2026-02-24T08:28:35.620598,FuboTV,Apple App Store,2026-01-11T11:17:44-07:00,1.0,I tried this app for the first time. And it’s hot garbage. When I attempted to watch a game it buffered the whole time. The makers of this app should be embarrassed.,App is embarrassing,,
2026-02-24T08:28:35.624212,FuboTV,Apple App Store,2026-01-11T10:33:59-07:00,1.0,Absolute garbage app. I was going to sign up and did so then when I go to log in the only available page says “did not pick a subscription yet” and the only button to click is “sign out” so there was no option to start the subscription.,Don't use this thing,,
2026-02-24T08:28:35.634533,FuboTV,Apple App Store,2026-01-11T09:26:46-07:00,1.0,"Una total mentira lo que venden, no tienen absolutamente nada de futbol en vivo y muy pocos canales en general, un asco y motivo de demanda.",Acolmenarez7,,
2026-02-24T08:28:35.638769,FuboTV,Apple App Store,2026-01-10T23:11:16-07:00,1.0,This company is absolute garbage. They trap you in to subscriptions and are only relevant when another company or channel are having issues,DankageMemeage,,
2026-02-24T08:28:35.649273,FuboTV,Apple App Store,2026-01-10T16:34:45-07:00,3.0,"Overall good, minus losing channels like NBC. Value goes down. Biggest issue is horrible streaming on most popular (playoff) games. Causes me to watch Spanish versions English version won’t load because of popularity.",Johnny Colbert,,
2026-02-24T08:28:35.653766,FuboTV,Apple App Store,2026-01-10T13:32:48-07:00,5.0,Super easy to use at home and on mobile devices when traveling. Love all the sports channels.,unreasonable wait,,
2026-02-24T08:28:35.661661,FuboTV,Apple App Store,2026-01-10T12:58:34-07:00,1.0,Fubo has started showing full screen ads when I press the pause button. Basically turns your TV into a massive billboard in your living room. Trashy stuff when I’m already paying over $100 for the service.,PHVi,,
2026-02-24T08:28:35.667928,FuboTV,Apple App Store,2026-01-10T12:48:10-07:00,4.0,I enjoy the live TV like having regular cable.,Dddfjjvrrhvvvffty,,
2026-02-24T08:28:35.672824,FuboTV,Apple App Store,2026-01-10T08:58:16-07:00,1.0,Good luck finding your way to cancel this subscription. Horrible customer experience.,Fix your Deposits,,
2026-02-24T08:28:35.685283,FuboTV,Apple App Store,2026-01-08T11:31:34-07:00,2.0,Can't watch more than 20 bc of constant interruptions and refreshing. Very frustrating. It happens both on wifi and cell service.,AlyDRod,,
2026-02-24T08:28:35.695748,FuboTV,Apple App Store,2026-01-08T08:14:41-07:00,2.0,"I signed up for a one week free trial with the promise that I could cancel within that week, but I can’t find a way to cancel my subscription. It is not showing up along with my other subscriptions via general settings. There is no cancel subscription button in the app itself",Cougrr66,,
2026-02-24T08:28:35.707598,FuboTV,Apple App Store,2026-01-07T20:45:57-07:00,1.0,"You’re here because Xfinity is garbage, but you’re gonna struggle with FUBO too, unfortunately.   You have no control over your recording settings, you’ll often miss the beginning of shows and there’s no way  to adjust them.   You’ll have sports teams set to record and they simply won’t. Why? You’ll never know. The TV guide will also be wrong, good luck guessing when your recordings are on.   They also no longer carry NBC or any of its networks. Yes, that NBC. And the only News channel they carry is Fox News- no CNN. I’ll let you make your mind up on that.",Thaddius Fapper,,
2026-02-24T08:28:35.713407,FuboTV,Apple App Store,2026-01-07T19:56:32-07:00,1.0,"Fubo has to be the absolute worst application I have ever downloaded on my phone. Why is it so hard to rewind 15 seconds? (There’s even a button for it). I took a chance on Fubo when YouTubeTV couldn’t negotiate a contract with ESPN last fall, and boy do I regret it. I will be returning to YouTubeTV AS SOON AS HUMANLY POSSIBLE. My advice is to hire some coders that can make a functioning app with a player that actually works.",Revillot6,,
2026-02-24T08:28:35.719890,FuboTV,Apple App Store,2026-01-07T10:12:00-07:00,1.0,"I have written a review once already about how Fubo will just remove programming due to negotiations gone bad and they claim it’s to save us money. (Review was removed) Correct me if I’m wrong but there’s plenty of providers who are cheaper. So if I’m already paying more than the competition, you should have the common courtesy to ask us if we care about paying MORE for PRIMETIME football since we already are paying more than everyone else for sports. Corporate is filled morons no? Cancel is in order if SNF playoffs are not in the lineup. You care what we want so you won’t get our money",DroidBlows,,
2026-02-24T08:28:35.724576,FuboTV,Apple App Store,2026-01-06T19:14:45-07:00,1.0,I downloaded and signed up for Fubo’s free trial. It was not stated anywhere I could see how long the free trial would last. I assumed at MINIMUM it would be three days. It was only 24 hours and my card was charged almost $70! I canceled asap and since I have it for the full month now have been trying to watch shows. There are regular glitches on the commercial breaks and when they are not freezing and glitched are sooooo long and repetitive. The channel selection is mid. Don’t waste your money!,XIAshsjcidje,,
2026-02-24T08:28:35.729414,FuboTV,Apple App Store,2026-01-06T12:27:36-07:00,3.0,"I’ve used Fubo for years to watch NFL and NBA games.  I don’t care about ANY other part of what they offer.  I still have to pay for all the other channels and an add on for RedZone.  That’s standard with all of these streaming services.  I was disappointed that they lost NBC partway through the NFL season, but blame NBC more than Fubo.  They gave me $15 off of a month, which doesn’t seem like enough since I’m paying $97.97 a month and had to scramble to watch Sunday Night Football.  My main issue is that when I went to cancel their service they offered me $60 off my next month if I stayed.  I accepted.  Was billed full price.  I asked customer service about it and they promptly refunded me all of my money and cancelled my service.  Not what I asked for or wanted, but I’m fine with it at this point.    Their product is reliable, their price is high, and their offering could change without much notice.",555abc555z,,
2026-02-24T08:28:35.734434,FuboTV,Apple App Store,2026-01-06T08:19:20-07:00,5.0,Needs NBC and Warner networks,DDG2023,,
2026-02-24T08:28:35.743699,FuboTV,Apple App Store,2026-01-05T17:45:42-07:00,5.0,Great channel.  We love Fubo,Bobigirl12,,
2026-02-24T08:28:35.752218,FuboTV,Apple App Store,2026-01-05T13:40:48-07:00,4.0,Fubo gives me good sorts and great old tv shows,Namaste11954,,
2026-02-24T08:28:35.761971,FuboTV,Apple App Store,2026-01-04T13:33:02-07:00,1.0,"I tried giving Fubo a second chance but it’s just given more of the same problems. Terrible resolution, every game I watch looks like I’m playing it on a gameboy color. If it plays at all. Fubo is always facing an “unexpected error” and will crash without fail. So we get 20 minutes of a pixelated game and then the app crashes. In addition to them changes their prices and packages seemingly randomly its absolutely not worth it",Lpw12,,
2026-02-24T08:28:35.767541,FuboTV,Apple App Store,2026-01-03T20:09:26-07:00,5.0,Great package,369ttt,,
